row,petroR50_r,modelMag_r
112,,
113,,
114,3.718125,16.05264
115,3.718125,16.05264
121,,
125,,
126,,
130,,
131,14.33643,13.751
133,,
134,7.024683,13.3722
136,,
137,,
138,,
139,,
141,,
142,,
143,,
144,,
145,,
146,,
149,3.732328,17.61801
150,3.732328,17.61801
151,3.732328,17.61801
152,,
153,,
154,,
155,,
158,,
159,,
161,,
162,,
163,,
167,4.933112,13.30244
168,,
169,0.5395031,22.84009
170,,
171,,
174,,
175,,
176,,
177,,
178,,
179,,
180,,
182,,
183,5.162021,16.0336
184,0.5696406,21.89405
185,,
186,4.236077,14.64548
188,0.6906102,23.63449
189,0.8355995,23.26383
190,0.8355995,23.26383
191,3.810912,14.1584
192,3.810912,14.1584
193,,
194,,
195,,
196,,
197,,
198,,
201,,
202,,
203,7.05233,13.68193
204,0.8272143,22.3129
205,,
206,,
207,,
208,0.7806183,20.46712
209,-9999.0,17.718
210,,
211,,
212,,
213,,
215,4.559956,14.73431
219,,
220,6.514489,13.45179
221,6.514489,13.45179
222,,
223,8.725629,14.42105
224,,
225,8.964721,13.73746
226,,
227,,
228,,
229,,
230,,
231,0.7222631,20.11692
232,0.7222631,20.11692
233,,
234,,
235,,
236,,
239,13.40198,16.331
240,,
241,5.713065,13.78287
242,5.713065,13.78287
248,8.87438,19.47922
249,,
250,1.495818,17.95075
251,,
252,,
253,,
254,,
256,,
257,,
258,,
259,,
260,,
261,,
262,,
263,,
264,,
265,,
267,,
268,,
269,4.0713,13.72326
270,4.0713,13.72326
271,4.0713,13.72326
272,4.0713,13.72326
273,1.378223,20.41542
276,0.7304405,22.07546
277,0.7304405,22.07546
278,0.7304405,22.07546
279,6.156412,14.95249
280,,
281,,
283,,
284,,
285,15.73023,13.1935
286,15.73023,13.1935
287,,
289,13.6563,14.41812
290,,
291,,
292,5.297633,16.98921
293,5.297633,16.98921
294,0.6976923,21.30585
295,0.6976923,21.30585
296,0.6976923,21.30585
297,,
298,0.6669056,22.7326
299,-9999.0,24.61754
300,4.756226,15.45297
304,10.27962,13.02376
305,,
306,,
307,0.7291368,20.27657
308,2.787623,20.35509
309,3.606745,13.86569
310,,
311,,
312,,
314,0.7321236,20.58715
315,0.7321236,20.58715
316,,
317,0.6854016,21.93879
318,0.6854016,21.93879
319,,
320,,
321,1.296602,22.76572
322,,
323,1.79687,19.47721
324,8.8058,13.2028
326,,
328,,
329,,
331,,
332,,
334,,
335,,
336,10.18239,12.56147
337,10.18239,12.56147
338,0.4540772,24.08285
339,0.4540772,24.08285
340,0.4540772,24.08285
341,0.5211055,22.94554
342,0.5211055,22.94554
343,,
344,-9999.0,24.7177
345,,
346,3.68988,17.06076
347,3.68988,17.06076
348,6.005164,15.99004
349,,
350,,
351,,
352,5.430675,14.71085
353,,
355,0.9737713,21.34035
356,,
357,,
359,,
360,,
362,2.245121,20.91562
363,0.6644488,21.09268
364,0.6644488,21.09268
365,7.512748,16.8457
366,5.76901,14.14869
370,,
371,,
372,,
373,,
374,,
375,,
376,,
377,0.598142,21.46122
378,1.125782,23.28906
380,5.637442,15.55902
381,5.637442,15.55902
382,,
383,5.637442,15.55902
384,,
385,,
386,8.022589,14.10634
387,,
388,,
389,,
390,,
392,9.675393,13.55819
393,9.675393,13.55819
394,6.445462,13.38016
395,6.659553,15.19935
396,,
397,6.265721,13.78519
399,5.198585,16.67329
400,,
401,3.996759,15.66504
402,3.996759,15.66504
403,3.996759,15.66504
404,,
405,10.14101,13.43712
406,10.14101,13.43712
407,3.515596,14.65267
408,,
409,,
410,,
411,15.06994,14.77308
412,,
413,4.948168,15.73596
415,,
416,,
417,,
418,,
419,6.102648,14.46414
420,1.245593,17.84151
421,,
422,,
423,,
424,,
425,8.65617,13.38163
426,,
427,,
428,,
429,,
431,,
432,,
433,,
434,,
435,,
436,,
437,,
439,,
440,,
441,,
442,,
443,,
444,2.640662,14.64166
445,3.924358,25.61123
446,,
447,3.196913,17.9127
449,,
450,8.22944,13.31647
451,,
452,,
453,,
454,,
455,,
456,6.770213,14.31257
457,5.801387,13.18607
459,54.8158,24.04543
460,,
464,0.868854,22.27941
466,2.443507,18.58767
467,4.201937,17.38021
468,,
469,,
470,,
471,,
473,,
474,3.37489,18.07432
475,,
477,3.127317,14.67234
478,3.723075,15.88428
479,,
480,,
482,,
483,17.69461,11.93247
484,17.69461,11.93247
485,,
488,,
489,,
490,4.68981,14.64131
491,,
492,,
493,,
494,1.816926,21.1727
495,1.816926,21.1727
496,1.816926,21.1727
497,,
498,,
500,5.331367,17.68253
501,2.04859,19.9889
502,,
503,,
504,,
507,,
508,9.047592,15.14047
509,13.34388,16.9171
512,4.25462,14.89735
513,4.25462,14.89735
515,0.7412173,19.13899
516,0.7412173,19.13899
517,0.7412173,19.13899
519,4.536957,16.7078
520,,
521,,
522,,
523,,
525,,
526,,
527,,
530,,
531,,
532,,
533,,
534,,
535,,
536,,
537,,
539,,
540,,
541,7.78076,14.92025
542,,
543,,
544,2.723653,17.66225
546,,
547,,
548,,
549,,
550,6.082753,13.76997
551,,
552,,
553,,
554,0.7353342,22.97682
555,1.824623,16.44462
557,2.414491,15.18397
558,,
559,1.807672,15.6499
562,,
563,5.398914,13.95886
564,5.398914,13.95886
565,9.974651,13.99251
566,,
567,,
568,,
569,,
570,,
571,5.897695,13.68038
572,,
573,,
574,0.5550586,23.49747
575,0.5550586,23.49747
576,,
577,1.48911,21.63724
578,,
579,,
580,,
581,2.089566,19.18467
582,1.574651,17.37177
584,,
585,2.289849,18.43409
586,2.293678,16.10329
587,,
588,1.670636,17.25313
589,,
590,,
591,7.269934,14.91003
592,,
593,,
594,1.014022,21.09064
595,4.498316,17.88221
596,3.092798,19.5451
597,,
598,8.622734,14.4686
599,4.421534,14.19165
601,,
602,,
603,,
604,0.5022296,22.32575
605,0.5022296,22.32575
607,1.94184,17.7136
608,2.323865,19.37271
609,0.6671293,22.69363
610,0.6671293,22.69363
612,5.190865,15.94902
613,,
614,2.424696,18.21775
616,0.9692512,20.78828
617,2.640547,15.84211
618,4.126419,15.07624
619,,
620,,
621,,
622,4.264235,16.44112
623,2.025093,15.5745
624,5.376694,17.00448
625,0.8399194,20.47066
626,,
627,5.070486,15.70716
628,5.192502,16.53788
632,2.30002,16.59455
633,1.588969,24.12331
634,0.8469086,20.63796
635,2.37132,17.75294
636,,
637,0.4708102,22.74797
638,6.252959,15.21858
639,,
641,1.955196,16.14349
642,,
644,,
645,,
646,1.238781,20.40165
647,0.5060136,22.10174
648,0.8339202,22.79251
651,,
653,0.6925234,19.00639
654,3.740339,14.82843
659,2.632321,16.4594
660,,
661,,
664,0.6236123,22.69531
665,3.526747,15.20926
666,2.769396,17.3968
667,1.410548,17.40411
668,1.359903,17.592
669,0.876193,21.76833
670,1.734657,18.22404
671,4.749395,18.81864
672,9.248778,14.34559
673,9.248778,14.34559
674,1.935401,20.87879
675,,
676,,
677,,
678,,
679,,
680,,
681,0.9503897,17.81807
684,3.42589,19.03982
687,,
688,1.107278,20.035
689,2.806497,15.64153
690,3.119484,17.18675
691,1.096144,21.51976
693,4.387424,14.98552
694,0.7108365,21.96748
695,1.419755,17.1307
696,,
698,5.770971,15.24714
699,5.770971,15.24714
700,2.484799,16.83035
701,3.724946,15.98973
702,1.526724,17.26211
703,1.843177,20.89843
705,0.6237292,22.42929
707,1.905396,17.98814
708,2.199774,18.51052
709,,
711,3.272249,17.03444
713,5.145501,15.70992
714,0.6783403,21.25174
715,0.6783403,21.25174
716,,
717,2.145791,17.15417
718,2.753121,19.89614
720,1.533061,19.20676
721,0.695915,21.16599
722,0.695915,21.16599
723,1.975618,18.38319
724,,
725,0.8747889,21.65102
726,1.417293,19.68662
727,,
728,2.022617,17.71182
729,3.344439,17.10427
730,1.406338,18.4894
731,2.641942,16.42801
732,3.838137,16.89517
733,,
734,1.760486,19.57171
735,2.051812,17.75581
736,1.856523,17.74393
737,0.7530443,21.30115
738,2.686794,18.35207
739,1.306638,20.42667
740,1.850727,18.20131
741,3.426021,17.29646
742,2.410697,19.18743
743,2.099875,17.69829
745,0.4699275,22.24846
746,2.859126,16.70482
747,0.8999652,22.31273
748,1.7762,17.77558
749,2.91387,17.12231
750,0.89689,19.12006
751,,
752,2.270181,17.12676
753,2.815493,17.70131
754,1.277372,18.12099
755,1.517524,20.14853
756,0.8192442,20.81361
757,2.302387,16.88303
758,,
759,1.248412,20.38616
760,6.533086,17.71992
761,6.718115,19.68326
762,1.42113,17.55393
763,1.492436,17.398
764,0.7023044,21.40354
765,2.001454,18.32589
766,1.603932,19.74694
767,2.5177,19.03875
768,,
769,1.742404,17.89386
770,,
771,2.023535,18.61134
772,1.027056,20.84644
773,0.7832894,20.9645
774,2.462741,17.9929
775,0.5850493,21.57281
776,2.363997,18.67429
777,0.9070818,20.36322
778,1.959635,18.78974
779,2.049667,17.57391
780,1.623168,19.06737
781,0.7726939,20.56779
782,1.899237,18.54737
783,1.77069,16.96799
784,1.171412,18.29688
785,1.666438,18.17933
786,1.295916,17.63999
787,1.485294,17.24044
788,,
789,1.039199,18.76993
790,2.618645,18.88136
791,0.7600291,22.25863
792,1.940177,18.17932
793,1.949958,18.19942
794,2.277479,17.01552
795,1.064312,19.14308
796,1.090011,20.87671
797,0.734224,20.71815
798,,
799,0.7360876,21.78208
800,2.016877,18.57655
801,,
802,1.829571,17.58108
803,1.593637,18.20568
805,1.565385,20.37619
806,0.6267508,22.30295
807,1.89975,18.42619
808,1.332796,19.10749
809,1.648822,18.99708
810,1.683236,19.7043
811,1.474025,18.81889
812,2.331186,18.03093
813,1.605529,18.66766
814,1.227956,17.74139
815,1.249192,18.96744
818,1.762105,18.74736
819,0.5686607,22.2641
820,1.568019,18.51786
822,0.6852105,20.19294
823,1.537607,17.97431
824,1.428027,20.13161
825,1.612227,19.01834
826,1.596504,20.41292
827,1.194587,18.44389
828,0.7192101,20.34921
829,0.8936358,20.70287
830,2.091735,19.50982
831,1.547868,18.36892
832,2.637825,18.09585
833,1.106352,19.81307
834,1.381504,19.84253
835,0.9093099,20.25862
836,1.108888,19.35526
837,0.8303851,20.15831
838,1.645324,18.43118
839,1.292345,18.14067
840,0.6471354,22.00903
841,1.942877,17.85397
842,0.8526552,18.67208
844,1.451622,19.34574
845,1.537135,17.34133
846,1.844827,17.62025
847,1.012608,20.84702
848,0.9248928,22.01392
849,,
850,1.111106,17.95802
851,1.430245,20.04635
852,1.452213,17.60365
853,1.719673,17.78616
854,,
855,1.59156,17.20148
856,0.8348547,18.75998
857,0.8167339,20.98787
858,1.248477,19.88206
859,0.5991655,22.5832
860,2.656828,17.53917
861,0.9052291,20.19473
862,0.53338,22.16714
864,1.270329,19.58537
865,1.211491,18.17789
866,0.8891909,18.89391
867,0.95916,21.17617
868,1.606206,17.7109
869,3.523776,16.74775
870,,
871,1.083786,18.40556
872,0.8237883,21.28357
873,1.228683,18.42896
874,,
875,1.605598,19.47372
876,0.967951,19.42134
877,1.897451,19.30562
878,1.069159,18.72431
879,1.42065,19.64269
880,0.7403893,20.25945
881,1.721856,19.27712
882,0.9200321,19.8025
883,0.9176651,19.02876
885,1.073744,19.53009
887,1.543012,19.24438
888,0.7505032,18.57213
889,1.824444,17.69011
890,1.167535,19.5543
891,1.270585,18.54639
892,1.02338,21.04111
893,3.513618,17.3468
894,1.922321,18.17957
895,1.444915,18.97827
897,1.348822,19.02675
898,1.694901,19.22548
899,0.7363858,22.01329
900,0.6883541,21.93174
901,0.5160463,24.59791
903,1.44227,19.83797
904,0.7992706,19.12407
905,0.950511,20.72589
906,1.795766,18.90371
907,1.471889,20.4151
908,1.905943,19.02976
909,1.147702,20.24609
910,1.042907,20.47444
911,0.8372303,19.67074
912,1.462265,18.51366
913,1.50069,18.11475
914,2.15086,18.6827
915,,
916,1.060137,19.20322
917,,
919,1.845383,18.30494
920,1.363217,17.97279
922,,
923,2.125543,17.4744
924,1.690875,18.12942
925,1.238562,18.90931
926,1.389342,21.59379
927,1.417701,18.92091
928,1.648263,19.77326
930,2.127891,18.7991
931,,
932,1.32283,18.7337
933,1.876867,18.32963
934,1.450624,18.50191
935,1.268468,19.29476
936,1.592837,18.94094
937,2.002555,19.15494
939,2.422045,17.37719
940,1.983973,21.07465
941,0.9269018,21.43464
942,0.9764093,20.77074
943,-9999.0,22.49118
944,1.218909,21.7569
946,1.182119,18.90704
947,1.288638,18.02314
948,,
949,1.178647,20.6032
950,1.553712,18.2056
951,1.432346,18.38185
952,0.7797834,21.05327
953,1.759397,19.81757
954,,
955,1.129922,20.02842
956,0.5668039,20.16688
957,,
958,1.093258,21.33788
959,1.642635,19.94828
960,1.185876,19.07956
961,1.379747,19.84121
962,2.601008,17.62479
963,0.7310271,20.84012
965,2.151554,18.09416
967,0.8794509,19.53461
968,1.630984,18.58742
969,5.262066,24.86768
970,1.399181,21.53996
971,,
972,1.018167,18.48111
973,1.134962,19.87707
974,0.9512603,20.57121
975,2.104103,17.68661
976,1.659799,18.07696
977,,
979,0.9235715,19.44024
980,0.6510996,22.55215
981,0.9599622,19.81147
982,1.350462,19.44609
983,1.739593,18.55593
984,-9999.0,26.35308
987,1.589127,19.76847
988,1.25997,20.49996
990,0.7372389,22.64827
991,,
992,0.8460515,19.95724
993,0.7351076,22.00294
996,1.701469,18.5123
997,1.869651,19.67292
998,1.115717,20.4678
1000,1.140955,19.1244
1001,1.792005,17.9228
1002,1.113341,18.83682
1003,1.242277,20.44042
1004,0.7817054,19.83763
1005,,
1006,1.011539,19.29194
1007,1.059939,20.40772
1008,1.445976,19.35036
1010,1.867044,18.52571
1011,1.438074,18.19093
1012,1.337759,21.8567
1015,,
1016,2.731188,20.82033
1017,1.681965,20.15885
1018,0.8024059,21.48743
1019,0.5778902,22.42074
1020,1.033891,19.87678
1021,1.670515,19.19553
1022,1.684765,17.11098
1023,,
1024,,
1025,1.253626,21.31817
1026,1.706882,22.03243
1028,1.067316,19.48782
1029,0.9439302,19.80721
1030,,
1031,1.039479,20.10829
1032,1.329628,19.25373
1035,,
1036,0.7098707,21.86594
1037,1.148161,19.30799
1038,2.085477,22.01534
1039,2.06349,17.75089
1041,1.544389,20.64736
1042,1.179029,20.59708
1043,0.64988,22.38649
1044,0.8792854,18.93419
1045,0.982794,20.1926
1046,0.5637956,21.2449
1047,1.895143,18.09566
1048,0.634365,21.25593
1049,1.69859,19.12024
1050,0.8629029,20.41789
1051,1.996712,19.86811
1052,1.283017,19.61122
1054,0.7646673,22.15141
1055,2.960652,17.85401
1056,,
1057,1.637422,19.52448
1059,,
1060,1.454014,18.63737
1061,1.27219,19.34897
1062,,
1063,1.563354,18.46873
1064,0.7653666,20.12705
1065,1.082077,19.89153
1066,1.089946,19.56794
1067,1.207598,21.71249
1068,0.8680334,20.18767
1069,1.050563,20.36131
1070,1.946572,17.76452
1071,1.561762,19.25955
1072,1.188834,19.11846
1073,1.147704,19.15005
1074,1.123932,20.64064
1075,1.243653,19.34489
1076,1.6464,19.55973
1077,1.028104,19.39951
1078,,
1079,0.9115766,20.91628
1080,1.702594,18.37548
1081,3.100454,18.21751
1082,0.7517353,20.19703
1083,,
1084,,
1085,0.9093392,18.76352
1086,1.748237,19.25699
