# Humphrey, Buote, Gastaldello, Zappacosta, Bullock, Brighenti & Mathews 2006, ApJ 646, 899
# "A Chandra view of dark matter in early-type galaxies".  Transcribed this session from the arXiv:astro-ph/0601301
# LaTeX source (Tables "The galaxy sample", "Best-fitting NFW+stars results", "Stellar mass-to-light ratios").
# LK  : K-band luminosity, 1e11 Lsun (2MASS, corrected to the adopted distance)
# Re  : K-band effective radius, kpc.  D: distance, Mpc.
# Mvir, Rvir, c : best-fitting NFW+stars model (Mvir INCLUDES the stellar mass).  Mvir in 1e12 Msun, Rvir in kpc.
# ups_fit  : M*/L_K fitted jointly with the halo (NFW+stars)
# ups_krou, ups_salp : M*/L_K predicted by stellar population synthesis for a Kroupa / Salpeter IMF
name	type	LK_1e11	D_Mpc	Re_kpc	Mvir_1e12	Rvir_kpc	c	ups_fit	ups_krou	ups_salp
NGC720	E5	1.7	25.7	3.1	6.6	480	18.0	0.77	0.35	0.54
NGC1407	E0	3.1	26.8	4.4	16.0	650	18.0	0.52	1.10	1.60
NGC4125	E6	1.8	22.2	3.3	6.2	470	10.0	0.72	1.10	1.70
NGC4261	E2	2.2	29.3	3.4	67.0	1040	3.7	1.20	1.30	1.90
NGC4472	E2	3.2	15.1	4.0	33.0	820	13.0	0.51	0.83	1.30
NGC4649	E2	2.5	15.6	3.2	35.0	840	21.0	0.90	1.10	1.70
NGC6482	E	3.2	58.8	3.4	7.1	500	18.0	0.73	1.05	1.58
