z,Mstar,VC_kms,Reff_kpc,sigma0_kms
0.8498,1.2736e+10,129.02,4.302,53.29
0.8445,5.3092e+08,47.96,1.249,44.63
0.8454,4.1403e+09,109.20,2.129,21.52
1.0137,3.2287e+09,40.54,2.705,40.26
0.8378,5.3583e+09,171.93,0.928,36.57
0.8334,7.9622e+09,151.65,3.495,52.07
0.8422,4.2957e+09,90.57,2.615,32.16
0.8544,5.7152e+09,123.00,1.143,45.07
0.8502,2.0560e+09,89.89,5.042,34.40
0.8501,2.5884e+10,120.11,1.801,65.89
0.8376,1.0691e+10,173.78,4.604,38.44
0.8370,1.3093e+09,40.93,1.402,40.07
0.7834,1.1299e+09,65.95,3.201,45.51
0.8394,2.2544e+09,78.20,4.432,33.78
0.8357,3.7071e+09,83.73,2.869,50.59
0.8509,8.2610e+09,98.44,2.456,43.80
0.8384,1.0691e+10,101.43,4.154,21.56
0.8370,6.8082e+09,104.73,3.329,32.62
0.8338,4.8869e+09,104.48,1.582,28.41
0.8427,1.1299e+10,138.13,3.718,21.82
0.8388,1.2973e+10,117.18,0.929,31.70
0.8406,2.2337e+10,124.60,3.708,76.99
0.8517,2.3825e+09,30.82,1.710,25.00
0.8548,3.4122e+09,85.97,1.811,33.93
0.8349,1.0024e+10,161.89,1.769,77.27
0.8538,1.9635e+10,83.04,3.952,81.10
0.8372,4.3755e+09,49.40,0.928,38.10
0.8404,1.2973e+10,115.13,2.058,29.98
0.8355,1.7101e+10,190.72,2.229,40.56
0.8398,2.7104e+09,130.04,5.162,59.29
0.8476,1.6182e+09,125.51,1.608,24.20
0.8501,8.7303e+09,224.80,0.741,40.18
0.8548,3.6731e+09,61.77,2.561,54.25
0.8493,3.2287e+09,80.13,2.823,30.07
0.9064,2.2544e+09,140.46,4.097,52.10
0.8886,2.8644e+10,274.38,7.291,67.20
0.9273,7.6038e+09,110.22,3.688,56.39
0.9275,6.5619e+09,129.47,3.259,43.16
0.8290,1.5887e+10,111.47,3.297,86.43
0.9250,1.3965e+10,190.70,5.291,46.86
0.8680,6.8082e+09,73.12,2.126,50.26
0.9604,3.9177e+10,290.18,5.175,40.87
0.9234,6.7458e+09,91.62,2.767,19.70
0.8393,7.4650e+09,95.75,4.277,61.92
0.9700,2.1729e+10,196.59,4.068,45.15
0.8802,4.3354e+09,74.77,2.348,44.53
0.9377,1.4758e+10,225.65,4.341,54.48
0.9141,9.7506e+09,204.17,3.536,49.74
0.8374,3.9905e+09,141.89,3.603,37.44
0.9591,1.4224e+10,204.52,5.584,51.12
0.9557,4.4160e+09,47.93,3.176,35.84
0.8409,1.8925e+10,161.88,3.161,43.98
0.9618,3.1119e+10,276.58,2.777,41.71
1.0420,2.1332e+10,251.74,6.292,74.03
0.8288,2.6855e+10,227.91,4.017,52.42
0.8387,3.4437e+09,78.75,2.054,32.70
0.9705,1.5454e+10,78.01,2.483,35.21
0.8962,1.6789e+10,268.43,5.509,42.79
0.8009,2.5411e+10,343.77,3.620,42.62
0.8873,5.1172e+09,92.80,4.203,34.00
0.8948,2.0185e+10,113.87,5.889,65.69
0.8866,7.1950e+09,113.17,3.236,45.77
0.8847,1.4356e+10,136.10,2.457,48.96
0.8487,6.1522e+09,134.20,1.516,46.65
0.9529,1.1831e+10,138.03,6.065,50.78
0.8552,2.4948e+10,287.12,4.330,63.27
0.8881,4.1023e+09,43.53,4.303,30.04
0.9600,1.9817e+10,143.32,5.693,35.90
0.8691,1.2619e+10,189.19,3.173,53.42
0.8983,5.9845e+09,113.13,4.060,46.67
0.8369,1.9817e+10,102.15,5.417,43.58
0.8494,7.8892e+09,110.58,1.706,54.95
0.8350,1.6332e+10,100.77,3.593,51.59
0.8515,5.2123e+09,142.82,2.551,7.15
0.9802,2.0372e+10,262.41,5.707,61.51
0.8379,9.5726e+09,152.42,3.879,41.64
0.9193,6.2091e+09,89.43,4.554,50.21
0.9290,5.4079e+09,183.38,2.986,29.43
0.8754,7.8168e+09,56.27,3.862,31.92
0.9140,1.6034e+10,129.14,6.213,54.31
0.9178,9.4848e+09,59.78,3.050,42.36
0.9140,1.1403e+10,171.69,4.330,39.09
0.9817,8.9749e+09,119.89,3.156,26.85
0.9295,1.5032e+10,153.13,5.412,47.60
0.8791,2.2337e+10,197.68,2.654,65.17
0.9165,5.1645e+09,121.01,5.734,38.13
0.8915,2.1529e+10,206.86,4.441,68.41
0.8677,1.5172e+10,101.72,3.475,57.91
0.9252,2.0943e+10,162.87,3.251,46.90
0.9270,2.4045e+10,175.12,4.166,30.07
0.9246,6.9989e+09,100.77,4.155,49.87
0.9267,1.6635e+10,160.53,3.027,44.01
0.8034,1.3584e+10,146.79,1.820,72.07
0.9249,1.8240e+10,41.62,4.157,39.23
0.9282,1.3093e+10,226.49,2.802,34.07
0.8552,2.9446e+09,40.23,1.337,26.30
0.8850,6.5619e+09,132.97,3.520,44.83
0.8854,4.0647e+09,43.90,3.329,21.85
0.7999,1.9635e+09,44.81,4.484,43.30
0.9816,6.9347e+09,210.23,2.834,32.03
0.9129,1.5172e+10,169.30,3.730,23.20
0.9613,8.4924e+09,81.89,2.902,62.70
0.9984,4.1403e+09,222.83,2.005,10.77
0.8413,2.7355e+10,190.62,4.191,56.15
0.9764,6.2666e+10,239.54,3.911,52.87
0.8970,5.1645e+09,59.64,4.250,48.67
0.9969,3.8818e+10,142.92,4.966,56.62
0.9969,1.0691e+10,135.21,5.693,44.13
0.9979,1.2619e+10,104.09,2.513,27.49
0.8955,1.2275e+10,154.52,4.025,36.94
0.9948,1.1299e+10,225.39,2.253,22.13
0.8141,1.3584e+10,111.64,2.255,49.00
0.8374,1.2275e+10,124.71,4.375,74.31
0.8926,3.7760e+09,88.73,6.178,34.71
0.8620,3.2887e+10,231.96,3.147,28.25
0.8403,7.6741e+09,88.69,1.468,70.41
0.8317,2.9994e+10,150.57,4.951,123.70
0.9636,3.1698e+09,83.78,5.715,43.29
0.9742,5.8214e+09,39.37,3.902,35.17
0.8451,1.3965e+10,104.94,1.914,34.98
0.8607,7.7452e+09,90.60,2.384,28.21
0.9751,2.9176e+10,127.45,2.456,72.09
0.9625,5.7681e+09,92.41,9.217,60.45
0.8883,1.3837e+10,87.62,1.065,28.49
0.9588,9.9319e+09,79.14,3.369,53.96
0.8056,4.8869e+09,54.07,0.721,45.00
0.9976,4.0647e+10,228.00,8.592,101.94
0.8400,9.2264e+09,109.35,3.158,39.66
1.0404,4.5397e+10,229.28,5.042,38.98
0.9707,8.1102e+09,97.87,1.696,20.18
0.8217,9.4848e+09,192.04,2.192,46.46
0.8494,1.9277e+10,123.09,2.139,117.53
0.8611,4.2957e+09,117.75,4.080,37.35
0.8201,2.8644e+10,124.12,4.285,32.76
0.8391,3.1119e+10,141.18,3.155,26.35
0.8198,5.6109e+09,163.80,5.040,43.48
0.8939,1.4895e+10,178.78,5.689,53.34
0.9609,2.2132e+10,154.56,2.669,46.19
0.8231,1.3093e+10,142.24,3.900,60.33
0.9761,5.2605e+09,125.33,3.189,43.84
0.9860,3.0271e+09,41.84,1.182,40.07
0.8047,2.4268e+10,254.07,3.725,31.02
0.9819,3.1407e+10,204.77,5.369,70.59
0.9875,6.8082e+09,118.72,2.981,35.56
0.9815,1.9277e+10,182.87,5.367,47.58
0.8852,1.1403e+10,129.55,3.545,34.29
0.8477,9.1418e+09,161.60,1.920,24.19
0.8229,1.7580e+09,54.25,1.438,35.73
0.8420,1.0496e+10,168.25,3.372,45.23
0.9535,9.1418e+09,93.59,3.115,52.12
0.9810,4.0647e+09,119.32,2.222,19.76
0.8585,2.9446e+10,135.04,2.592,33.54
0.9905,2.4719e+09,51.06,3.236,35.08
0.9628,7.2616e+09,94.55,1.682,46.25
0.9631,3.8109e+09,161.92,2.907,32.16
0.9904,1.1299e+10,200.44,1.989,45.68
0.8407,5.9845e+09,77.18,2.117,28.20
0.8415,5.5594e+09,168.62,5.213,41.06
0.9638,9.8408e+09,47.66,2.910,45.40
0.9773,1.4895e+10,103.18,2.822,67.22
0.8218,1.8751e+10,282.53,1.922,65.75
0.8444,1.3965e+10,84.49,1.225,30.00
0.8044,2.2753e+09,43.13,3.811,28.58
0.9715,2.3390e+10,193.84,5.024,44.02
0.9593,2.4948e+09,94.10,3.502,48.15
0.9662,4.7537e+10,235.46,5.101,46.77
0.8043,1.6483e+09,63.52,2.498,43.82
0.8407,4.7977e+09,61.17,3.161,55.54
0.9644,1.3093e+10,194.03,2.912,33.66
0.9803,1.2503e+10,110.47,3.203,54.74
0.8637,7.7452e+09,115.14,3.435,46.94
0.8347,7.8892e+09,127.17,1.211,30.57
0.9045,1.4094e+10,150.89,3.623,35.90
0.9906,5.6109e+09,64.70,5.445,42.33
0.9909,2.1729e+10,133.84,5.124,45.32
0.8900,5.3092e+10,175.23,4.603,74.62
0.8375,2.5647e+10,95.95,3.148,21.73
0.8112,2.1332e+10,124.80,1.061,26.65
0.8072,1.2736e+10,149.13,2.949,15.19
0.8063,2.2963e+10,201.45,3.731,20.46
0.8092,2.1332e+10,189.60,1.059,44.26
0.8197,1.7101e+10,268.65,1.966,68.80
0.8086,1.1615e+10,152.93,1.058,13.74
0.8079,1.0400e+10,71.75,2.093,25.59
0.8068,3.7071e+10,258.52,7.292,80.86
0.8047,7.7452e+09,79.64,2.940,63.57
0.8220,1.0790e+10,113.68,2.130,39.30
0.8192,1.0790e+10,221.80,4.783,66.88
0.8136,1.2163e+10,203.64,2.108,30.37
0.8166,8.9749e+09,71.75,1.068,53.14
0.8176,2.6123e+09,136.27,2.950,19.53
0.8047,5.2605e+09,217.38,5.206,120.04
0.8088,1.3460e+10,178.31,2.096,23.96
0.8135,4.8421e+09,224.56,2.858,41.98
0.8092,4.7977e+09,138.85,1.059,17.36
0.8083,4.4981e+09,74.05,2.358,43.28
0.8041,1.6182e+09,204.72,1.052,50.04
1.0302,2.9176e+09,220.40,4.767,62.83
0.8164,4.1403e+10,319.35,2.115,31.51
0.8154,1.4356e+10,195.41,1.067,52.19
0.8188,3.5078e+10,151.23,1.071,20.56
0.8097,2.8381e+09,105.71,2.698,46.00
0.8151,1.3584e+09,45.29,2.608,18.70
0.8087,7.1950e+09,130.07,3.742,32.12
0.7619,1.0305e+10,88.62,2.783,66.51
0.7723,3.2586e+09,154.12,4.338,54.28
0.8038,2.7104e+10,307.01,2.083,19.57
0.8122,9.6612e+09,150.92,3.758,70.14
0.8172,4.9777e+09,184.73,2.117,32.97
0.8032,2.1729e+10,395.05,3.130,22.23
0.7725,5.4580e+09,100.04,2.001,45.37
0.8131,1.8240e+10,200.43,3.762,39.83
0.8130,1.7419e+10,159.37,3.762,34.52
0.8089,5.5594e+09,105.80,7.213,43.30
0.8091,1.0691e+10,149.60,2.096,33.77
0.9681,7.1290e+09,174.25,2.485,24.42
0.8401,1.8751e+10,142.16,3.069,59.24
0.8361,1.7907e+10,181.01,1.094,34.28
0.9019,6.0399e+09,315.62,2.954,42.84
0.8004,8.9749e+09,192.41,1.047,33.91
0.9741,1.3584e+10,203.38,1.274,30.22
0.8151,2.0185e+10,198.07,2.112,60.70
0.7995,6.7458e+09,158.27,5.798,79.59
0.9944,5.7681e+10,311.26,3.062,38.22
0.8084,1.0593e+10,107.59,3.740,30.91
0.8156,2.0372e+10,142.48,7.411,72.87
0.8155,1.9277e+10,238.96,2.729,36.19
0.9734,2.9994e+10,136.48,1.274,27.95
0.8197,1.2275e+10,153.33,2.995,43.63
0.9246,1.4758e+10,179.28,6.170,56.33
0.8410,2.1332e+10,39.88,2.595,26.79
0.8325,4.3354e+10,182.80,2.894,58.56
0.9637,1.1509e+10,53.70,6.214,28.43
0.8617,1.8073e+10,166.29,3.331,64.55
0.8554,7.8168e+09,120.47,2.830,35.22
0.8537,8.3374e+09,79.26,2.212,49.48
0.8155,4.0274e+10,140.16,2.113,59.09
0.8449,5.7152e+10,60.21,1.105,41.76
0.8200,2.4045e+09,122.54,5.288,45.53
0.9939,3.0271e+10,120.13,1.301,30.16
0.9238,8.8111e+09,186.35,4.414,34.78
0.8428,1.4224e+10,157.64,2.184,20.51
0.8931,3.9177e+10,56.97,4.132,34.14
0.8432,1.5597e+10,152.88,4.682,54.96
0.8429,1.3965e+10,76.04,2.459,44.76
0.9464,1.1403e+10,85.20,5.255,58.19
0.8240,2.2963e+10,148.97,3.542,51.67
0.8748,3.8818e+10,94.90,2.267,67.56
0.8734,1.5454e+10,257.37,4.849,38.44
0.8749,1.4758e+10,118.35,1.145,14.31
0.8261,1.3214e+10,106.60,1.081,19.49
0.8728,4.4569e+09,32.90,1.485,25.89
0.8418,2.2544e+10,123.02,1.102,34.95
0.9380,2.5647e+10,123.66,1.227,42.69
0.8348,5.6628e+10,304.34,4.587,120.78
0.8853,2.9446e+10,104.49,1.159,36.79
0.8954,1.3336e+10,97.66,3.272,48.73
0.8431,1.8751e+10,132.09,1.103,45.17
0.8436,5.9845e+09,32.95,2.916,27.22
0.8010,1.7580e+10,259.98,1.048,16.95
0.9142,4.7977e+09,98.37,5.342,52.87
0.9961,3.7071e+10,66.45,2.968,52.94
0.8399,8.1102e+09,74.53,3.069,42.61
0.8307,9.7506e+09,139.11,7.164,48.18
0.9701,4.3354e+10,327.03,2.794,65.22
0.9236,4.7101e+10,325.83,1.209,12.07
0.7997,8.3374e+09,288.50,1.046,28.38
0.8246,1.6034e+10,79.43,1.276,29.57
0.8603,4.5817e+09,91.28,1.126,20.32
0.9696,2.1930e+10,165.33,1.269,28.65
0.9255,1.1831e+10,178.26,5.139,69.65
0.8221,3.0271e+10,67.24,1.076,46.13
0.9283,7.4650e+09,123.40,5.986,51.80
0.9109,2.8121e+09,70.27,3.521,60.86
0.9205,1.4489e+09,56.03,3.302,47.30
0.8237,5.9845e+09,186.09,1.078,17.95
0.8225,5.3092e+10,114.54,3.806,39.41
0.9673,8.5710e+10,193.01,1.266,24.72
0.8074,2.9176e+10,88.50,5.207,50.95
0.8092,8.3374e+09,83.30,2.096,53.48
0.9243,7.0637e+10,186.84,1.209,20.68
0.9013,5.2605e+10,113.31,3.293,43.93
0.8190,2.8644e+10,335.04,1.072,23.87
0.8303,5.0703e+09,115.16,2.521,53.86
0.6021,1.3965e+10,191.54,1.736,30.90
0.8409,2.1529e+10,216.38,4.509,47.63
0.8405,1.0790e+10,123.94,3.500,62.34
0.8411,1.8073e+10,381.53,2.426,29.87
0.8384,1.6945e+10,146.50,2.273,82.88
0.5895,1.3336e+10,141.57,2.599,53.48
0.8401,3.8462e+09,83.41,2.421,73.59
0.8415,2.2753e+10,119.50,2.427,27.82
0.8417,1.0790e+10,72.94,1.833,55.60
0.8429,1.1941e+09,56.24,1.162,25.16
0.8349,1.4224e+09,172.20,1.470,36.96
0.8392,9.7506e+09,103.90,1.146,19.39
0.8424,3.4756e+09,134.15,2.219,50.80
0.8420,8.4145e+08,47.26,1.834,37.05
0.8428,1.2973e+09,48.68,3.155,44.08
0.8395,1.1093e+10,97.79,1.829,65.77
0.8437,2.9719e+10,253.89,2.433,24.77
0.8362,9.6612e+09,160.49,4.971,102.30
0.8357,6.0958e+09,137.76,2.958,32.08
0.8347,1.5454e+10,125.07,1.140,76.24
1.0222,1.7101e+10,119.06,2.227,109.43
0.8338,3.7760e+10,203.94,3.472,37.71
0.9635,9.7506e+09,120.03,2.779,27.13
0.8030,1.6945e+10,62.79,1.403,25.31
0.8545,6.3831e+09,115.28,2.580,24.30
0.8577,4.0274e+09,64.95,1.817,37.82
0.8448,7.1290e+09,123.13,5.315,39.66
0.8562,2.5411e+09,116.57,2.469,38.31
0.5798,6.8712e+09,76.55,1.263,63.53
0.8390,4.7977e+09,63.98,1.146,33.40
0.8408,1.5172e+10,79.87,1.832,66.68
0.8399,3.2887e+10,288.11,1.749,39.67
0.9596,4.2563e+10,315.40,1.310,15.67
0.9193,4.4569e+09,139.10,2.003,46.41
1.0366,1.5597e+10,230.11,3.315,59.82
0.8998,1.0116e+10,156.53,1.960,27.42
0.9007,5.7152e+09,144.91,1.230,27.14
0.8825,3.3192e+10,158.99,3.675,37.88
0.9128,9.9319e+09,69.20,3.207,41.40
0.8250,1.9455e+10,118.51,5.936,74.93
0.9623,4.6669e+09,79.07,1.279,76.75
0.8343,3.5078e+09,111.83,2.952,37.66
0.7998,2.4268e+10,126.57,3.441,111.12
0.9617,4.1403e+10,288.16,2.095,15.95
0.8278,4.8869e+09,63.82,1.803,50.44
0.8267,1.6182e+10,156.10,1.801,52.56
0.8277,6.0399e+09,189.09,1.241,30.87
0.8678,1.0593e+10,174.60,1.185,21.12
0.8445,3.4756e+09,89.31,1.609,74.27
0.9859,5.7681e+09,81.98,2.977,43.65
0.9186,4.1023e+09,129.76,3.620,28.42
0.8081,1.4895e+09,57.18,0.803,46.12
0.9580,1.7101e+09,98.75,2.381,33.55
0.9676,3.9177e+09,159.62,4.143,42.67
0.9934,3.9905e+10,340.32,3.449,81.07
0.8414,1.0991e+10,94.06,2.084,30.11
0.8415,1.3093e+10,160.63,3.504,22.74
0.9626,3.2887e+10,186.68,2.776,28.26
0.9196,1.9100e+10,248.40,2.652,20.47
0.9187,2.4492e+10,255.72,3.251,24.26
0.8276,1.2854e+10,146.21,2.387,43.88
0.8021,4.7537e+09,97.78,3.825,63.05
0.8377,7.3288e+09,129.41,3.488,43.51
0.8834,1.7580e+10,221.73,1.924,26.63
0.8402,1.1941e+10,76.21,1.830,53.22
0.9596,7.3288e+09,300.82,1.310,17.15
0.8235,4.7101e+10,131.70,3.928,74.55
0.8886,2.4268e+10,132.91,1.936,30.82
0.9204,2.1332e+10,241.26,2.005,33.49
0.9188,1.9635e+10,192.94,2.650,24.60
0.8907,1.1615e+10,127.71,1.216,39.15
0.8704,1.1941e+10,135.94,1.896,45.03
0.9172,2.8909e+10,252.31,3.819,45.43
0.9006,1.0991e+10,114.86,5.354,67.06
0.9180,4.8421e+10,274.34,3.249,39.98
0.8456,3.7414e+09,56.94,1.842,38.30
0.9634,1.9817e+10,237.83,2.099,16.93
0.9612,3.9905e+09,82.84,3.402,30.12
0.8043,3.8109e+09,130.77,2.320,14.11
0.8393,4.9321e+09,143.77,2.970,24.83
0.8676,5.3092e+10,349.41,4.652,63.58
0.8072,6.0399e+09,79.04,3.181,36.84
0.9733,8.7303e+09,34.92,2.774,23.65
0.9151,1.1195e+10,161.34,3.239,39.57
0.8780,1.1723e+10,193.48,3.107,22.66
0.8700,4.4569e+09,93.30,2.775,54.60
0.8950,7.8168e+09,125.42,3.727,53.03
0.8010,6.3246e+09,169.09,2.626,24.63
0.8022,9.4848e+09,163.47,1.747,39.88
0.8021,9.4848e+09,160.87,1.095,33.30
0.8353,4.4569e+09,88.84,4.376,41.93
0.8969,6.5017e+09,45.24,0.861,41.78
0.8228,7.9622e+09,173.24,2.195,28.41
0.9227,1.7743e+10,363.58,2.010,27.71
0.9589,1.0305e+10,131.12,3.394,21.82
0.8043,6.6839e+09,77.88,5.703,46.72
0.9610,1.1195e+10,257.79,1.312,21.46
