ID,sample,z,RA,Dec,logMstar,SFR,Re_phot_arcsec,incl,Re_disk_kpc,eRe_p,eRe_m,sigma0,esig_p,esig_m,Vrot_Re,eVrot_p,eVrot_m,vsig,fDM_Re,efDM_p,efDM_m,RC_shape
2111,golden,0.58,215.0627824,52.9070766,9.97,1.6,0.66,57.2,5.37,0.64,1.55,51.5,2.6,3.0,152.1,3.0,3.0,3.0,0.59,0.04,0.25,Flat
2145,golden,1.17,215.0694675,52.9108516,9.19,1.4,0.2,51.7,3.38,0.98,0.92,43.4,1.2,1.2,73.6,1.1,1.2,1.7,0.67,0.05,0.06,Falling
2465,golden,1.25,215.0704381,52.9137241,9.3,1.6,0.43,70.1,2.92,0.56,0.48,44.9,2.1,2.1,114.9,1.2,1.2,2.6,0.7,0.03,0.05,Flat
2824,golden,0.98,215.0685025,52.914333,9.49,0.7,0.32,53.9,3.04,0.64,0.69,39.4,2.5,2.6,165.6,17.8,5.6,4.2,0.63,0.22,0.23,
3399,golden,1.34,215.042511,52.8996031,9.81,3.5,0.4,64.2,4.13,1.11,nan,54.3,nan,nan,120.6,3.5,nan,2.2,0.47,nan,0.12,Falling
4391,golden,1.08,215.0676175,52.9232437,9.48,2.7,0.18,29.2,1.59,0.39,0.32,49.5,1.6,1.7,168.9,15.4,15.6,3.4,0.58,0.25,0.24,Flat
6199,golden,1.59,215.0450158,52.9194652,10.0,17.8,1.21,32.7,5.86,nan,0.54,45.5,0.8,nan,79.3,nan,21.1,1.7,0.53,nan,0.1,Falling
6430,golden,1.17,215.0131444,52.8980378,9.79,8.9,0.32,64.3,7.63,0.99,0.54,58.0,1.6,1.4,149.7,0.2,1.3,2.6,0.79,0.01,0.01,
7314,golden,1.28,214.9989097,52.8925151,9.55,2.6,0.28,38.7,2.53,0.37,0.46,61.5,0.9,0.9,121.8,81.4,37.1,2.0,0.73,0.15,0.15,
7561,golden,1.03,215.0609094,52.9383828,9.21,0.7,0.4,67.2,1.95,0.72,0.47,49.8,1.9,1.8,106.0,4.0,4.3,2.1,0.51,0.05,0.05,Falling
8365,golden,1.68,215.0599904,52.9422373,9.56,3.4,0.26,51.8,3.94,0.44,0.73,37.9,2.4,3.1,141.1,3.9,1.4,3.7,0.83,nan,0.03,Rising
8512,golden,1.1,215.0497806,52.9380795,10.32,3.2,1.81,12.5,5.28,1.13,1.02,43.1,1.0,1.1,261.6,37.8,32.8,6.1,0.7,0.14,0.09,Rising
8576,golden,1.57,215.0595679,52.9434335,9.6,3.3,0.3,32.3,3.89,0.48,0.52,47.1,1.6,1.4,208.1,28.5,17.5,4.4,0.77,0.12,0.14,
8942,golden,1.18,215.0094032,52.9100655,9.86,16.2,0.22,45.2,3.67,0.08,0.19,55.6,1.2,1.1,259.5,126.2,53.3,4.7,0.77,0.12,0.12,Rising
9337,good,1.17,214.9957065,52.9019407,9.27,2.2,1.3,51.6,5.66,1.77,1.62,31.3,nan,nan,45.4,7.6,5.0,1.4,0.62,0.11,0.09,
9424,golden,0.98,214.9926533,52.900911,9.76,5.4,0.58,61.2,5.83,0.2,0.65,44.2,1.5,1.5,137.9,0.4,0.6,3.1,0.75,0.04,0.06,Rising
9636,golden,0.74,215.0365985,52.9328783,9.35,1.7,0.7,68.5,4.97,0.32,0.47,32.6,1.7,1.7,110.3,1.9,2.2,3.4,0.68,0.04,0.07,Flat
9812,golden,0.74,215.0402843,52.9376004,9.97,3.6,0.88,34.4,4.98,0.62,0.58,43.1,1.0,1.0,180.6,1.6,1.6,4.2,0.57,0.06,0.08,Flat
9960,golden,1.51,215.031894,52.9331513,11.06,6.0,1.93,47.6,2.91,0.2,nan,45.4,2.5,nan,327.9,nan,nan,7.2,0.12,nan,nan,Falling
10107,good,1.01,214.9817759,52.8975743,10.01,3.6,0.31,25.0,2.89,0.29,0.12,61.0,1.3,1.2,137.5,4.7,2.4,2.3,0.14,0.02,0.03,Falling
10910,golden,0.74,215.0561932,52.9553701,9.57,1.5,1.3,46.0,4.52,0.86,0.27,36.6,1.2,2.4,132.8,1.6,1.4,3.6,0.36,0.06,0.07,Rising
11225,golden,1.05,215.0415788,52.9454655,9.67,12.6,0.19,60.2,5.31,0.27,0.44,64.5,1.0,0.9,105.5,3.2,6.6,1.6,0.21,0.03,0.07,
11843,good,1.46,215.0390468,52.9471037,10.74,19.0,0.59,74.3,5.13,0.07,0.23,55.9,6.4,3.7,298.2,382.8,8.6,5.3,0.37,0.51,0.08,
12015,golden,1.24,215.0323151,52.9431798,10.08,11.2,0.34,46.4,4.36,0.09,0.22,59.7,1.5,1.5,189.8,1.5,6.1,3.2,0.26,0.18,0.09,
12239,good,0.89,215.0495343,52.9560252,9.49,1.5,0.22,40.6,3.88,0.74,1.19,56.9,4.2,4.3,181.4,78.2,34.4,3.2,0.83,0.08,0.09,
13182,good,1.54,214.99983,52.9268186,10.25,15.8,0.34,18.7,3.86,0.82,0.86,64.0,1.9,1.9,185.2,35.2,26.9,2.9,0.24,0.14,0.1,
13416,good,1.54,215.0252815,52.9456859,10.76,20.0,0.6,79.8,2.06,10.08,0.2,43.5,0.4,0.2,217.2,9.3,4.4,5.0,0.32,0.05,0.14,Flat
18188,good,0.82,214.9839579,52.9413562,9.56,2.1,0.78,18.1,6.27,0.66,0.61,43.8,0.9,1.1,152.1,53.5,25.3,3.5,0.84,0.07,0.09,
18586,golden,0.76,214.9712282,52.9337862,9.01,3.3,0.22,35.9,2.58,0.43,0.36,43.6,1.5,1.5,83.5,3.0,3.1,1.9,0.5,0.09,0.15,Falling
29470,golden,1.04,214.9689505,52.9453733,9.71,2.1,1.39,38.1,4.61,0.03,0.17,40.3,1.0,1.2,187.3,4.2,1.4,4.6,0.88,nan,0.05,Rising
