# Tidal dwarf galaxies from Lelli et al. 2015, A&A 584, A113 (arXiv:1509.05404), Tables 2, 4 and 5.
# Vcirc/eVcirc  km/s   asymmetric-drift-corrected circular velocity        (Table 4)
# Mbar/eMbar    1e8 Msun  atomic (x1.37) + molecular + stellar             (Table 4)
# Mdyn/eMdyn    1e8 Msun  eps R_out Vcirc^2/G with eps = 1                 (Table 4)
# Rout/eRout    kpc    outermost radius of the HI disc from 3-D modelling  (Table 2)
# Dp            kpc    projected distance to the central galaxy remnant    (Table 5)
# gNe_a0,gNi_a0        the paper's own external/internal NEWTONIAN fields in units of ITS a0 = 1.30e-10 m/s^2 (Table 5)
# VISO1,VISO2,VEFE1,VEFE2  km/s  the paper's MOND predictions at a0 = 1.30e-10 for nu_n, n = 1 and 2   (Table 5)
#   nu_1(y) = 1/[1-exp(-sqrt(y))] IS this repository's Route A kernel, so VISO1/VEFE1 are directly reproducible here.
name,Vcirc,eVcirc,Mdyn,eMdyn,Mbar,eMbar,Rout,eRout,Dp,gNe_a0,gNi_a0,VISO1,eVISO1,VISO2,VEFE1,eVEFE1,VEFE2
NGC5291N,45,9,23,11,15.6,1.7,4.8,1.2,65,0.021,0.073,77,2,73,62,7,57
NGC5291S,35,6,20,8,15.9,2.1,7.2,1.2,60,0.025,0.033,76,3,73,54,8,49
NGC5291SW,28,7,8.7,4.9,7.1,1.2,4.8,1.2,75,0.016,0.033,62,3,59,46,7,43
NGC7252E,18,5,3.4,2.4,3.9,0.5,4.5,1.9,50,0.044,0.019,52,2,50,30,5,28
NGC7252NW,21,6,7.9,4.9,8.2,0.8,7.7,1.9,80,0.017,0.015,63,2,61,41,6,39
VCC2062,16,7,1.5,1.3,1.4,0.3,2.6,0.6,20,0.024,0.022,41,2,39,27,5,25
