pdb_id,h1_death_radius
1MBN,8.60871696472168
1MBN,8.14063835144043
1MBN,8.003748893737793
1MBN,8.080841064453125
1MBN,8.535221099853516
1MBN,7.751773834228516
1MBN,8.003748893737793
1MBN,7.971198081970215
1MBN,7.547847270965576
1MBN,8.285529136657715
1MBN,7.74338436126709
1MBN,8.043009757995605
1MBN,8.545173645019531
1MBN,7.605261325836182
1MBN,7.089428901672363
1MBN,8.041144371032715
1MBN,7.590784072875977
1MBN,8.196340560913086
1MBN,8.240145683288574
1MBN,6.66783332824707
1MBN,6.319018840789795
1MBN,5.835237979888916
1MBN,5.866003513336182
1MBN,5.6267218589782715
1MBN,5.55877685546875
1MBN,5.539855480194092
1MBN,5.8292365074157715
1MBN,6.164413928985596
1MBN,5.7043843269348145
1MBN,5.595533847808838
1MBN,5.52539587020874
1MBN,5.441507339477539
1MBN,5.54075813293457
1MBN,5.835237979888916
1MBN,5.342284202575684
1MBN,5.430469512939453
1MBN,5.648008346557617
1MBN,5.471745491027832
1MBN,5.643580436706543
1MBN,6.220932483673096
1MBN,5.390732765197754
1MBN,8.191458702087402
1MBN,5.338539123535156
1MBN,6.004997730255127
1MBN,5.323532581329346
1MBN,5.441507339477539
1MBN,5.54075813293457
1MBN,5.323532581329346
1MBN,5.316013336181641
1MBN,5.492722511291504
1MBN,5.316954135894775
1MBN,8.601162910461426
1MBN,5.478138446807861
1MBN,5.223983287811279
1MBN,5.314132213592529
1MBN,5.352569580078125
1MBN,5.68242883682251
1MBN,5.437830448150635
1MBN,5.499090671539307
1MBN,5.495452880859375
1MBN,5.374941825866699
1MBN,5.482699871063232
1MBN,5.314132213592529
1MBN,5.204805374145508
1MBN,5.312250137329102
1MBN,5.125426769256592
1MBN,5.363767147064209
1MBN,5.400000095367432
1MBN,5.08625602722168
1MBN,5.085272789001465
1MBN,5.316013336181641
1MBN,5.108816146850586
1MBN,5.3860931396484375
1MBN,5.446099758148193
1MBN,5.352569580078125
1MBN,5.073460578918457
1MBN,8.7852144241333
1MBN,5.247856616973877
1MBN,5.064582824707031
1MBN,5.331978797912598
1MBN,5.363767147064209
1MBN,5.568662166595459
1MBN,5.177837371826172
1MBN,5.085272789001465
1MBN,5.3758721351623535
1MBN,4.999000072479248
1MBN,5.166236400604248
1MBN,5.204805374145508
1MBN,5.081338405609131
1MBN,5.028916358947754
1MBN,5.3758721351623535
1MBN,5.212484836578369
1MBN,5.108816146850586
1MBN,4.968903064727783
1MBN,4.980963706970215
1MBN,5.453439235687256
1MBN,5.247856616973877
1MBN,5.142956256866455
1MBN,4.983974456787109
1MBN,5.239274978637695
1MBN,4.968903064727783
1MBN,5.08625602722168
1MBN,5.316954135894775
1MBN,5.2697248458862305
1MBN,5.224940299987793
1MBN,5.3609700202941895
1MBN,5.125426769256592
1MBN,6.096720218658447
1MBN,5.150728225708008
1MBN,5.025932788848877
1MBN,5.073460578918457
1MBN,4.980963706970215
1MBN,9.708759307861328
2RH1,14.132522583007812
2RH1,10.771602630615234
2RH1,9.95432186126709
2RH1,8.836999893188477
2RH1,8.649059295654297
2RH1,9.242730140686035
2RH1,9.99368667602539
2RH1,8.782115936279297
2RH1,8.773686408996582
2RH1,8.632896423339844
2RH1,8.932842254638672
2RH1,8.416993141174316
2RH1,8.73675537109375
2RH1,8.414210319519043
2RH1,8.759895324707031
2RH1,8.867401123046875
2RH1,7.840195178985596
2RH1,8.879149436950684
2RH1,7.636756896972656
2RH1,7.512479305267334
2RH1,8.24521255493164
2RH1,7.941896438598633
2RH1,7.7183098793029785
2RH1,7.626174449920654
2RH1,7.336892604827881
2RH1,7.494791030883789
2RH1,7.6800689697265625
2RH1,7.907003402709961
2RH1,7.4114251136779785
2RH1,7.002703666687012
2RH1,8.62525749206543
2RH1,6.8108110427856445
2RH1,7.43557071685791
2RH1,8.11227035522461
2RH1,7.901193618774414
2RH1,6.853450775146484
2RH1,8.968040466308594
2RH1,8.292374610900879
2RH1,7.574075698852539
2RH1,7.068319797515869
2RH1,6.507712364196777
2RH1,7.913264274597168
2RH1,7.069819927215576
2RH1,8.234789848327637
2RH1,7.817445755004883
2RH1,7.817322731018066
2RH1,6.269534111022949
2RH1,7.5508294105529785
2RH1,8.511873245239258
2RH1,7.383405685424805
2RH1,5.848183631896973
2RH1,6.773393154144287
2RH1,5.940376281738281
2RH1,6.878507137298584
2RH1,6.6460280418396
2RH1,6.673468112945557
2RH1,5.7777581214904785
2RH1,8.937601089477539
2RH1,5.679620265960693
2RH1,5.690239906311035
2RH1,9.106415748596191
2RH1,5.685171127319336
2RH1,5.809279918670654
2RH1,9.03292465209961
2RH1,9.239594459533691
2RH1,5.639430522918701
2RH1,5.790810585021973
2RH1,5.819484710693359
2RH1,6.2558770179748535
2RH1,5.601230144500732
2RH1,5.683502674102783
2RH1,5.532190799713135
2RH1,5.5383524894714355
2RH1,5.537554740905762
2RH1,5.568507194519043
2RH1,5.500654220581055
2RH1,5.431668281555176
2RH1,5.487187385559082
2RH1,5.550069808959961
2RH1,5.870469093322754
2RH1,7.2776923179626465
2RH1,5.423416614532471
2RH1,5.465053081512451
2RH1,5.410741329193115
2RH1,5.911862373352051
2RH1,5.638072490692139
2RH1,5.477324485778809
2RH1,5.621488094329834
2RH1,5.569967746734619
2RH1,5.548785209655762
2RH1,5.655272006988525
2RH1,5.376858711242676
2RH1,5.520853519439697
2RH1,5.5716094970703125
2RH1,6.5322065353393555
2RH1,5.491110801696777
2RH1,5.4202165603637695
2RH1,6.7615885734558105
2RH1,5.431000232696533
2RH1,5.514172077178955
2RH1,6.741978168487549
2RH1,5.354673862457275
2RH1,5.331569194793701
2RH1,5.601887226104736
2RH1,5.393486022949219
2RH1,5.472943305969238
2RH1,5.459405422210693
2RH1,5.526524066925049
2RH1,5.397189140319824
2RH1,5.488950252532959
2RH1,5.378681182861328
2RH1,5.3961591720581055
2RH1,5.613943099975586
2RH1,5.635233402252197
2RH1,5.457887649536133
2RH1,5.8012495040893555
2RH1,5.396830081939697
2RH1,6.838304042816162
2RH1,5.950704097747803
2RH1,5.782320976257324
2RH1,6.863058090209961
2RH1,5.563997268676758
2RH1,5.947750568389893
2RH1,5.4182915687561035
2RH1,5.387566089630127
2RH1,5.5967302322387695
2RH1,5.573502540588379
2RH1,5.595853328704834
2RH1,5.535349369049072
2RH1,5.4325079917907715
2RH1,5.422336101531982
2RH1,5.550069808959961
2RH1,5.544311046600342
2RH1,5.535349369049072
2RH1,5.466373920440674
2RH1,5.422118186950684
2RH1,5.4482550621032715
2RH1,5.397189140319824
2RH1,5.334959983825684
2RH1,5.420642375946045
2RH1,5.398133277893066
2RH1,5.509822368621826
2RH1,5.566593647003174
2RH1,5.347420692443848
2RH1,5.364126205444336
2RH1,5.403067111968994
2RH1,5.4482550621032715
2RH1,5.493082523345947
2RH1,5.251277923583984
2RH1,5.4287614822387695
2RH1,5.481009483337402
2RH1,5.3657989501953125
2RH1,5.5187907218933105
2RH1,7.018447399139404
2RH1,5.472943305969238
2RH1,5.411531925201416
2RH1,5.496537685394287
2RH1,5.52230167388916
2RH1,5.500654220581055
2RH1,5.487187385559082
2RH1,5.379946708679199
2RH1,5.532833576202393
2RH1,5.320164680480957
2RH1,5.389494895935059
2RH1,5.5187907218933105
2RH1,5.381412506103516
2RH1,5.547724723815918
2RH1,5.271674633026123
2RH1,5.557858467102051
2RH1,5.25757360458374
2RH1,5.418783664703369
2RH1,5.573307991027832
2RH1,5.463163375854492
2RH1,5.6495466232299805
2RH1,5.342512130737305
2RH1,5.352606296539307
2RH1,5.397181510925293
2RH1,5.4621195793151855
2RH1,5.363232135772705
2RH1,8.061650276184082
2RH1,5.427183151245117
2RH1,5.436747074127197
2RH1,5.431000232696533
2RH1,5.329963684082031
2RH1,5.246484756469727
2RH1,5.336608409881592
2RH1,5.390108108520508
2RH1,5.442652702331543
2RH1,5.403265953063965
2RH1,5.438272953033447
2RH1,5.409763813018799
2RH1,5.3956122398376465
2RH1,5.357926845550537
2RH1,5.381412506103516
2RH1,5.267879486083984
2RH1,5.261946201324463
2RH1,5.535680294036865
2RH1,5.398573398590088
2RH1,7.4099907875061035
2RH1,5.435268402099609
2RH1,5.366878032684326
2RH1,5.2808613777160645
2RH1,5.610940456390381
2RH1,5.457921981811523
2RH1,5.385013580322266
2RH1,5.446403503417969
2RH1,5.335834503173828
2RH1,5.313325881958008
2RH1,5.387147903442383
2RH1,5.387975215911865
2RH1,5.447319030761719
2RH1,5.46386194229126
2RH1,5.335834503173828
2RH1,5.409763813018799
2RH1,5.366621494293213
2RH1,5.366621494293213
2RH1,5.2808613777160645
2RH1,5.396830081939697
2RH1,5.3961591720581055
2RH1,5.446057319641113
2RH1,5.390963077545166
2RH1,5.323140621185303
2RH1,5.246484756469727
2RH1,5.4621195793151855
2RH1,5.5142130851745605
2RH1,5.5021748542785645
2RH1,5.444733619689941
2RH1,5.396174430847168
2RH1,5.442615032196045
2RH1,5.532960414886475
2RH1,5.532833576202393
2RH1,5.411531925201416
2RH1,7.663836479187012
2RH1,5.523890495300293
2RH1,5.320401668548584
2RH1,6.339651584625244
2RH1,5.3605475425720215
2RH1,5.403265953063965
2RH1,5.305902004241943
2RH1,5.438272953033447
2RH1,5.438401222229004
2RH1,5.366878032684326
2RH1,5.396174430847168
2RH1,5.329963684082031
2RH1,5.330836772918701
2RH1,5.595944881439209
2RH1,5.520491600036621
2RH1,5.320401668548584
2RH1,5.293760776519775
2RH1,5.433718681335449
2RH1,5.320164680480957
2RH1,5.3834733963012695
2RH1,5.438924789428711
2RH1,5.420642375946045
2RH1,5.394857406616211
2RH1,5.280144691467285
2RH1,5.5299201011657715
2RH1,5.389715671539307
2RH1,5.22922945022583
2RH1,5.463592052459717
2RH1,6.007500171661377
2RH1,5.280144691467285
2RH1,5.3605475425720215
2RH1,5.433718681335449
2RH1,5.352781772613525
2RH1,5.435268402099609
2RH1,5.364067554473877
2RH1,5.40921688079834
2RH1,5.205033779144287
2RH1,5.423416614532471
2RH1,5.3700642585754395
2RH1,5.390108108520508
2RH1,5.328108787536621
2RH1,5.393486022949219
2RH1,5.405416011810303
2RH1,5.478713512420654
2RH1,5.304046630859375
2RH1,5.387147903442383
2RH1,5.399309158325195
2RH1,5.302468776702881
2RH1,5.353395462036133
2RH1,5.426548004150391
2RH1,5.342097759246826
2RH1,5.3657989501953125
2RH1,5.420844554901123
2RH1,5.477827072143555
2RH1,5.330836772918701
2RH1,5.364067554473877
2RH1,5.334959983825684
2RH1,5.352606296539307
2RH1,5.387975215911865
2RH1,5.293760776519775
2RH1,5.639125823974609
2RH1,5.264029026031494
2RH1,5.433900833129883
2RH1,5.328108787536621
2RH1,5.259174346923828
2RH1,5.460921287536621
2RH1,5.164736270904541
2RH1,5.302468776702881
2RH1,5.344796180725098
2RH1,5.080268859863281
2RH1,5.4434943199157715
2RH1,5.364126205444336
2RH1,5.164736270904541
2RH1,5.493371486663818
2RH1,5.390963077545166
2RH1,5.261962890625
2RH1,5.261962890625
2RH1,5.251277923583984
2RH1,9.008960723876953
2RH1,5.356822490692139
2RH1,5.344796180725098
2RH1,5.271674633026123
2RH1,4.962295055389404
2RH1,5.385013580322266
2RH1,5.342512130737305
2RH1,5.363232135772705
2RH1,5.323140621185303
2RH1,5.389002799987793
2RH1,5.195734024047852
2RH1,5.352781772613525
2RH1,5.448550224304199
2RH1,5.507174968719482
2RH1,5.693416595458984
2RH1,7.263331890106201
2RH1,5.205033779144287
2RH1,5.195734024047852
2RH1,5.510998725891113
2RH1,7.3588433265686035
2RH1,5.357731342315674
2RH1,8.1149263381958
2RH1,5.259174346923828
2RH1,5.388490676879883
2RH1,5.429779529571533
2RH1,5.336608409881592
2RH1,9.254951477050781
2RH1,5.264029026031494
2RH1,5.362528324127197
2RH1,5.30934476852417
2RH1,5.465053081512451
2RH1,5.30934476852417
2RH1,5.346068859100342
2RH1,5.646670818328857
2RH1,5.354673862457275
2RH1,5.494307994842529
2RH1,5.347420692443848
2RH1,5.396873474121094
2RH1,5.122308731079102
2RH1,5.360621929168701
2RH1,5.357926845550537
2RH1,5.331569194793701
2RH1,4.820030212402344
2RH1,5.235601902008057
2RH1,5.349690914154053
2RH1,5.411692142486572
2RH1,5.14823579788208
2RH1,5.376858711242676
2RH1,5.207254409790039
2RH1,5.080268859863281
2RH1,5.22922945022583
2RH1,5.699887275695801
2RH1,5.313325881958008
2RH1,5.291213512420654
2RH1,4.846649646759033
2RH1,5.969320774078369
2RH1,5.554903984069824
2RH1,5.335871696472168
2RH1,8.268791198730469
2RH1,5.5381388664245605
2RH1,8.802144050598145
2RH1,5.656245708465576
2RH1,5.478249549865723
2RH1,6.239497661590576
2RH1,5.417088508605957
2RH1,5.487003326416016
2RH1,5.74590539932251
2RH1,10.090494155883789
2RH1,8.12307071685791
2RH1,9.456536293029785
2RH1,5.637681484222412
2RH1,5.261946201324463
1L2Y,6.116964817047119
1L2Y,6.322647571563721
1L2Y,5.74009895324707
1L2Y,6.226439476013184
1L2Y,7.105374813079834
1L2Y,5.0718913078308105
1L2Y,5.09243631362915
1L2Y,5.071148872375488
1L2Y,4.98719596862793
1L2Y,4.624077796936035
1L2Y,4.921787738800049
1L2Y,5.0718913078308105
1L2Y,4.98719596862793
1L2Y,4.9446210861206055
1L2Y,1.3451728820800781
1L2Y,0.7552390098571777
1L2Y,0.7134234309196472
1L2Y,0.5296281576156616
1L2Y,0.5441332459449768
1L2Y,0.6060346364974976
1L2Y,0.43661195039749146
1L2Y,0.5055620670318604
1L2Y,0.38695478439331055
1L2Y,0.4109732210636139
1L2Y,0.37728768587112427
1L2Y,0.3106541633605957
1L2Y,0.34070661664009094
1L2Y,0.306011438369751
1L2Y,0.2801588773727417
1L2Y,0.2560429573059082
1L2Y,0.2831077575683594
1L2Y,0.301734983921051
1L2Y,0.2461991012096405
1L2Y,0.24901606142520905
1L2Y,0.23626044392585754
1L2Y,0.252778559923172
1L2Y,0.24228495359420776
1L2Y,0.2769422233104706
1L2Y,0.25311657786369324
1L2Y,0.27786868810653687
1L2Y,0.2576295733451843
1L2Y,0.24743686616420746
1L2Y,0.22515328228473663
1L2Y,0.2224792093038559
1L2Y,0.26759856939315796
1L2Y,0.2181054800748825
1L2Y,0.24583734571933746
1L2Y,0.23476584255695343
1L2Y,0.2551254630088806
1L2Y,0.22910477221012115
1L2Y,0.2329699546098709
1L2Y,0.2105255275964737
1L2Y,0.22165288031101227
1L2Y,0.20883725583553314
1L2Y,0.20641948282718658
1L2Y,0.21915747225284576
1L2Y,0.20890428125858307
1L2Y,0.24164851009845734
1L2Y,0.21937410533428192
1L2Y,0.18601880967617035
1L2Y,0.18291528522968292
1L2Y,0.1961173117160797
1L2Y,0.18220318853855133
1L2Y,0.20115168392658234
1L2Y,0.19350193440914154
1L2Y,0.1922004222869873
1L2Y,0.17578111588954926
1L2Y,0.17659558355808258
1L2Y,0.1956118643283844
1L2Y,0.1958979368209839
1L2Y,0.19634154438972473
1L2Y,0.23339666426181793
1L2Y,0.18770721554756165
1L2Y,0.1756616085767746
1L2Y,0.1709064096212387
1L2Y,0.16623477637767792
1L2Y,0.17983603477478027
1L2Y,0.19366465508937836
1L2Y,0.15991872549057007
1L2Y,0.15896540880203247
1L2Y,0.1701822578907013
1L2Y,0.17122499644756317
1L2Y,0.15564382076263428
1L2Y,0.15203289687633514
1L2Y,0.15420764684677124
1L2Y,0.16258536279201508
1L2Y,0.19765879213809967
1L2Y,0.14311183989048004
1L2Y,0.15097682178020477
1L2Y,0.17539098858833313
1L2Y,0.13489995896816254
1L2Y,0.15448948740959167
1L2Y,0.14533409476280212
1L2Y,0.14090421795845032
1L2Y,0.1337946206331253
1L2Y,0.13373854756355286
1L2Y,0.16865645349025726
1L2Y,0.15558277070522308
1L2Y,0.14613349735736847
1L2Y,0.13627178966999054
1L2Y,0.1313430666923523
1L2Y,0.14776332676410675
1L2Y,0.15869782865047455
1L2Y,0.12809762358665466
1L2Y,0.1332591474056244
1L2Y,0.1371750682592392
1L2Y,0.1499766707420349
1L2Y,0.12258058786392212
1L2Y,0.12715739011764526
1L2Y,0.13334916532039642
1L2Y,0.15617938339710236
1L2Y,0.1764001101255417
1L2Y,0.12355565279722214
1L2Y,0.11704272776842117
1L2Y,0.15771493315696716
1L2Y,0.15108606219291687
1L2Y,0.14012137055397034
1L2Y,0.15564703941345215
1L2Y,0.14111697673797607
1L2Y,0.14962954819202423
1L2Y,0.13974978029727936
1L2Y,0.12217201292514801
1L2Y,0.12511594593524933
1L2Y,0.11747340112924576
1L2Y,0.1330563724040985
1L2Y,0.10577806830406189
1L2Y,0.09790811687707901
1L2Y,0.0968194231390953
1L2Y,0.10536602884531021
1L2Y,0.09902019798755646
1L2Y,0.09964437037706375
1L2Y,0.09437690675258636
1L2Y,0.10716809332370758
1L2Y,0.09843271970748901
1L2Y,0.10112863034009933
1L2Y,0.10349879413843155
1L2Y,0.09256349503993988
1L2Y,0.09265527874231339
1L2Y,0.0860755518078804
1L2Y,0.08558621257543564
1L2Y,0.09619251638650894
1L2Y,0.0896102637052536
1L2Y,0.10656922310590744
1L2Y,0.0910823792219162
1L2Y,0.10435037314891815
1L2Y,0.09077995270490646
1L2Y,0.08091971278190613
1L2Y,0.09224966168403625
1L2Y,0.08018728345632553
1L2Y,0.07601315528154373
1L2Y,0.06103277951478958
1L2Y,0.05720140039920807
1L2Y,0.05435071140527725
1L2Y,0.05914389342069626
4HHB,14.756131172180176
4HHB,14.020384788513184
4HHB,12.838266372680664
4HHB,12.847321510314941
4HHB,11.401150703430176
4HHB,8.76449966430664
4HHB,8.747998237609863
4HHB,8.992839813232422
4HHB,8.936769485473633
4HHB,8.295316696166992
4HHB,8.736227035522461
4HHB,7.954277038574219
4HHB,8.174712181091309
4HHB,9.395712852478027
4HHB,8.540778160095215
4HHB,8.055693626403809
4HHB,8.146443367004395
4HHB,8.019940376281738
4HHB,8.667821884155273
4HHB,8.295351028442383
4HHB,8.007852554321289
4HHB,7.72184944152832
4HHB,8.470004081726074
4HHB,7.780029773712158
4HHB,8.470417022705078
4HHB,9.500097274780273
4HHB,8.243454933166504
4HHB,7.849844932556152
4HHB,7.822871685028076
4HHB,7.4763712882995605
4HHB,7.6063642501831055
4HHB,7.522769927978516
4HHB,7.965845108032227
4HHB,8.244014739990234
4HHB,7.546696186065674
4HHB,8.876270294189453
4HHB,7.5406084060668945
4HHB,8.495953559875488
4HHB,7.971282958984375
4HHB,7.882390022277832
4HHB,8.650032997131348
4HHB,8.018260955810547
4HHB,7.806637763977051
4HHB,9.02026653289795
4HHB,8.865667343139648
4HHB,7.269391059875488
4HHB,7.673178195953369
4HHB,7.136657238006592
4HHB,7.641974925994873
4HHB,7.535158157348633
4HHB,7.278402805328369
4HHB,8.354280471801758
4HHB,8.500521659851074
4HHB,6.926840782165527
4HHB,6.697978496551514
4HHB,7.200720310211182
4HHB,7.254909515380859
4HHB,8.046529769897461
4HHB,7.492650985717773
4HHB,6.813556671142578
4HHB,7.68331241607666
4HHB,6.644500255584717
4HHB,8.12909984588623
4HHB,6.685856342315674
4HHB,7.988387584686279
4HHB,6.777566432952881
4HHB,6.83572244644165
4HHB,6.698154449462891
4HHB,6.781802177429199
4HHB,8.116392135620117
4HHB,6.432973384857178
4HHB,7.342808246612549
4HHB,6.399360179901123
4HHB,7.150938987731934
4HHB,7.3515496253967285
4HHB,7.5758891105651855
4HHB,6.486382484436035
4HHB,7.472839832305908
4HHB,7.857633590698242
4HHB,6.715415954589844
4HHB,6.197870254516602
4HHB,7.5967254638671875
4HHB,6.910889625549316
4HHB,7.216667652130127
4HHB,7.7026166915893555
4HHB,5.95976448059082
4HHB,8.28282356262207
4HHB,5.98134708404541
4HHB,6.490697383880615
4HHB,5.924216270446777
4HHB,8.376158714294434
4HHB,7.6504411697387695
4HHB,6.803223133087158
4HHB,6.351661682128906
4HHB,5.808916091918945
4HHB,5.865175724029541
4HHB,5.788059711456299
4HHB,6.819614410400391
4HHB,6.2235026359558105
4HHB,7.2266526222229
4HHB,6.853693962097168
4HHB,6.437263011932373
4HHB,8.343310356140137
4HHB,7.197188854217529
4HHB,5.736672878265381
4HHB,5.785551071166992
4HHB,7.802773952484131
4HHB,5.771194934844971
4HHB,5.701303005218506
4HHB,9.100393295288086
4HHB,5.654293060302734
4HHB,6.259786128997803
4HHB,5.830325603485107
4HHB,5.606133460998535
4HHB,5.569978713989258
4HHB,5.619793891906738
4HHB,5.9636101722717285
4HHB,8.938908576965332
4HHB,5.621865272521973
4HHB,8.336751937866211
4HHB,5.530259609222412
4HHB,5.575136184692383
4HHB,6.457980155944824
4HHB,5.624027729034424
4HHB,5.507244110107422
4HHB,5.54489803314209
4HHB,5.546868801116943
4HHB,5.510137557983398
4HHB,5.757569789886475
4HHB,5.623205184936523
4HHB,5.556710243225098
4HHB,5.4617109298706055
4HHB,5.553869247436523
4HHB,5.462528705596924
4HHB,5.4901580810546875
4HHB,7.819219589233398
4HHB,5.448220729827881
4HHB,5.408644199371338
4HHB,5.602902412414551
4HHB,5.447266578674316
4HHB,5.491628170013428
4HHB,5.642860412597656
4HHB,5.485057830810547
4HHB,5.413681983947754
4HHB,5.424325466156006
4HHB,5.619793891906738
4HHB,5.429461479187012
4HHB,5.4467878341674805
4HHB,5.47646951675415
4HHB,5.421006202697754
4HHB,5.427309036254883
4HHB,5.480235576629639
4HHB,5.513144493103027
4HHB,5.687812805175781
4HHB,5.482397556304932
4HHB,5.471934795379639
4HHB,5.478105068206787
4HHB,5.496454238891602
4HHB,5.562099933624268
4HHB,9.051173210144043
4HHB,5.3332343101501465
4HHB,5.533045768737793
4HHB,5.384612083435059
4HHB,5.62731409072876
4HHB,5.545203685760498
4HHB,5.568602085113525
4HHB,5.528296947479248
4HHB,5.314941883087158
4HHB,5.437595844268799
4HHB,6.949099063873291
4HHB,5.339073657989502
4HHB,5.423826217651367
4HHB,5.333493232727051
4HHB,5.542386531829834
4HHB,5.594213962554932
4HHB,5.433877944946289
4HHB,5.427269458770752
4HHB,5.3472466468811035
4HHB,5.426522731781006
4HHB,5.423501491546631
4HHB,6.108698844909668
4HHB,5.436784744262695
4HHB,5.52365779876709
4HHB,5.406620979309082
4HHB,5.280130386352539
4HHB,5.365036964416504
4HHB,5.437551975250244
4HHB,5.525402545928955
4HHB,5.326526165008545
4HHB,5.556456089019775
4HHB,5.280130386352539
4HHB,5.35242223739624
4HHB,5.4332990646362305
4HHB,5.3424391746521
4HHB,5.286849021911621
4HHB,5.562254905700684
4HHB,5.527523517608643
4HHB,5.504014015197754
4HHB,5.600700378417969
4HHB,5.544397830963135
4HHB,5.523403167724609
4HHB,5.4972920417785645
4HHB,5.297723293304443
4HHB,5.509963512420654
4HHB,5.373640060424805
4HHB,5.3618316650390625
4HHB,5.979153633117676
4HHB,5.460081577301025
4HHB,6.993137359619141
4HHB,5.505752086639404
4HHB,5.384404182434082
4HHB,5.24711799621582
4HHB,5.328680515289307
4HHB,5.470635890960693
4HHB,5.481949329376221
4HHB,5.620786190032959
4HHB,5.583207130432129
4HHB,5.406126976013184
4HHB,5.7625508308410645
4HHB,5.341506481170654
4HHB,5.463234901428223
4HHB,5.436784744262695
4HHB,5.415019512176514
4HHB,5.459951400756836
4HHB,5.334163665771484
4HHB,5.454917907714844
4HHB,5.34644889831543
4HHB,5.4467878341674805
4HHB,5.408943176269531
4HHB,5.330293655395508
4HHB,5.524140357971191
4HHB,5.434005260467529
4HHB,8.94490909576416
4HHB,5.593774795532227
4HHB,5.426218032836914
4HHB,5.317875862121582
4HHB,5.457203388214111
4HHB,5.201094627380371
4HHB,5.438194751739502
4HHB,5.5009684562683105
4HHB,5.410641670227051
4HHB,5.424325466156006
4HHB,5.3051981925964355
4HHB,7.140429973602295
4HHB,5.415019512176514
4HHB,5.351021766662598
4HHB,5.224869728088379
4HHB,6.137782573699951
4HHB,5.507244110107422
4HHB,5.403834819793701
4HHB,5.444221496582031
4HHB,5.4107561111450195
4HHB,5.482397556304932
4HHB,5.373264312744141
4HHB,5.292750835418701
4HHB,5.303425312042236
4HHB,5.319700717926025
4HHB,5.346920490264893
4HHB,5.528296947479248
4HHB,5.3424391746521
4HHB,5.284466743469238
4HHB,5.4968061447143555
4HHB,5.222070217132568
4HHB,5.498681545257568
4HHB,5.262119770050049
4HHB,5.3749098777771
4HHB,5.347249984741211
4HHB,5.2821455001831055
4HHB,5.195029258728027
4HHB,5.474974632263184
4HHB,8.177695274353027
4HHB,5.387197017669678
4HHB,5.357223033905029
4HHB,5.432301044464111
4HHB,5.195029258728027
4HHB,5.224839687347412
4HHB,5.373948097229004
4HHB,5.281929969787598
4HHB,5.3375630378723145
4HHB,6.982097148895264
4HHB,5.379791259765625
4HHB,5.336386203765869
4HHB,5.436875343322754
4HHB,5.301185131072998
4HHB,5.325600624084473
4HHB,5.275515556335449
4HHB,5.443910121917725
4HHB,5.417261600494385
4HHB,5.41239070892334
4HHB,5.2679362297058105
4HHB,5.255800724029541
4HHB,5.523698329925537
4HHB,5.527523517608643
4HHB,5.387197017669678
4HHB,5.4901580810546875
4HHB,5.527441501617432
4HHB,5.361504554748535
4HHB,5.324300289154053
4HHB,5.419097423553467
4HHB,5.276840686798096
4HHB,5.275515556335449
4HHB,5.384612083435059
4HHB,5.222266674041748
4HHB,5.320960998535156
4HHB,5.749546527862549
4HHB,5.2679362297058105
4HHB,5.187371730804443
4HHB,5.427269458770752
4HHB,5.408644199371338
4HHB,5.425658702850342
4HHB,5.3498759269714355
4HHB,5.3271307945251465
4HHB,5.556710243225098
4HHB,5.309915542602539
4HHB,5.273743629455566
4HHB,5.378366947174072
4HHB,5.630015850067139
4HHB,5.244444847106934
4HHB,5.254580020904541
4HHB,5.317875862121582
4HHB,5.292363166809082
4HHB,5.354516983032227
4HHB,5.427309036254883
4HHB,5.309915542602539
4HHB,5.280953407287598
4HHB,5.485937118530273
4HHB,5.201094627380371
4HHB,5.253773212432861
4HHB,5.22823429107666
4HHB,5.350893497467041
4HHB,5.529218673706055
4HHB,5.411779880523682
4HHB,5.219775676727295
4HHB,5.224839687347412
4HHB,5.705257892608643
4HHB,5.11755895614624
4HHB,5.35078763961792
4HHB,5.2821455001831055
4HHB,5.292363166809082
4HHB,5.29147481918335
4HHB,5.296653747558594
4HHB,5.406126976013184
4HHB,5.352550983428955
4HHB,5.24711799621582
4HHB,5.271051406860352
4HHB,5.262119770050049
4HHB,5.196145057678223
4HHB,5.3618316650390625
4HHB,5.282720565795898
4HHB,5.4188923835754395
4HHB,5.300620079040527
4HHB,5.233808994293213
4HHB,5.350893497467041
4HHB,5.240966320037842
4HHB,5.378276348114014
4HHB,5.400039196014404
4HHB,5.411373615264893
4HHB,5.327700138092041
4HHB,5.065513610839844
4HHB,5.345609188079834
4HHB,5.452889442443848
4HHB,5.438194751739502
4HHB,5.429461479187012
4HHB,5.253526210784912
4HHB,5.4348344802856445
4HHB,5.244444847106934
4HHB,5.222639560699463
4HHB,5.413681983947754
4HHB,5.170525074005127
4HHB,5.3529181480407715
4HHB,5.301185131072998
4HHB,5.222639560699463
4HHB,5.30207633972168
4HHB,5.326451301574707
4HHB,5.282720565795898
4HHB,5.426218032836914
4HHB,5.105860233306885
4HHB,5.712396621704102
4HHB,5.207051753997803
4HHB,5.296137809753418
4HHB,5.249909400939941
4HHB,8.316862106323242
4HHB,5.357419490814209
4HHB,5.207051753997803
4HHB,5.187371730804443
4HHB,5.088475704193115
4HHB,5.3498759269714355
4HHB,5.314941883087158
4HHB,5.34644889831543
4HHB,5.431487083435059
4HHB,5.429806232452393
4HHB,5.1131696701049805
4HHB,5.095630645751953
4HHB,5.463680744171143
4HHB,5.241583347320557
4HHB,5.063460826873779
4HHB,5.280953407287598
4HHB,5.1310715675354
4HHB,5.460081577301025
4HHB,9.181538581848145
4HHB,5.365036964416504
4HHB,5.148885250091553
4HHB,5.222266674041748
4HHB,5.509963512420654
4HHB,5.385483741760254
4HHB,5.303425312042236
4HHB,5.757774829864502
4HHB,5.224869728088379
4HHB,5.384378433227539
4HHB,5.173927307128906
4HHB,5.088475704193115
4HHB,5.218186378479004
4HHB,5.354516983032227
4HHB,5.284466743469238
4HHB,5.258269786834717
4HHB,5.498231887817383
4HHB,5.370701313018799
4HHB,6.9155755043029785
4HHB,8.354118347167969
4HHB,5.355164527893066
4HHB,8.347440719604492
4HHB,5.191211700439453
4HHB,5.384404182434082
4HHB,8.789292335510254
4HHB,5.0658650398254395
4HHB,5.437488555908203
4HHB,5.35242223739624
4HHB,5.23844051361084
4HHB,5.105860233306885
4HHB,8.926393508911133
4HHB,5.328680515289307
4HHB,5.253526210784912
4HHB,5.186323642730713
4HHB,5.258269786834717
4HHB,5.809138298034668
4HHB,5.341506481170654
4HHB,5.281929969787598
4HHB,5.225851535797119
4HHB,5.343332290649414
4HHB,5.297723293304443
4HHB,5.219775676727295
4HHB,5.225851535797119
4HHB,5.010144233703613
4HHB,5.324106216430664
4HHB,5.227254390716553
4HHB,5.463868618011475
4HHB,5.276840686798096
4HHB,5.326451301574707
4HHB,5.245399475097656
4HHB,5.148885250091553
4HHB,9.133687019348145
4HHB,6.814631938934326
4HHB,5.173927307128906
4HHB,5.385624408721924
4HHB,5.30207633972168
4HHB,5.326526165008545
4HHB,5.222070217132568
4HHB,5.256943702697754
4HHB,11.788877487182617
4HHB,4.915302276611328
4HHB,5.630003452301025
4HHB,5.124845027923584
4HHB,5.009363174438477
4HHB,5.2395477294921875
4HHB,5.20292329788208
4HHB,5.586097717285156
4HHB,5.207800388336182
4HHB,5.913490295410156
4HHB,5.0658650398254395
4HHB,5.427741527557373
4HHB,5.240966320037842
4HHB,5.256914138793945
4HHB,5.357223033905029
4HHB,5.218186378479004
4HHB,5.786962985992432
4HHB,6.5189619064331055
4HHB,5.1131696701049805
4HHB,5.062656402587891
4HHB,5.222741603851318
4HHB,6.010681629180908
4HHB,8.413958549499512
4HHB,6.574578285217285
4HHB,5.948572635650635
4HHB,9.369991302490234
4HHB,6.026062488555908
4HHB,8.560873031616211
4HHB,5.303459167480469
4HHB,8.722270011901855
4HHB,5.523698329925537
4HHB,9.430825233459473
4HHB,5.250752925872803
4HHB,8.909428596496582
4HHB,9.344700813293457
4HHB,8.372478485107422
4HHB,9.393678665161133
4HHB,8.405366897583008
4HHB,5.781265735626221
4HHB,5.478784084320068
4HHB,8.22251033782959
4HHB,8.637164115905762
1CYO,10.653450012207031
1CYO,10.478728294372559
1CYO,8.349666595458984
1CYO,7.145205497741699
1CYO,6.671479225158691
1CYO,6.456149101257324
1CYO,5.47206974029541
1CYO,5.360516548156738
1CYO,5.354262351989746
1CYO,5.468587875366211
1CYO,5.371724605560303
1CYO,5.4996337890625
1CYO,5.409677505493164
1CYO,5.6382880210876465
1CYO,5.452254772186279
1CYO,5.437283992767334
1CYO,5.412843704223633
1CYO,5.664496898651123
1CYO,5.380608081817627
1CYO,5.472604274749756
1CYO,5.467426300048828
1CYO,5.380608081817627
1CYO,5.371724605560303
1CYO,5.524290561676025
1CYO,5.82023286819458
1CYO,5.481134414672852
1CYO,5.144027233123779
1CYO,5.832200527191162
1CYO,5.63115119934082
1CYO,5.235350131988525
1CYO,5.785029888153076
1CYO,5.381839752197266
1CYO,5.574896812438965
1CYO,6.603786468505859
1CYO,5.503180980682373
1CYO,5.36271858215332
1CYO,8.199501991271973
1CYO,5.468283176422119
1CYO,5.967354774475098
1CYO,5.922604560852051
1CYO,5.8520827293396
1CYO,5.818387508392334
1CYO,10.464864730834961
1CYO,8.04866886138916
1BDD,8.400644302368164
1BDD,7.980526447296143
1BDD,7.415288925170898
1BDD,7.457864761352539
1BDD,5.912686347961426
1BDD,6.924732685089111
1BDD,5.49689245223999
1BDD,5.3334221839904785
1BDD,8.23093318939209
1BDD,5.333499431610107
1BDD,5.224667549133301
1BDD,5.213037490844727
1BDD,5.16475248336792
1BDD,5.1501007080078125
1BDD,5.354536533355713
1BDD,5.180835723876953
1BDD,4.938446998596191
1BDD,5.067623615264893
1BDD,8.509817123413086
1BDD,4.829257488250732
1BDD,5.2937541007995605
1BDD,5.3871941566467285
1BDD,5.372666835784912
1BDD,5.649445533752441
1BDD,4.750702381134033
3NJG,9.75294303894043
3NJG,9.245734214782715
3NJG,7.607579708099365
3NJG,7.354493618011475
3NJG,7.032220363616943
3NJG,6.841089248657227
3NJG,9.58276081085205
3NJG,6.546652317047119
3NJG,6.860682010650635
3NJG,6.666521072387695
3NJG,7.475066184997559
3NJG,6.841089248657227
3NJG,6.128023624420166
3NJG,5.625025272369385
3NJG,6.4433465003967285
3NJG,5.634796619415283
3NJG,6.254693508148193
3NJG,5.717154502868652
3NJG,5.66405725479126
3NJG,5.562140464782715
3NJG,5.714258670806885
3NJG,5.660243988037109
3NJG,5.332603931427002
3NJG,5.604556083679199
3NJG,5.47127103805542
3NJG,5.505409240722656
3NJG,5.483941078186035
3NJG,5.458307266235352
3NJG,5.545639514923096
3NJG,5.62619161605835
3NJG,5.500927448272705
3NJG,5.820837497711182
3NJG,5.456990718841553
3NJG,5.613535404205322
3NJG,5.906693458557129
3NJG,5.7632575035095215
3NJG,5.28981351852417
3NJG,5.634748935699463
3NJG,5.972905158996582
3NJG,5.0858964920043945
3NJG,5.5897417068481445
3NJG,5.765230655670166
3NJG,5.661080360412598
3NJG,6.0032501220703125
3NJG,5.962545394897461
3NJG,5.680163860321045
3NJG,5.827919960021973
3NJG,5.77596378326416
3NJG,5.817030906677246
3NJG,5.875041484832764
3NJG,6.020623207092285
3NJG,5.706819534301758
3NJG,7.08058500289917
3NJG,5.847717761993408
3NJG,5.995246410369873
3NJG,6.111695289611816
3NJG,5.590444564819336
3NJG,6.369629859924316
3NJG,5.483514308929443
3NJG,5.823534965515137
3NJG,5.727132320404053
3NJG,5.607108116149902
3NJG,5.967520236968994
3NJG,6.114867687225342
3NJG,5.386261463165283
3NJG,8.228535652160645
3NJG,5.47324275970459
3NJG,5.588027477264404
3NJG,5.864343166351318
3NJG,5.7538228034973145
3NJG,5.632085800170898
3NJG,9.303460121154785
3NJG,7.857540607452393
3NJG,9.781538963317871
1CRN,6.087349891662598
1CRN,6.508461952209473
1CRN,6.142604351043701
1CRN,5.998562812805176
1CRN,5.5219645500183105
1CRN,5.651732444763184
1CRN,5.449637413024902
1CRN,6.609455585479736
1CRN,5.691897869110107
1CRN,5.587441921234131
1CRN,5.322489261627197
1CRN,5.423764228820801
1CRN,5.411970615386963
1CRN,5.451207160949707
1CRN,5.322489261627197
1CRN,5.414616584777832
1CRN,5.4856133460998535
1CRN,5.449637413024902
1CRN,5.483124732971191
1CRN,5.411970615386963
1CRN,5.295147895812988
1CRN,5.494253158569336
1CRN,5.446686267852783
1CRN,5.402583122253418
1CRN,5.414616584777832
1CRN,5.791436195373535
1CRN,5.470186710357666
1CRN,5.609605312347412
1CRN,7.858949661254883
1CRN,6.778213024139404
1FNF,9.817193984985352
1FNF,8.830599784851074
1FNF,9.073314666748047
1FNF,8.699584007263184
1FNF,8.896294593811035
1FNF,9.170626640319824
1FNF,9.11721134185791
1FNF,8.539098739624023
1FNF,8.850090026855469
1FNF,8.18165111541748
1FNF,8.428349494934082
1FNF,7.770299434661865
1FNF,8.467194557189941
1FNF,7.7790913581848145
1FNF,7.9003095626831055
1FNF,7.157016754150391
1FNF,7.062027931213379
1FNF,7.201083660125732
1FNF,7.050167083740234
1FNF,6.8334856033325195
1FNF,6.465554237365723
1FNF,8.112147331237793
1FNF,6.404616832733154
1FNF,6.556839466094971
1FNF,6.548151969909668
1FNF,6.042288303375244
1FNF,6.161902904510498
1FNF,6.129003524780273
1FNF,6.409409999847412
1FNF,6.251229763031006
1FNF,6.19332218170166
1FNF,5.906548500061035
1FNF,5.778996467590332
1FNF,5.797417640686035
1FNF,5.874112606048584
1FNF,5.718595027923584
1FNF,6.089618682861328
1FNF,5.534252166748047
1FNF,6.521841049194336
1FNF,6.172182083129883
1FNF,5.46286678314209
1FNF,5.544444561004639
1FNF,5.556398868560791
1FNF,5.699281692504883
1FNF,5.388605117797852
1FNF,5.597626209259033
1FNF,5.388341426849365
1FNF,5.652683258056641
1FNF,5.348237037658691
1FNF,5.7154388427734375
1FNF,5.489256858825684
1FNF,5.472243309020996
1FNF,5.828895092010498
1FNF,5.455959796905518
1FNF,5.656453609466553
1FNF,5.664855480194092
1FNF,5.646470069885254
1FNF,5.513584136962891
1FNF,5.5214056968688965
1FNF,7.941634178161621
1FNF,5.751162052154541
1FNF,6.055142879486084
1FNF,5.663270473480225
1FNF,5.915132522583008
1FNF,5.546477317810059
1FNF,5.672091007232666
1FNF,5.527213096618652
1FNF,5.413486003875732
1FNF,5.566568374633789
1FNF,5.534247875213623
1FNF,5.55930757522583
1FNF,5.414975643157959
1FNF,5.478996753692627
1FNF,5.321713447570801
1FNF,5.487638473510742
1FNF,5.294867515563965
1FNF,5.5785112380981445
1FNF,5.210751533508301
1FNF,5.6348042488098145
1FNF,5.461568832397461
1FNF,5.518223285675049
1FNF,5.230258464813232
1FNF,5.403068542480469
1FNF,5.310964107513428
1FNF,5.557310104370117
1FNF,5.695987701416016
1FNF,5.278395652770996
1FNF,5.121899127960205
1FNF,5.749385833740234
1FNF,5.80626916885376
1FNF,5.6833014488220215
1FNF,5.855766773223877
1FNF,5.412840843200684
1FNF,5.57297945022583
1FNF,5.845220565795898
1FNF,5.3424177169799805
1FNF,5.651932716369629
1FNF,5.792845726013184
1FNF,7.927109718322754
1FNF,5.369497776031494
1FNF,5.306243896484375
1FNF,4.941608428955078
1FNF,5.288971424102783
1FNF,5.465015888214111
1FNF,6.303371429443359
1FNF,5.293630599975586
1FNF,5.794219970703125
1FNF,5.39792013168335
1FNF,5.488519668579102
1FNF,6.341583251953125
1FNF,5.5385003089904785
1FNF,5.3017449378967285
1FNF,5.7177629470825195
1FNF,8.415323257446289
1FNF,4.897750377655029
1FNF,5.660248279571533
1FNF,5.373278617858887
1FNF,5.785048007965088
1FNF,5.736637115478516
1FNF,5.471824645996094
1FNF,5.681359767913818
1FNF,5.610661506652832
1FNF,7.884343147277832
1FNF,5.630853176116943
1FNF,5.543431758880615
1FNF,5.5593461990356445
1FNF,5.521737098693848
1FNF,5.466771602630615
1FNF,5.479877948760986
1FNF,5.652680397033691
1FNF,5.7282819747924805
1FNF,5.607375621795654
1FNF,5.503652572631836
1FNF,5.396620273590088
1FNF,5.780990123748779
1FNF,5.8306379318237305
1FNF,5.478250026702881
1FNF,5.432788848876953
1FNF,5.609111785888672
1FNF,5.5869293212890625
1FNF,5.711036682128906
1FNF,5.4993109703063965
1FNF,5.661274433135986
1FNF,5.78475284576416
1FNF,5.8920674324035645
1FNF,5.600109577178955
1FNF,5.628637790679932
1FNF,5.4645490646362305
1FNF,5.868429660797119
1FNF,5.768460750579834
1FNF,5.927845478057861
1FNF,5.609671592712402
1FNF,5.732170104980469
1FNF,5.306678295135498
1FNF,5.717411041259766
1FNF,5.608386516571045
1FNF,5.948777198791504
1FNF,5.633270740509033
1FNF,5.662652969360352
1FNF,9.152678489685059
1FNF,5.610369682312012
1FNF,5.793818950653076
1FNF,5.963932514190674
1FNF,5.5594162940979
1FNF,5.755034923553467
1FNF,5.7119669914245605
1FNF,5.903420448303223
1FNF,5.433287143707275
1FNF,8.385984420776367
1FNF,5.49465274810791
1FNF,5.737950325012207
1FNF,8.128854751586914
1FNF,9.403841972351074
1FNF,5.535747528076172
1FNF,5.647058486938477
1FNF,6.2371110916137695
1FNF,5.754924774169922
1FNF,5.98164176940918
1FNF,5.984135150909424
1FNF,5.613069534301758
1FNF,5.859638690948486
1FNF,8.779362678527832
1FNF,5.621015548706055
1FNF,5.54055643081665
1FNF,5.575209617614746
1FNF,5.941668510437012
1FNF,5.463598728179932
1FNF,5.725622177124023
1FNF,6.056046962738037
1FNF,5.914858818054199
1FNF,6.858129024505615
1FNF,5.415522575378418
1FNF,8.53463077545166
1FNF,6.303381443023682
1FNF,5.843643665313721
1FNF,5.622403144836426
1FNF,6.491040229797363
1FNF,5.188058376312256
1FNF,8.411787033081055
1FNF,8.41053581237793
1FNF,7.673388957977295
1FNF,7.607808589935303
1FNF,6.12570858001709
1FNF,6.180083274841309
1VII,7.043403148651123
1VII,6.048588752746582
1VII,8.84911823272705
1VII,5.457924842834473
1VII,5.585137844085693
1VII,5.471334934234619
1VII,5.357473850250244
1VII,5.2822699546813965
1VII,5.105498790740967
1VII,4.980705738067627
1VII,5.379280090332031
1VII,5.201523303985596
1VII,4.920770645141602
1VII,5.201523303985596
1VII,4.920770645141602
1VII,5.272885799407959
4ZQK,10.252876281738281
4ZQK,8.645252227783203
4ZQK,8.565112113952637
4ZQK,8.24494743347168
4ZQK,8.274112701416016
4ZQK,8.784433364868164
4ZQK,8.211237907409668
4ZQK,8.79130744934082
4ZQK,8.113258361816406
4ZQK,8.14354133605957
4ZQK,8.383267402648926
4ZQK,8.274651527404785
4ZQK,7.600212574005127
4ZQK,7.828916549682617
4ZQK,7.6024627685546875
4ZQK,8.30034065246582
4ZQK,7.739666938781738
4ZQK,8.651544570922852
4ZQK,6.993220806121826
4ZQK,7.307653427124023
4ZQK,6.666693687438965
4ZQK,6.472843647003174
4ZQK,6.762440204620361
4ZQK,8.670997619628906
4ZQK,6.943766117095947
4ZQK,5.823052406311035
4ZQK,5.571407794952393
4ZQK,5.57965612411499
4ZQK,7.870308876037598
4ZQK,5.523352146148682
4ZQK,5.52662467956543
4ZQK,5.483179569244385
4ZQK,5.673394203186035
4ZQK,5.590462684631348
4ZQK,5.547924041748047
4ZQK,5.655907154083252
4ZQK,5.497401714324951
4ZQK,5.592557430267334
4ZQK,6.945568561553955
4ZQK,5.800159454345703
4ZQK,5.343522071838379
4ZQK,7.289875030517578
4ZQK,5.536891460418701
4ZQK,5.3681511878967285
4ZQK,5.265802383422852
4ZQK,5.613034248352051
4ZQK,5.429266929626465
4ZQK,5.436368465423584
4ZQK,5.4578423500061035
4ZQK,5.509995937347412
4ZQK,5.6203155517578125
4ZQK,5.55582857131958
4ZQK,5.737425804138184
4ZQK,5.445628643035889
4ZQK,5.590824127197266
4ZQK,5.2564826011657715
4ZQK,5.478531837463379
4ZQK,5.621595859527588
4ZQK,5.3683247566223145
4ZQK,6.09423303604126
4ZQK,5.4354777336120605
4ZQK,5.581252098083496
4ZQK,5.6378984451293945
4ZQK,5.695727825164795
4ZQK,5.480037212371826
4ZQK,5.691315650939941
4ZQK,5.462323188781738
4ZQK,5.406196594238281
4ZQK,5.397763252258301
4ZQK,5.2513041496276855
4ZQK,5.721056938171387
4ZQK,5.685755252838135
4ZQK,5.705806255340576
4ZQK,5.4216156005859375
4ZQK,5.483463764190674
4ZQK,5.324731826782227
4ZQK,5.732723236083984
4ZQK,5.740921497344971
4ZQK,5.1297688484191895
4ZQK,5.6195387840271
4ZQK,5.863833427429199
4ZQK,5.390412330627441
4ZQK,5.649904251098633
4ZQK,5.920552730560303
4ZQK,5.470198631286621
4ZQK,6.941989898681641
4ZQK,6.057438850402832
4ZQK,5.630277156829834
4ZQK,5.637179851531982
4ZQK,5.730316162109375
4ZQK,5.739162445068359
4ZQK,5.709543228149414
4ZQK,5.3639116287231445
4ZQK,5.7725372314453125
4ZQK,8.843402862548828
4ZQK,5.930574893951416
4ZQK,6.03240966796875
4ZQK,5.631943702697754
4ZQK,5.957159042358398
4ZQK,5.248825550079346
4ZQK,5.833834171295166
4ZQK,5.705204963684082
4ZQK,5.881049633026123
4ZQK,5.875023365020752
4ZQK,5.924324035644531
4ZQK,6.161776542663574
4ZQK,5.5691728591918945
4ZQK,5.691740036010742
4ZQK,5.591907024383545
4ZQK,5.537922382354736
4ZQK,5.679242134094238
4ZQK,5.890718460083008
4ZQK,7.087903022766113
4ZQK,5.472070217132568
4ZQK,5.813259124755859
4ZQK,5.947446823120117
4ZQK,6.919735908508301
4ZQK,5.759295463562012
4ZQK,9.221185684204102
4ZQK,5.805261611938477
4ZQK,6.112698554992676
4ZQK,6.205557823181152
4ZQK,5.549234390258789
4ZQK,6.0183820724487305
4ZQK,5.664670467376709
4ZQK,5.889000415802002
4ZQK,5.933940887451172
4ZQK,5.834041118621826
4ZQK,8.366345405578613
4ZQK,9.133004188537598
4ZQK,6.031318187713623
4ZQK,8.975102424621582
4ZQK,5.848189353942871
4ZQK,5.184906482696533
1TEN,10.332127571105957
1TEN,9.033470153808594
1TEN,8.155879974365234
1TEN,7.959538459777832
1TEN,8.392932891845703
1TEN,6.650267601013184
1TEN,5.921420574188232
1TEN,5.878498554229736
1TEN,5.59976863861084
1TEN,5.739605903625488
1TEN,5.632198810577393
1TEN,5.489048957824707
1TEN,5.5823974609375
1TEN,5.669472694396973
1TEN,5.614811420440674
1TEN,5.462512493133545
1TEN,5.58768892288208
1TEN,5.654789924621582
1TEN,5.46483039855957
1TEN,5.577123641967773
1TEN,5.4081807136535645
1TEN,5.390566825866699
1TEN,5.4768757820129395
1TEN,5.355839729309082
1TEN,5.589821815490723
1TEN,5.423057556152344
1TEN,5.793622016906738
1TEN,5.311742782592773
1TEN,5.586879253387451
1TEN,5.81770133972168
1TEN,5.824278354644775
1TEN,5.574027061462402
1TEN,5.446231842041016
1TEN,5.6835126876831055
1TEN,5.763436317443848
1TEN,5.744969367980957
1TEN,5.840475559234619
1TEN,5.75888204574585
1TEN,5.803040027618408
1TEN,7.651875019073486
1TEN,5.80660343170166
1TEN,5.803432464599609
1TEN,5.8876495361328125
1TEN,6.012089729309082
1TEN,5.782260417938232
1TEN,5.962564468383789
1TEN,5.839648246765137
1TEN,8.42817211151123
1TEN,5.640286922454834
1TEN,5.88502311706543
1TEN,6.230511665344238
1TEN,8.97114372253418
1TEN,6.090543270111084
1TIM,8.645368576049805
1TIM,8.467451095581055
1TIM,8.481940269470215
1TIM,8.181886672973633
1TIM,8.551413536071777
1TIM,8.40160083770752
1TIM,8.56673812866211
1TIM,8.398723602294922
1TIM,8.130970001220703
1TIM,8.529402732849121
1TIM,7.745372772216797
1TIM,8.088386535644531
1TIM,8.077056884765625
1TIM,7.485434055328369
1TIM,7.564979553222656
1TIM,8.077817916870117
1TIM,7.6428399085998535
1TIM,7.481332302093506
1TIM,7.4675469398498535
1TIM,7.787791728973389
1TIM,7.565836429595947
1TIM,8.408615112304688
1TIM,8.039106369018555
1TIM,7.593623638153076
1TIM,10.809741020202637
1TIM,8.421152114868164
1TIM,7.643638610839844
1TIM,8.530536651611328
1TIM,6.977466106414795
1TIM,6.948360443115234
1TIM,8.378314971923828
1TIM,7.027599811553955
1TIM,7.62795877456665
1TIM,7.170399188995361
1TIM,7.680107593536377
1TIM,8.356505393981934
1TIM,6.946281433105469
1TIM,6.687628269195557
1TIM,6.916848182678223
1TIM,7.781675815582275
1TIM,7.417944431304932
1TIM,6.615787029266357
1TIM,6.7027435302734375
1TIM,7.456568241119385
1TIM,6.903226375579834
1TIM,8.614702224731445
1TIM,8.077817916870117
1TIM,6.958861351013184
1TIM,6.843389511108398
1TIM,7.92889404296875
1TIM,6.591332912445068
1TIM,6.400722980499268
1TIM,6.979333400726318
1TIM,8.49930191040039
1TIM,6.8197855949401855
1TIM,6.2233076095581055
1TIM,7.151269912719727
1TIM,6.563179016113281
1TIM,6.619131088256836
1TIM,6.77322244644165
1TIM,7.148956298828125
1TIM,8.809511184692383
1TIM,6.368985176086426
1TIM,6.097707271575928
1TIM,6.247618675231934
1TIM,6.057612419128418
1TIM,7.117882251739502
1TIM,8.923340797424316
1TIM,6.295236110687256
1TIM,6.003454685211182
1TIM,6.063546180725098
1TIM,6.497754096984863
1TIM,7.377405643463135
1TIM,6.6427812576293945
1TIM,6.004430294036865
1TIM,6.182088851928711
1TIM,8.521807670593262
1TIM,6.126882553100586
1TIM,6.019955635070801
1TIM,6.991243839263916
1TIM,7.564979553222656
1TIM,6.193291187286377
1TIM,6.2671895027160645
1TIM,5.706266403198242
1TIM,6.049620151519775
1TIM,6.177873134613037
1TIM,8.189804077148438
1TIM,5.868746757507324
1TIM,7.6380157470703125
1TIM,5.540746688842773
1TIM,6.531716823577881
1TIM,6.329183578491211
1TIM,5.5290117263793945
1TIM,5.601128578186035
1TIM,5.674355983734131
1TIM,5.686453342437744
1TIM,5.699725151062012
1TIM,5.481010913848877
1TIM,6.012816905975342
1TIM,5.961435317993164
1TIM,5.754574775695801
1TIM,5.6197381019592285
1TIM,6.1180644035339355
1TIM,6.209074020385742
1TIM,5.483803749084473
1TIM,5.559254169464111
1TIM,6.053137302398682
1TIM,5.44422721862793
1TIM,6.160798072814941
1TIM,5.5242228507995605
1TIM,5.5601725578308105
1TIM,5.593034267425537
1TIM,5.884581565856934
1TIM,7.076272964477539
1TIM,5.6801018714904785
1TIM,5.51186466217041
1TIM,5.5242228507995605
1TIM,5.398203372955322
1TIM,5.54338264465332
1TIM,5.603992462158203
1TIM,5.425982475280762
1TIM,5.819809913635254
1TIM,5.385138988494873
1TIM,5.845047473907471
1TIM,5.3703532218933105
1TIM,5.592383861541748
1TIM,5.554168224334717
1TIM,5.499841213226318
1TIM,5.464029788970947
1TIM,5.5474419593811035
1TIM,5.601036548614502
1TIM,5.329283237457275
1TIM,5.464300632476807
1TIM,5.474496841430664
1TIM,5.760228157043457
1TIM,5.608908653259277
1TIM,5.449230194091797
1TIM,5.413456916809082
1TIM,5.554168224334717
1TIM,5.469194412231445
1TIM,5.485791206359863
1TIM,5.456540107727051
1TIM,6.0165886878967285
1TIM,5.3243889808654785
1TIM,5.284400939941406
1TIM,5.641583442687988
1TIM,5.469194412231445
1TIM,5.485720157623291
1TIM,5.493275165557861
1TIM,5.5601725578308105
1TIM,5.350574016571045
1TIM,5.440452575683594
1TIM,5.47266960144043
1TIM,5.518697738647461
1TIM,5.2941060066223145
1TIM,5.22678279876709
1TIM,5.5458855628967285
1TIM,5.485791206359863
1TIM,5.220829486846924
1TIM,5.346538066864014
1TIM,5.532530784606934
1TIM,5.321858882904053
1TIM,6.239537715911865
1TIM,5.552127838134766
1TIM,5.206869602203369
1TIM,5.6837849617004395
1TIM,5.281368255615234
1TIM,5.474137306213379
1TIM,5.5474419593811035
1TIM,5.206869602203369
1TIM,5.416129112243652
1TIM,5.242798328399658
1TIM,5.22652530670166
1TIM,5.304408073425293
1TIM,6.166231632232666
1TIM,5.691830158233643
1TIM,5.300882816314697
1TIM,5.577629089355469
1TIM,5.386319637298584
1TIM,5.44422721862793
1TIM,5.5290117263793945
1TIM,5.4190754890441895
1TIM,5.4623613357543945
1TIM,5.425874710083008
1TIM,5.439938068389893
1TIM,5.913284778594971
1TIM,6.070540904998779
1TIM,5.487105846405029
1TIM,6.277071952819824
1TIM,6.461203098297119
1TIM,5.224706172943115
1TIM,5.591264247894287
1TIM,5.350574016571045
1TIM,5.778217315673828
1TIM,6.064170837402344
1TIM,5.51186466217041
1TIM,5.920251369476318
1TIM,5.354816436767578
1TIM,6.027249813079834
1TIM,5.386319637298584
1TIM,6.103521347045898
1TIM,5.472619533538818
1TIM,5.413456916809082
1TIM,5.284517288208008
1TIM,5.5244927406311035
1TIM,5.174257278442383
1TIM,5.300882816314697
1TIM,8.613064765930176
1TIM,5.329283237457275
1TIM,5.242798328399658
1TIM,5.499841213226318
1TIM,5.173894882202148
1TIM,5.263653755187988
1TIM,6.046752452850342
1TIM,5.157456874847412
1TIM,5.321858882904053
1TIM,5.41743278503418
1TIM,5.644966125488281
1TIM,6.235544204711914
1TIM,5.531218528747559
1TIM,5.358879566192627
1TIM,6.571400165557861
1TIM,5.954216957092285
1TIM,5.805210590362549
1TIM,5.292883396148682
1TIM,6.150907516479492
1TIM,5.281368255615234
1TIM,5.405790328979492
1TIM,5.7789130210876465
1TIM,5.215766906738281
1TIM,5.512086868286133
1TIM,5.106631755828857
1TIM,5.338919639587402
1TIM,5.090902805328369
1TIM,5.490572452545166
1TIM,5.3243889808654785
1TIM,5.995961666107178
1TIM,5.136892318725586
1TIM,5.593663692474365
1TIM,5.22652530670166
1TIM,6.138979434967041
1TIM,5.068211555480957
1TIM,5.376624584197998
1TIM,6.224167346954346
1TIM,6.285876750946045
1TIM,5.319545745849609
1TIM,5.196009159088135
1TIM,5.339344024658203
1TIM,5.266533374786377
1TIM,5.416129112243652
1TIM,6.050550937652588
1TIM,5.313747406005859
1TIM,6.16734504699707
1TIM,5.231070518493652
1TIM,5.445295810699463
1TIM,5.292883396148682
1TIM,5.319545745849609
1TIM,5.94936466217041
1TIM,5.584704399108887
1TIM,6.10220193862915
1TIM,5.304408073425293
1TIM,5.093408584594727
1TIM,5.654730319976807
1TIM,5.986985206604004
1TIM,6.132289409637451
1TIM,6.1044769287109375
1TIM,5.170785903930664
1TIM,5.113000869750977
1TIM,5.394769191741943
1TIM,5.420696258544922
1TIM,6.169060230255127
1TIM,5.39232873916626
1TIM,5.102566719055176
1TIM,6.32943868637085
1TIM,7.128877639770508
1TIM,6.071899890899658
1TIM,5.13230037689209
1TIM,5.231070518493652
1TIM,5.196009159088135
1TIM,6.200241565704346
1TIM,5.339344024658203
1TIM,6.423985958099365
1TIM,6.044675827026367
1TIM,7.064569473266602
1TIM,5.295825958251953
1TIM,6.215385913848877
1TIM,5.66758918762207
1TIM,5.887086391448975
1TIM,5.177294731140137
1TIM,5.4296183586120605
1TIM,7.203804969787598
1TIM,5.737613201141357
1TIM,5.354816436767578
1TIM,7.1108903884887695
1TIM,4.989258289337158
1TIM,5.03895902633667
1TIM,5.13230037689209
1TIM,5.284400939941406
1TIM,5.039654731750488
1TIM,5.760176181793213
1TIM,5.899494647979736
1TIM,5.317883014678955
1TIM,5.330009460449219
1TIM,5.124587535858154
1TIM,5.115669250488281
1TIM,5.136892318725586
1TIM,5.466281414031982
1TIM,5.710628986358643
1TIM,7.091206073760986
1TIM,5.376624584197998
1TIM,7.451162815093994
1TIM,5.0148396492004395
1TIM,8.458123207092285
1TIM,5.160663604736328
1TIM,6.14852237701416
1TIM,5.186450481414795
1TIM,5.760202884674072
1TIM,5.358879566192627
1TIM,7.439615726470947
1TIM,8.198994636535645
1TIM,8.13536262512207
1TIM,8.736456871032715
1TIM,5.220829486846924
1TIM,4.947555065155029
1TIM,5.934368133544922
1TIM,9.713669776916504
1TIM,5.385138988494873
1TIM,5.04716157913208
1TIM,6.171538352966309
1TIM,5.215766906738281
1TIM,5.755725860595703
1TIM,7.026266574859619
1TIM,5.202663421630859
1TIM,6.0251784324646
1TIM,5.359131336212158
1TIM,5.938370227813721
1TIM,5.232129096984863
1TIM,7.6936469078063965
1TIM,5.282177925109863
1TIM,5.157431125640869
1TIM,4.8389458656311035
1TIM,6.104777812957764
1TIM,8.896123886108398
1TIM,6.224237442016602
1TIM,6.13836145401001
1TIM,9.138325691223145
1TIM,5.408777236938477
1TIM,8.447763442993164
1TIM,5.788474082946777
1TIM,5.981566429138184
1TIM,4.796172618865967
1TIM,5.733972072601318
1TIM,4.487282752990723
1TIM,5.1803717613220215
1TIM,5.704124927520752
1TIM,5.6210479736328125
1TIM,7.766944408416748
1TIM,7.733183860778809
1TIM,9.380578994750977
1TIM,8.374808311462402
1TIM,9.294877052307129
1TIM,8.624865531921387
1TIM,7.440120697021484
1TIM,8.65778923034668
1TIM,7.7777252197265625
1TIM,8.33757209777832
1TIM,8.782611846923828
1UBQ,8.201924324035645
1UBQ,8.212453842163086
1UBQ,8.392814636230469
1UBQ,6.588667392730713
1UBQ,5.7366485595703125
1UBQ,5.690828323364258
1UBQ,6.452714443206787
1UBQ,5.788339614868164
1UBQ,5.5057053565979
1UBQ,5.311951160430908
1UBQ,5.372360706329346
1UBQ,5.355118274688721
1UBQ,5.401710510253906
1UBQ,5.292328834533691
1UBQ,5.4638352394104
1UBQ,5.378905296325684
1UBQ,5.668285369873047
1UBQ,5.609918594360352
1UBQ,5.376585960388184
1UBQ,5.260250568389893
1UBQ,5.317514896392822
1UBQ,5.355118274688721
1UBQ,6.038177967071533
1UBQ,5.401710510253906
1UBQ,5.376585960388184
1UBQ,5.692392349243164
1UBQ,5.700907230377197
1UBQ,5.559334754943848
1UBQ,5.277069091796875
1UBQ,5.967820167541504
1UBQ,8.67428970336914
1UBQ,6.1070966720581055
1UBQ,5.817336082458496
1UBQ,5.979747772216797
1UBQ,5.566503047943115
1UBQ,5.711633205413818
1UBQ,8.100018501281738
1UBQ,6.020375728607178
1UBQ,5.497876167297363
1UBQ,6.0594305992126465
1UBQ,8.53816032409668
2F21,10.628059387207031
2F21,8.427460670471191
2F21,8.177207946777344
2F21,7.5966057777404785
2F21,6.991131782531738
2F21,7.268086910247803
2F21,7.274496555328369
2F21,6.836298942565918
2F21,6.6495680809021
2F21,7.200329780578613
2F21,7.27473258972168
2F21,6.557045936584473
2F21,7.4742751121521
2F21,6.582620143890381
2F21,6.256436824798584
2F21,5.706671237945557
2F21,6.046440124511719
2F21,5.601214408874512
2F21,5.576152801513672
2F21,5.635869026184082
2F21,5.596481800079346
2F21,5.521007061004639
2F21,5.884119033813477
2F21,5.4901251792907715
2F21,5.691008567810059
2F21,5.78343391418457
2F21,5.675465106964111
2F21,5.518822193145752
2F21,5.416086673736572
2F21,5.545841693878174
2F21,5.429644584655762
2F21,5.473357200622559
2F21,5.47622537612915
2F21,5.56429386138916
2F21,5.293636798858643
2F21,7.848606586456299
2F21,5.485948085784912
2F21,5.4561638832092285
2F21,5.52786111831665
2F21,5.369901657104492
2F21,5.464228630065918
2F21,5.501489639282227
2F21,5.419105529785156
2F21,5.4809722900390625
2F21,5.370334148406982
2F21,5.4553632736206055
2F21,5.298549652099609
2F21,5.517007350921631
2F21,5.346747875213623
2F21,5.423527240753174
2F21,5.47622537612915
2F21,5.2319655418396
2F21,5.423527240753174
2F21,5.518462181091309
2F21,5.56429386138916
2F21,5.721261024475098
2F21,5.287590503692627
2F21,5.60470724105835
2F21,5.473357200622559
2F21,5.917703628540039
2F21,5.193723678588867
2F21,5.370334148406982
2F21,5.427950859069824
2F21,5.504673004150391
2F21,5.426167011260986
2F21,5.46286153793335
2F21,5.401797771453857
2F21,5.298549652099609
2F21,5.381970405578613
2F21,5.369901657104492
2F21,5.419105529785156
2F21,5.627710819244385
2F21,5.781052112579346
2F21,5.650733947753906
2F21,5.558177471160889
2F21,5.600918769836426
2F21,6.085786819458008
2F21,4.840460777282715
2F21,5.984930038452148
2F21,5.595432281494141
2F21,5.864625453948975
2F21,5.70851993560791
2F21,5.702036380767822
2F21,5.290483474731445
2F21,5.876813888549805
2F21,5.979178428649902
2F21,6.016684532165527
2F21,7.553045749664307
2F21,8.34110164642334
2F21,5.862605094909668
2F21,7.196529388427734
2F21,5.823566436767578
2F21,6.249341011047363
2F21,9.049491882324219
1LYZ,8.390223503112793
1LYZ,8.275025367736816
1LYZ,8.720181465148926
1LYZ,8.340768814086914
1LYZ,7.330780982971191
1LYZ,6.493669509887695
1LYZ,6.952301502227783
1LYZ,7.781597137451172
1LYZ,7.37220573425293
1LYZ,8.143139839172363
1LYZ,7.29130744934082
1LYZ,5.823559761047363
1LYZ,5.796962261199951
1LYZ,5.615382194519043
1LYZ,5.5554728507995605
1LYZ,5.826175212860107
1LYZ,6.277817726135254
1LYZ,5.446885585784912
1LYZ,5.481071949005127
1LYZ,5.5199480056762695
1LYZ,6.798373699188232
1LYZ,5.3096466064453125
1LYZ,5.602750301361084
1LYZ,5.268021583557129
1LYZ,7.661226272583008
1LYZ,5.5385823249816895
1LYZ,5.528410911560059
1LYZ,5.314450740814209
1LYZ,5.177555084228516
1LYZ,5.43489408493042
1LYZ,5.5694899559021
1LYZ,5.237010478973389
1LYZ,5.157308578491211
1LYZ,5.474736213684082
1LYZ,5.467824935913086
1LYZ,5.209623336791992
1LYZ,5.338516712188721
1LYZ,5.187272071838379
1LYZ,5.106464862823486
1LYZ,5.274478912353516
1LYZ,5.465106010437012
1LYZ,5.237010478973389
1LYZ,5.021060943603516
1LYZ,5.217373847961426
1LYZ,5.182143688201904
1LYZ,5.588594913482666
1LYZ,5.481071949005127
1LYZ,6.445403575897217
1LYZ,5.439191818237305
1LYZ,6.492010116577148
1LYZ,5.274478912353516
1LYZ,5.690817832946777
1LYZ,6.074326515197754
1LYZ,5.3154072761535645
1LYZ,5.445779800415039
1LYZ,5.529693603515625
1LYZ,9.168312072753906
1LYZ,6.796511173248291
1LYZ,6.5057878494262695
1LYZ,5.280171871185303
1LYZ,5.0960307121276855
1LYZ,8.036408424377441
1LYZ,4.959116458892822
1LYZ,5.474736213684082
1LYZ,5.486202716827393
1LYZ,7.678580284118652
1LYZ,5.752346038818359
1LYZ,5.433824062347412
1LYZ,6.336731433868408
1LYZ,6.153979778289795
1AKE,9.836050033569336
1AKE,9.927801132202148
1AKE,9.284065246582031
1AKE,9.231768608093262
1AKE,9.283174514770508
1AKE,8.76586627960205
1AKE,8.533140182495117
1AKE,8.465968132019043
1AKE,8.696762084960938
1AKE,8.538497924804688
1AKE,8.995563507080078
1AKE,8.39744758605957
1AKE,8.232184410095215
1AKE,8.192073822021484
1AKE,7.944036960601807
1AKE,9.046181678771973
1AKE,8.225385665893555
1AKE,9.19111156463623
1AKE,8.26169490814209
1AKE,9.414036750793457
1AKE,7.645702362060547
1AKE,7.6609907150268555
1AKE,9.338201522827148
1AKE,7.560448169708252
1AKE,7.515358924865723
1AKE,7.595057964324951
1AKE,8.022101402282715
1AKE,7.919406890869141
1AKE,7.226695537567139
1AKE,7.527285575866699
1AKE,8.122770309448242
1AKE,8.244124412536621
1AKE,6.937455654144287
1AKE,6.768287181854248
1AKE,8.199966430664062
1AKE,8.240119934082031
1AKE,6.927542209625244
1AKE,6.917757034301758
1AKE,6.879250526428223
1AKE,6.936049938201904
1AKE,7.892189025878906
1AKE,8.338276863098145
1AKE,8.016597747802734
1AKE,8.757585525512695
1AKE,7.057386875152588
1AKE,9.053810119628906
1AKE,10.048666000366211
1AKE,7.230364799499512
1AKE,6.150960922241211
1AKE,8.381290435791016
1AKE,6.194432735443115
1AKE,6.503440856933594
1AKE,7.379828453063965
1AKE,9.674824714660645
1AKE,6.150249004364014
1AKE,7.8621416091918945
1AKE,6.467425346374512
1AKE,6.496337413787842
1AKE,6.235430717468262
1AKE,6.169991493225098
1AKE,5.982461452484131
1AKE,7.009553909301758
1AKE,7.878983020782471
1AKE,6.64375638961792
1AKE,5.895719051361084
1AKE,6.134185314178467
1AKE,8.014859199523926
1AKE,5.973423480987549
1AKE,5.782401084899902
1AKE,7.917971134185791
1AKE,5.808357238769531
1AKE,6.164920330047607
1AKE,5.7050089836120605
1AKE,5.713886737823486
1AKE,5.6922783851623535
1AKE,5.504341125488281
1AKE,5.95794677734375
1AKE,5.5642523765563965
1AKE,5.576788425445557
1AKE,5.466629981994629
1AKE,6.752986907958984
1AKE,5.500895977020264
1AKE,5.602600574493408
1AKE,5.619384288787842
1AKE,5.496791839599609
1AKE,5.434723854064941
1AKE,5.496133804321289
1AKE,5.436026096343994
1AKE,5.514379024505615
1AKE,5.581751346588135
1AKE,5.484665393829346
1AKE,5.69899320602417
1AKE,5.526772975921631
1AKE,5.715971946716309
1AKE,5.597980976104736
1AKE,6.274197101593018
1AKE,5.421606063842773
1AKE,5.538952827453613
1AKE,5.410189628601074
1AKE,5.398507595062256
1AKE,5.967538833618164
1AKE,5.461610794067383
1AKE,5.427080154418945
1AKE,5.468725204467773
1AKE,5.328087329864502
1AKE,5.342061519622803
1AKE,5.324370861053467
1AKE,5.423207759857178
1AKE,5.467818260192871
1AKE,5.340073108673096
1AKE,5.465297698974609
1AKE,5.272892951965332
1AKE,5.594107627868652
1AKE,5.385500907897949
1AKE,5.446653366088867
1AKE,5.526392936706543
1AKE,5.337641716003418
1AKE,5.3469343185424805
1AKE,5.371962547302246
1AKE,5.376097202301025
1AKE,5.821903705596924
1AKE,5.454436302185059
1AKE,5.95844841003418
1AKE,5.436967849731445
1AKE,5.294846057891846
1AKE,5.351878643035889
1AKE,5.5259785652160645
1AKE,5.553188800811768
1AKE,5.504548072814941
1AKE,5.454436302185059
1AKE,5.590561389923096
1AKE,5.454867839813232
1AKE,8.558499336242676
1AKE,5.522157669067383
1AKE,5.340504169464111
1AKE,5.496791839599609
1AKE,5.397960186004639
1AKE,5.478636264801025
1AKE,5.383023738861084
1AKE,5.481788158416748
1AKE,5.541870594024658
1AKE,5.293254852294922
1AKE,5.342061519622803
1AKE,5.711203098297119
1AKE,5.311801433563232
1AKE,5.353015422821045
1AKE,5.57888126373291
1AKE,5.27744722366333
1AKE,5.319072246551514
1AKE,5.925227642059326
1AKE,6.147948741912842
1AKE,6.949301719665527
1AKE,5.337641716003418
1AKE,5.480249404907227
1AKE,5.410189628601074
1AKE,5.3838396072387695
1AKE,5.340504169464111
1AKE,5.319072246551514
1AKE,5.355780601501465
1AKE,5.985295295715332
1AKE,5.275257587432861
1AKE,5.701857566833496
1AKE,5.4651384353637695
1AKE,5.6484150886535645
1AKE,5.458852291107178
1AKE,5.275692462921143
1AKE,5.324370861053467
1AKE,5.4048237800598145
1AKE,5.434723854064941
1AKE,5.720250606536865
1AKE,5.382838249206543
1AKE,5.943689823150635
1AKE,5.324038982391357
1AKE,5.350525856018066
1AKE,5.313739776611328
1AKE,5.391582489013672
1AKE,5.311801433563232
1AKE,6.047574043273926
1AKE,5.489831447601318
1AKE,5.360203266143799
1AKE,5.275886535644531
1AKE,5.351878643035889
1AKE,5.35617208480835
1AKE,5.446796894073486
1AKE,5.6822638511657715
1AKE,5.4535136222839355
1AKE,5.414392948150635
1AKE,5.550206661224365
1AKE,5.33444881439209
1AKE,5.226864814758301
1AKE,5.6709885597229
1AKE,5.758895397186279
1AKE,5.349117755889893
1AKE,5.388517379760742
1AKE,5.477441310882568
1AKE,5.33009672164917
1AKE,5.57888126373291
1AKE,5.500433921813965
1AKE,5.6371893882751465
1AKE,5.419078826904297
1AKE,5.371962547302246
1AKE,5.417050838470459
1AKE,8.584339141845703
1AKE,5.294846057891846
1AKE,5.61849308013916
1AKE,5.435134410858154
1AKE,5.9362053871154785
1AKE,5.470422744750977
1AKE,5.645164966583252
1AKE,5.402864933013916
1AKE,5.410846710205078
1AKE,5.965891361236572
1AKE,5.355780601501465
1AKE,5.481033802032471
1AKE,5.498233795166016
1AKE,5.300253868103027
1AKE,5.353015422821045
1AKE,5.176923751831055
1AKE,5.244931697845459
1AKE,5.367129802703857
1AKE,5.296894550323486
1AKE,5.931387424468994
1AKE,5.8175740242004395
1AKE,5.423837184906006
1AKE,5.33444881439209
1AKE,5.3729753494262695
1AKE,5.382838249206543
1AKE,5.300253868103027
1AKE,5.849793434143066
1AKE,5.596301078796387
1AKE,5.573808670043945
1AKE,8.283576011657715
1AKE,5.381314277648926
1AKE,5.716381549835205
1AKE,8.975675582885742
1AKE,5.275257587432861
1AKE,5.275886535644531
1AKE,5.332115650177002
1AKE,5.244931697845459
1AKE,5.421606063842773
1AKE,5.340073108673096
1AKE,5.514379024505615
1AKE,5.272892951965332
1AKE,5.296894550323486
1AKE,5.175561428070068
1AKE,8.812668800354004
1AKE,5.415343761444092
1AKE,5.495486259460449
1AKE,5.192605495452881
1AKE,5.350525856018066
1AKE,5.602600574493408
1AKE,5.367129802703857
1AKE,5.974778175354004
1AKE,5.78375244140625
1AKE,8.570480346679688
1AKE,5.517834663391113
1AKE,5.22078800201416
1AKE,5.324038982391357
1AKE,5.360203266143799
1AKE,5.136740684509277
1AKE,5.908131122589111
1AKE,5.8745856285095215
1AKE,5.275692462921143
1AKE,5.532224178314209
1AKE,6.070981025695801
1AKE,6.242997646331787
1AKE,5.099884986877441
1AKE,5.788833141326904
1AKE,5.176923751831055
1AKE,5.159256458282471
1AKE,5.722751140594482
1AKE,5.433133602142334
1AKE,5.332115650177002
1AKE,5.192605495452881
1AKE,5.918397426605225
1AKE,5.632853031158447
1AKE,5.355623245239258
1AKE,5.795090198516846
1AKE,6.06719970703125
1AKE,5.597980976104736
1AKE,7.099631309509277
1AKE,5.638797760009766
1AKE,5.287750244140625
1AKE,8.824054718017578
1AKE,5.5463786125183105
1AKE,5.524402141571045
1AKE,5.986330032348633
1AKE,5.105279922485352
1AKE,5.0573577880859375
1AKE,6.132878303527832
1AKE,5.4299092292785645
1AKE,5.616317272186279
1AKE,5.987509250640869
1AKE,10.05952262878418
1AKE,9.149224281311035
1AKE,10.471837997436523
1AKE,5.375156402587891
1AKE,5.906954288482666
1AKE,7.392578125
1AKE,5.996706485748291
1AKE,5.565009593963623
1AKE,5.423207759857178
1AKE,5.100072860717773
1AKE,9.183504104614258
1AKE,5.8147807121276855
1AKE,5.73057222366333
1AKE,5.952780723571777
1AKE,8.731728553771973
1AKE,5.932082176208496
1AKE,5.921303749084473
2GB1,8.624356269836426
2GB1,8.429020881652832
2GB1,7.855042934417725
2GB1,7.542696952819824
2GB1,5.883328914642334
2GB1,6.040076732635498
2GB1,6.256412029266357
2GB1,5.234872817993164
2GB1,5.679400444030762
2GB1,5.842443466186523
2GB1,5.439669609069824
2GB1,5.27975606918335
2GB1,5.707204341888428
2GB1,5.246547698974609
2GB1,5.5902862548828125
2GB1,4.944685459136963
2GB1,5.576240539550781
2GB1,5.093474388122559
2GB1,4.9921064376831055
2GB1,5.199355602264404
2GB1,5.720486164093018
2GB1,5.465959072113037
2GB1,6.110533714294434
2GB1,5.055358409881592
2GB1,5.423583030700684
2GB1,6.2028727531433105
2GB1,5.010620594024658
2GB1,6.024498462677002
2GB1,6.032532215118408
2GB1,5.4589385986328125
2GB1,5.78863000869751
2GB1,5.273759365081787
2GB1,8.76393985748291
1AHO,7.679927349090576
1AHO,5.793155193328857
1AHO,5.650411605834961
1AHO,5.587412357330322
1AHO,5.728074073791504
1AHO,5.421164512634277
1AHO,5.421164512634277
1AHO,5.469412326812744
1AHO,5.401930332183838
1AHO,5.258711814880371
1AHO,5.401930332183838
1AHO,5.258054256439209
1AHO,7.5115509033203125
1AHO,5.931882858276367
1AHO,5.108467102050781
1AHO,5.164127349853516
1AHO,5.310871124267578
1AHO,9.026975631713867
1AHO,5.695851802825928
1AHO,5.5670485496521
1AHO,5.656774997711182
1AHO,6.764946460723877
1AHO,5.565087795257568
1AHO,5.183729648590088
1AHO,5.8944292068481445
1AHO,5.73016357421875
1AHO,5.803350448608398
1AAP,7.289093494415283
1AAP,7.218210697174072
1AAP,7.100854396820068
1AAP,7.043070316314697
1AAP,7.1190338134765625
1AAP,7.09520149230957
1AAP,7.025496006011963
1AAP,7.323882102966309
1AAP,7.163337230682373
1AAP,6.625241756439209
1AAP,6.233073711395264
1AAP,6.646175861358643
1AAP,6.244722366333008
1AAP,6.551398754119873
1AAP,5.952939033508301
1AAP,6.557789325714111
1AAP,5.666654586791992
1AAP,6.5695576667785645
1AAP,5.545055389404297
1AAP,5.672338962554932
1AAP,6.282964706420898
1AAP,6.6008148193359375
1AAP,7.633173942565918
1AAP,5.52281379699707
1AAP,5.44132137298584
1AAP,5.477393627166748
1AAP,5.419201850891113
1AAP,6.153488636016846
1AAP,5.396241188049316
1AAP,5.6789774894714355
1AAP,5.385032653808594
1AAP,5.5660624504089355
1AAP,5.594890594482422
1AAP,5.635434627532959
1AAP,5.390531063079834
1AAP,5.4788336753845215
1AAP,7.63977575302124
1AAP,5.431662082672119
1AAP,7.668450832366943
1AAP,5.207581520080566
1AAP,5.385032653808594
1AAP,7.691797256469727
1AAP,5.090510368347168
1AAP,5.327536106109619
1AAP,5.482155799865723
1AAP,5.449273109436035
1AAP,5.603060722351074
1AAP,5.327536106109619
1AAP,5.7806291580200195
1AAP,5.438318252563477
1AAP,5.398625373840332
1AAP,5.953995227813721
1AAP,6.183446884155273
1AAP,5.132924556732178
1AAP,5.585536003112793
1AAP,4.951190948486328
1AAP,5.631661891937256
1AAP,5.93707275390625
1AAP,5.955166816711426
1AAP,5.821654319763184
1AAP,5.943190574645996
1AAP,5.44132137298584
1AAP,5.5916242599487305
1AAP,5.732149600982666
1AAP,5.4068145751953125
2LZM,9.527440071105957
2LZM,11.02994155883789
2LZM,8.68773365020752
2LZM,8.305684089660645
2LZM,8.44483470916748
2LZM,7.898802280426025
2LZM,8.408814430236816
2LZM,9.210343360900879
2LZM,7.233447551727295
2LZM,7.67533540725708
2LZM,7.760141849517822
2LZM,9.310507774353027
2LZM,8.014261245727539
2LZM,6.5687031745910645
2LZM,8.096200942993164
2LZM,6.016725540161133
2LZM,7.240808486938477
2LZM,6.080690860748291
2LZM,7.205925464630127
2LZM,9.188213348388672
2LZM,5.666405200958252
2LZM,6.408786773681641
2LZM,5.6096391677856445
2LZM,5.857566833496094
2LZM,5.561924934387207
2LZM,5.509768486022949
2LZM,5.564154148101807
2LZM,5.54971170425415
2LZM,5.468097686767578
2LZM,5.572583198547363
2LZM,5.488132953643799
2LZM,5.4707722663879395
2LZM,5.760952949523926
2LZM,5.8358635902404785
2LZM,5.461260795593262
2LZM,5.401032447814941
2LZM,6.609315872192383
2LZM,5.392870903015137
2LZM,9.396553039550781
2LZM,5.534785747528076
2LZM,5.410315036773682
2LZM,8.770870208740234
2LZM,5.397154331207275
2LZM,5.404257297515869
2LZM,5.505764961242676
2LZM,5.445115566253662
2LZM,5.543111324310303
2LZM,5.421105861663818
2LZM,5.402915000915527
2LZM,5.4524736404418945
2LZM,5.505764961242676
2LZM,5.351112365722656
2LZM,5.334653854370117
2LZM,5.50020170211792
2LZM,5.4673919677734375
2LZM,5.494709491729736
2LZM,5.280572414398193
2LZM,5.425547122955322
2LZM,5.441229820251465
2LZM,5.2417192459106445
2LZM,6.7659125328063965
2LZM,5.371928691864014
2LZM,5.514466762542725
2LZM,5.319904327392578
2LZM,5.461260795593262
2LZM,5.274082660675049
2LZM,5.4818902015686035
2LZM,5.427731513977051
2LZM,5.484454154968262
2LZM,5.290924549102783
2LZM,5.184016704559326
2LZM,5.285940170288086
2LZM,5.395563125610352
2LZM,5.368242263793945
2LZM,5.384922504425049
2LZM,5.411298751831055
2LZM,5.427731513977051
2LZM,5.411769390106201
2LZM,5.484454154968262
2LZM,5.185124397277832
2LZM,6.085343360900879
2LZM,5.488132953643799
2LZM,5.368242263793945
2LZM,5.4392242431640625
2LZM,5.572583198547363
2LZM,5.496311664581299
2LZM,5.334653854370117
2LZM,5.289431095123291
2LZM,5.4211835861206055
2LZM,5.2721991539001465
2LZM,5.247220516204834
2LZM,5.319904327392578
2LZM,5.4673919677734375
2LZM,5.501539707183838
2LZM,5.405712127685547
2LZM,5.401758670806885
2LZM,5.339324951171875
2LZM,5.285940170288086
2LZM,5.551270008087158
2LZM,5.351112365722656
2LZM,5.225083827972412
2LZM,5.289431095123291
2LZM,5.397154331207275
2LZM,5.339324951171875
2LZM,5.320669651031494
2LZM,5.371928691864014
2LZM,5.27060604095459
2LZM,7.814023971557617
2LZM,5.537876605987549
2LZM,5.405712127685547
2LZM,5.280572414398193
2LZM,5.731464862823486
2LZM,5.200202941894531
2LZM,5.185124397277832
2LZM,5.320669651031494
2LZM,5.290924549102783
2LZM,5.441229820251465
2LZM,5.2417192459106445
2LZM,7.263341903686523
2LZM,6.2885942459106445
2LZM,5.404257297515869
2LZM,5.274082660675049
2LZM,5.613710403442383
2LZM,8.08512020111084
2LZM,5.4818902015686035
2LZM,4.748323440551758
2LZM,5.809661865234375
2DN2,14.74913215637207
2DN2,13.64589786529541
2DN2,13.164440155029297
2DN2,12.681475639343262
2DN2,11.344868659973145
2DN2,8.750228881835938
2DN2,8.656354904174805
2DN2,8.822502136230469
2DN2,8.705820083618164
2DN2,8.070643424987793
2DN2,8.099414825439453
2DN2,8.286303520202637
2DN2,9.32625961303711
2DN2,8.01189136505127
2DN2,8.513928413391113
2DN2,8.012341499328613
2DN2,7.899712085723877
2DN2,8.033205032348633
2DN2,7.929680824279785
2DN2,7.703011512756348
2DN2,8.508437156677246
2DN2,8.377649307250977
2DN2,7.7697858810424805
2DN2,8.45743465423584
2DN2,9.383975982666016
2DN2,7.703423500061035
2DN2,8.638534545898438
2DN2,7.516736030578613
2DN2,7.487332820892334
2DN2,8.041045188903809
2DN2,7.389128684997559
2DN2,8.11196517944336
2DN2,8.244266510009766
2DN2,8.01892375946045
2DN2,7.542994499206543
2DN2,7.794343948364258
2DN2,8.77985668182373
2DN2,8.74564266204834
2DN2,7.527028560638428
2DN2,8.062448501586914
2DN2,8.978597640991211
2DN2,8.577112197875977
2DN2,7.718873023986816
2DN2,8.905769348144531
2DN2,7.850714683532715
2DN2,7.729964256286621
2DN2,7.7936201095581055
2DN2,7.140303134918213
2DN2,6.944303035736084
2DN2,8.41091251373291
2DN2,8.3877592086792
2DN2,6.950044631958008
2DN2,7.106994152069092
2DN2,6.6938982009887695
2DN2,7.408323287963867
2DN2,7.291925430297852
2DN2,6.6703972816467285
2DN2,8.035062789916992
2DN2,8.064800262451172
2DN2,6.534825325012207
2DN2,6.830615997314453
2DN2,6.472808361053467
2DN2,6.675570487976074
2DN2,6.675081253051758
2DN2,7.576732158660889
2DN2,8.060803413391113
2DN2,7.548055648803711
2DN2,8.165412902832031
2DN2,7.540482044219971
2DN2,6.716998100280762
2DN2,7.015921115875244
2DN2,6.306474685668945
2DN2,6.279372692108154
2DN2,7.588369846343994
2DN2,6.920463562011719
2DN2,6.2543463706970215
2DN2,6.013915538787842
2DN2,6.425638198852539
2DN2,8.348442077636719
2DN2,6.398952007293701
2DN2,5.921963214874268
2DN2,6.461237907409668
2DN2,7.625247478485107
2DN2,7.386294364929199
2DN2,8.28652286529541
2DN2,6.238324165344238
2DN2,7.354930400848389
2DN2,6.062967300415039
2DN2,5.998902797698975
2DN2,7.241293430328369
2DN2,6.375285625457764
2DN2,7.218299865722656
2DN2,7.906817436218262
2DN2,5.788637638092041
2DN2,6.768311500549316
2DN2,7.169959545135498
2DN2,6.7475056648254395
2DN2,7.984103202819824
2DN2,7.24899959564209
2DN2,8.182565689086914
2DN2,7.182003021240234
2DN2,5.63228178024292
2DN2,7.7180399894714355
2DN2,7.760021686553955
2DN2,8.348454475402832
2DN2,5.661050796508789
2DN2,6.393529891967773
2DN2,5.66670036315918
2DN2,5.688174247741699
2DN2,5.8877105712890625
2DN2,6.391872406005859
2DN2,6.628747940063477
2DN2,8.918801307678223
2DN2,5.792541980743408
2DN2,6.615229606628418
2DN2,5.4897661209106445
2DN2,5.521285533905029
2DN2,5.923120498657227
2DN2,5.504223346710205
2DN2,5.441611289978027
2DN2,5.6847147941589355
2DN2,9.109814643859863
2DN2,5.4906744956970215
2DN2,5.422644138336182
2DN2,5.471714496612549
2DN2,5.428839683532715
2DN2,5.494950294494629
2DN2,5.486916542053223
2DN2,5.428565979003906
2DN2,5.491969108581543
2DN2,5.59782075881958
2DN2,5.583763599395752
2DN2,5.405402183532715
2DN2,5.522029399871826
2DN2,5.410972595214844
2DN2,5.521285533905029
2DN2,5.451213359832764
2DN2,5.533897399902344
2DN2,5.407253265380859
2DN2,5.360870361328125
2DN2,5.45987606048584
2DN2,5.593145370483398
2DN2,5.622702121734619
2DN2,5.428839683532715
2DN2,5.415004253387451
2DN2,5.460178375244141
2DN2,5.404323101043701
2DN2,5.557441234588623
2DN2,5.5725812911987305
2DN2,5.559380054473877
2DN2,5.576802730560303
2DN2,5.382617473602295
2DN2,5.520669460296631
2DN2,5.493346691131592
2DN2,9.09854507446289
2DN2,5.398548126220703
2DN2,5.395346164703369
2DN2,5.473898410797119
2DN2,5.352774620056152
2DN2,5.487646579742432
2DN2,5.427293300628662
2DN2,8.851028442382812
2DN2,5.480298042297363
2DN2,5.469191074371338
2DN2,5.467535018920898
2DN2,5.355419635772705
2DN2,5.368570327758789
2DN2,5.506033420562744
2DN2,5.428483009338379
2DN2,5.469191074371338
2DN2,5.339648246765137
2DN2,5.379793643951416
2DN2,5.377458572387695
2DN2,5.4492878913879395
2DN2,5.565779685974121
2DN2,5.4185309410095215
2DN2,5.349366188049316
2DN2,5.338477611541748
2DN2,5.344337463378906
2DN2,5.3538665771484375
2DN2,5.609736442565918
2DN2,5.439937591552734
2DN2,5.355036735534668
2DN2,6.965843677520752
2DN2,5.416553497314453
2DN2,5.4546895027160645
2DN2,5.358942031860352
2DN2,5.411192417144775
2DN2,5.486191272735596
2DN2,5.3651862144470215
2DN2,5.412248611450195
2DN2,5.583763599395752
2DN2,5.268091678619385
2DN2,5.3470139503479
2DN2,5.467535018920898
2DN2,5.440217018127441
2DN2,5.444903373718262
2DN2,5.412171840667725
2DN2,5.394698143005371
2DN2,5.42073917388916
2DN2,5.627788066864014
2DN2,5.5007805824279785
2DN2,5.414093017578125
2DN2,5.351423263549805
2DN2,5.371768474578857
2DN2,5.317890644073486
2DN2,5.355943202972412
2DN2,5.3784050941467285
2DN2,5.389880657196045
2DN2,5.424576282501221
2DN2,5.462057590484619
2DN2,5.431102275848389
2DN2,5.363377571105957
2DN2,5.375633716583252
2DN2,5.429437160491943
2DN2,5.463659763336182
2DN2,5.335180282592773
2DN2,7.121090412139893
2DN2,5.462057590484619
2DN2,5.471714496612549
2DN2,5.480608940124512
2DN2,5.405402183532715
2DN2,5.561761856079102
2DN2,5.360999584197998
2DN2,5.391158103942871
2DN2,5.591361045837402
2DN2,5.263356685638428
2DN2,5.407843112945557
2DN2,5.427252292633057
2DN2,5.427293300628662
2DN2,5.284441947937012
2DN2,5.5078582763671875
2DN2,5.320775508880615
2DN2,5.576802730560303
2DN2,5.4546895027160645
2DN2,5.433645248413086
2DN2,5.522012233734131
2DN2,5.348989009857178
2DN2,5.475370407104492
2DN2,5.468416213989258
2DN2,5.354894161224365
2DN2,5.437254905700684
2DN2,5.410130500793457
2DN2,5.395346164703369
2DN2,5.4899797439575195
2DN2,5.243328094482422
2DN2,5.373988628387451
2DN2,5.385464191436768
2DN2,5.442306995391846
2DN2,5.42073917388916
2DN2,5.359108924865723
2DN2,5.479314804077148
2DN2,5.51370906829834
2DN2,5.4592061042785645
2DN2,5.402347087860107
2DN2,5.414498329162598
2DN2,5.496761798858643
2DN2,5.459589958190918
2DN2,5.428561210632324
2DN2,5.397036552429199
2DN2,6.0073933601379395
2DN2,5.405638217926025
2DN2,5.352841377258301
2DN2,5.3630266189575195
2DN2,5.410552978515625
2DN2,5.3961639404296875
2DN2,5.424441337585449
2DN2,5.269175052642822
2DN2,5.410001277923584
2DN2,5.295666694641113
2DN2,5.399296283721924
2DN2,5.362985610961914
2DN2,5.393100738525391
2DN2,5.377670764923096
2DN2,5.399160861968994
2DN2,5.335731029510498
2DN2,5.443676471710205
2DN2,5.460751056671143
2DN2,7.061213493347168
2DN2,5.412632465362549
2DN2,5.377108097076416
2DN2,5.4824137687683105
2DN2,5.400786876678467
2DN2,5.349677562713623
2DN2,5.412248611450195
2DN2,5.434667110443115
2DN2,5.395912170410156
2DN2,5.265765190124512
2DN2,5.361210346221924
2DN2,5.387362003326416
2DN2,5.204617023468018
2DN2,5.472667694091797
2DN2,5.353829860687256
2DN2,5.428561210632324
2DN2,5.352059364318848
2DN2,5.319620609283447
2DN2,5.362985610961914
2DN2,5.42331075668335
2DN2,5.451847553253174
2DN2,5.418177127838135
2DN2,5.465394496917725
2DN2,5.428297996520996
2DN2,5.511598587036133
2DN2,5.399407863616943
2DN2,5.411192417144775
2DN2,8.18612003326416
2DN2,5.459553241729736
2DN2,5.3538665771484375
2DN2,5.194756984710693
2DN2,5.370880126953125
2DN2,5.409018039703369
2DN2,5.4326491355896
2DN2,5.1843791007995605
2DN2,5.372051239013672
2DN2,5.320949077606201
2DN2,5.407843112945557
2DN2,5.185227394104004
2DN2,5.469998836517334
2DN2,5.385464191436768
2DN2,5.322479724884033
2DN2,5.426655292510986
2DN2,8.13790225982666
2DN2,5.356862545013428
2DN2,5.338477611541748
2DN2,5.304261684417725
2DN2,5.347699165344238
2DN2,5.443684101104736
2DN2,5.373861789703369
2DN2,5.539724826812744
2DN2,5.423924446105957
2DN2,5.391109466552734
2DN2,5.3615875244140625
2DN2,5.375932693481445
2DN2,5.47206974029541
2DN2,5.433347702026367
2DN2,5.412171840667725
2DN2,5.323609828948975
2DN2,5.372889995574951
2DN2,5.3784050941467285
2DN2,5.504837989807129
2DN2,5.375988483428955
2DN2,5.370581150054932
2DN2,5.99871301651001
2DN2,5.442197322845459
2DN2,5.377108097076416
2DN2,5.352540969848633
2DN2,5.473898410797119
2DN2,5.465394496917725
2DN2,5.40385627746582
2DN2,5.380415916442871
2DN2,7.011477470397949
2DN2,5.343904495239258
2DN2,5.388537406921387
2DN2,5.431783676147461
2DN2,5.409664630889893
2DN2,5.364511013031006
2DN2,5.389880657196045
2DN2,5.301800727844238
2DN2,5.388631820678711
2DN2,5.379793643951416
2DN2,5.416608810424805
2DN2,5.39841890335083
2DN2,5.380415916442871
2DN2,5.354894161224365
2DN2,5.3630266189575195
2DN2,5.370880126953125
2DN2,5.435273170471191
2DN2,5.400786876678467
2DN2,5.296992301940918
2DN2,5.342419624328613
2DN2,5.401116847991943
2DN2,5.397805690765381
2DN2,5.409664630889893
2DN2,5.373988628387451
2DN2,5.37029504776001
2DN2,5.39841890335083
2DN2,5.393499374389648
2DN2,5.416608810424805
2DN2,5.304628372192383
2DN2,5.386624336242676
2DN2,5.308030128479004
2DN2,5.358942031860352
2DN2,5.325206279754639
2DN2,5.427351474761963
2DN2,5.3470139503479
2DN2,5.428463459014893
2DN2,8.304224014282227
2DN2,5.322479724884033
2DN2,5.360686779022217
2DN2,5.411638259887695
2DN2,5.363377571105957
2DN2,5.444699764251709
2DN2,5.381256103515625
2DN2,5.373861789703369
2DN2,5.349677562713623
2DN2,5.468416213989258
2DN2,5.345860481262207
2DN2,5.353829860687256
2DN2,5.360999584197998
2DN2,5.4247260093688965
2DN2,5.5042266845703125
2DN2,5.355036735534668
2DN2,5.351423263549805
2DN2,5.352059364318848
2DN2,5.37029504776001
2DN2,5.352841377258301
2DN2,5.323609828948975
2DN2,8.231945037841797
2DN2,5.254809856414795
2DN2,5.361210346221924
2DN2,5.335731029510498
2DN2,5.404323101043701
2DN2,5.271800994873047
2DN2,5.370581150054932
2DN2,5.284358501434326
2DN2,5.3049445152282715
2DN2,5.402347087860107
2DN2,5.341495990753174
2DN2,5.339648246765137
2DN2,5.348989009857178
2DN2,5.342419624328613
2DN2,5.207355976104736
2DN2,5.356369972229004
2DN2,5.298205852508545
2DN2,5.356369972229004
2DN2,5.320949077606201
2DN2,5.295253753662109
2DN2,5.416533946990967
2DN2,5.382617473602295
2DN2,5.3741254806518555
2DN2,5.3961639404296875
2DN2,5.480920314788818
2DN2,5.301800727844238
2DN2,5.3651862144470215
2DN2,5.335180282592773
2DN2,5.343904495239258
2DN2,5.320775508880615
2DN2,5.460544109344482
2DN2,5.296992301940918
2DN2,5.318742275238037
2DN2,5.3049445152282715
2DN2,5.214847087860107
2DN2,5.366508960723877
2DN2,5.318742275238037
2DN2,5.360686779022217
2DN2,5.655083179473877
2DN2,5.387362003326416
2DN2,5.295666694641113
2DN2,5.218337535858154
2DN2,5.341495990753174
2DN2,5.405638217926025
2DN2,5.364511013031006
2DN2,5.256978988647461
2DN2,5.317890644073486
2DN2,5.304261684417725
2DN2,5.304628372192383
2DN2,5.371768474578857
2DN2,5.394698143005371
2DN2,5.372889995574951
2DN2,5.355943202972412
2DN2,5.268091678619385
2DN2,5.284358501434326
2DN2,5.399160861968994
2DN2,5.448249340057373
2DN2,5.331057071685791
2DN2,5.340134143829346
2DN2,5.344337463378906
2DN2,5.352774620056152
2DN2,5.218337535858154
2DN2,5.329085826873779
2DN2,5.329147815704346
2DN2,5.308030128479004
2DN2,5.359108924865723
2DN2,5.800521373748779
2DN2,5.6164469718933105
2DN2,8.821969032287598
2DN2,5.271800994873047
2DN2,6.893271446228027
2DN2,8.869283676147461
2DN2,9.117661476135254
2DN2,9.122756004333496
2DN2,5.815534591674805
2DN2,5.8256988525390625
2DN2,6.93516206741333
2DN2,11.885141372680664
2DN2,5.217940330505371
2DN2,5.382674217224121
2DN2,5.3612751960754395
2DN2,5.916578769683838
2DN2,4.9515485763549805
2DN2,5.204617023468018
2DN2,5.900481700897217
2DN2,5.913880348205566
2DN2,5.318989276885986
2DN2,4.940720558166504
2DN2,5.782333850860596
2DN2,5.428565979003906
2DN2,5.301321506500244
2DN2,5.924988746643066
2DN2,5.521453857421875
2DN2,6.038337707519531
2DN2,5.410972595214844
2DN2,6.0911149978637695
2DN2,5.520167350769043
2DN2,6.419013977050781
2DN2,8.446734428405762
2DN2,9.587026596069336
2DN2,8.377694129943848
2DN2,9.480325698852539
2DN2,6.417121410369873
2DN2,8.812684059143066
2DN2,8.777567863464355
2DN2,5.3834052085876465
2DN2,9.19900894165039
2DN2,5.445901393890381
2DN2,8.802319526672363
2DN2,8.419746398925781
2DN2,9.317514419555664
2DN2,5.496774673461914
2DN2,5.7193284034729
2DN2,8.199468612670898
2DN2,8.36851978302002
