study,year,arxiv,survey,z_eff,z_range,N,relation,delta_b_dex_mass_axis,stat_err_dex,sys_est_dex,sys_terms,local_ref,slope_fixed,velocity_def,pressure_support,tracer,gbar_over_a0_typ,dilution_typ,usable_for_fork,fork_pred_canonicalLambda,fork_pred_canonicalCPL,fork_pred_alt_undiluted,fork_pred_alt_diluted,lcdm_halo_term,notes
Ubler+17,2017,1703.04321,KMOS3D,0.9,0.7-1.1,65,sTFR,-0.44,0.04,0.30,"M/L 0.15 (BC03+Chabrier); local-comparison velocity-convention mismatch ~0.1-0.2; selection (vrot/sig0>sqrt4.4)",Reyes+11,3.60,vcirc_max~2.2Rd,sigma0-corrected (2sig0^2 r/Rd),Halpha,1.7,0.23,partial,0.000,-0.009,-0.229,-0.053,-0.316,"authors flag possible underestimated systematics"
Ubler+17,2017,1703.04321,KMOS3D,0.9,0.7-1.1,65,bTFR,-0.44,0.04,0.35,"gas 0.20 (Tacconi scaling not measured); M/L 0.15; convention mismatch",Lelli+16b,3.75,vcirc_max~2.2Rd,sigma0-corrected,Halpha,1.7,0.23,partial,0.000,-0.009,-0.229,-0.053,-0.316,"disagrees with Jeanneau+26 0.00+-0.06 at same z"
Tiley+16,2016,1604.06103,KROSS,0.9,0.8-1.0,56,sTFR,-0.41,0.08,0.30,"selection V80/sigma>3; no PS correction; M/L",local fit,free/fixed,v80,none (strict rotators),Halpha,0.8,0.39,partial,0.000,-0.009,-0.229,-0.090,-0.316,"K-band TFR: no evolution in same paper"
Tiley+19,2019,1810.07202,KROSS vs matched SAMI,1.0,0.6-1.0,~250,sTFR,-0.09,0.06,0.20,"data-quality matching moves local rel by -0.50+-0.10 mag; M/L 0.2 uniform; no PS correction",matched SAMI identical pipeline,fixed local,v2.2 (1.3Re) beam-corr,none,Halpha,0.8,0.39,partial,0.000,-0.009,-0.229,-0.090,-0.316,"rot-dom (v/sig>1) subsample: +0.02+-0.06; the no-evolution counter-claim"
Pelliccia+17,2017,1606.01934,HR-COSMOS,0.9,0.75-1.0,~80,sTFR,0.0,,,"slit spectroscopy; qualitative 'mild if any' per Jeanneau+26",local,fixed,v2.2 slit,none,Halpha,,,no,0.000,-0.009,-0.229,,-0.316,"qualitative row"
Jeanneau+26,2026,2603.28856,MUSE-DARK II (lensed),0.9,0.56-1.37,95,sTFR,-0.42,0.05,0.20,"M* 0.15 (SED+magnification); robustness scan +-0.05; local-ref choice (see ManceraPina disagreement)",Reyes+11,3.70,vc(1.8Re) 3D GalPaK3D+lensing,Dalcanton-Stilp,OII,0.5,0.55,partial,0.000,-0.009,-0.229,-0.126,-0.316,"lowest-mass sample in hand M*=10^8.1-10.3"
Jeanneau+26,2026,2603.28856,MUSE-DARK II (lensed),0.9,0.56-1.37,95,bTFR,0.00,0.06,0.27,"gas NOT measured: Tacconi+20 molecular + NeutralUniverseMachine HI (0.8 dex scatter); local bTFR ZP +-0.16; convention +-0.06",Lelli+19,3.14,vc(2Re) 3D,Dalcanton-Stilp,OII,0.5,0.55,YES-best-in-hand,0.000,-0.009,-0.229,-0.126,-0.316,"cleanest baryonic zero-point in hand; honest band 0.00+-0.27"
ManceraPina+26,2026,2511.08685,KROSS+KMOS3D reproc. w/ JWST imaging,0.9,0.8-1.0,43,sTFR,+0.10,0.07,0.25,"local-ref choice (Marasco+25 bends at low mass) drives sign; AD corr 0.02-0.09 in logV; Halpha tracer reliability flagged by authors",Marasco+25,free (3.82 vs 5.21 local),Vcirc_flat (>2Re),asymmetric-drift (beta=1),Halpha,1.0,0.33,partial,0.000,-0.009,-0.229,-0.076,-0.316,"OPPOSITE SIGN to rows above; ~2sigma shallower slope claim"
Ubler+17,2017,1703.04321,KMOS3D,2.3,1.9-2.7,46,sTFR,-0.42,0.05,0.30,"as z0.9 row",Reyes+11,3.60,vcirc_max,sigma0-corrected,Halpha,2.3,0.18,partial,0.000,0.086,-0.536,-0.095,-0.652,
Ubler+17,2017,1703.04321,KMOS3D,2.3,1.9-2.7,46,bTFR,-0.27,0.05,0.35,"gas 0.20 scaling; M/L 0.15; convention",Lelli+16b,3.75,vcirc_max,sigma0-corrected,Halpha,2.3,0.18,partial,0.000,0.086,-0.536,-0.095,-0.652,"agrees with Amvrosiadis+25 -0.26+-0.19"
Straatman+17,2017,1703.00016,ZFIRE,2.2,2.0-2.5,~22,sTFR,-0.25,0.16,0.25,"M/L; selection; inverse-fit slope 0.29",z=0 obs,0.29 (inverse),v2.2-type,none,Halpha,2.3,0.18,partial,0.000,0.079,-0.517,-0.092,-0.632,
Sharma+24,2024,2406.08934,KROSS+KMOS3D+KGES 3DBarolo,1.5,0.6-2.5,263,sTFR+bTFR,,,,"free slope+ZP (not convertible to fixed-slope Delta_b without refit); orthogonal-vs-vertical likelihood factor ~2; Tolman selection",Lapi+18,free,vc(~5Rd) 3D,pressure-gradient (Sharma+21),Halpha,1.5,0.25,no-as-published,0.000,0.030,-0.381,-0.095,-0.487,"'subtle deviation' only; refit at fixed slope would be needed"
NestorShachar+23+McGaugh25blog,2023,2209.12199,RC100,1.5,0.6-2.5,100,bTFR-rebinned,0.0,,,"informal blog re-binning (not peer-reviewed); Genzel-group PS-corrected outer velocities",Lelli+19,~4,outer-RC vflat-like,yes,Halpha+CO,2.0,0.20,qualitative,0.000,0.030,-0.381,-0.076,-0.487,"'no clear indication of evolution' (McGaugh 2025-02-10)"
Amvrosiadis+25,2025,2312.08959,ALESS DSFGs ALMA CO,2.4,1.2-4.7,12,sTFR,-0.53,0.29,0.35,"magphys M/L of dusty starbursts; AGN contamination; N=12 extreme high-mass",Reyes+11,3.60,Vcirc(2Re) visibility-space,disk model,CO,6.4,0.07,no,0.000,0.092,-0.554,-0.040,-0.671,
Amvrosiadis+25,2025,2312.08959,ALESS DSFGs ALMA CO,2.4,1.2-4.7,12,bTFR,-0.26,0.19,0.30,"alphaCO 0.92+-0.36 -> +-0.17 on gas-dominated Mbar; M/L; selection",Lelli+16a,3.75,Vcirc(2Re),disk model,CO,6.4,0.07,no,0.000,0.092,-0.554,-0.040,-0.671,"<2sigma hint; g>>a0 so a0-lever ~7%"
Turner+17,2017,1704.06263,KDS,3.5,3.0-3.8,~77,sTFR,-0.4,,,"only 34+-8% rotation-dominated; vtot folds sigma into velocity; reconciliation-family number",Reyes+11,fixed,vtot=sqrt(v^2+4sig^2),folded into vtot,Halpha,1.0,0.34,no,0.000,0.164,-0.731,-0.248,-0.850,"their z~1 reconciliation of all lit = -0.4 dex"
Danhaive+26,2026,2510.14779,FRESCO/CONGRESS+JADES JWST grism,5.0,3.9-6.5,163,sTFR,-1.3,0.07,0.5,"vs Ubler cosmic-noon chain (~-1.7 vs local); sigma_int=0.49 (2x noon); 2D grism; majority dispersion-dominated parent; non-equilibrium flagged; q0=0.2",Ubler+17 chain (Reyes slope 3.60),3.60,vcirc(Re) geko,vrot^2+2(r/rs)sig0^2,Halpha,4.5,0.10,no,0.000,0.247,-0.917,-0.092,-1.036,"fgas~0.77 fDM~0.73; baryonic conversion +0.64 dex w/ +-0.3-0.5 sys; relation 'only beginning to emerge at z~5'"
