name,ra,dec,M_r,Re_r_arcsec,M_H,Re_H_arcsec,morph,Vrot,e_Vrot,sigma_e,e_sigma_e,sigma_avg,e_sigma_avg,logMe_pub,fDM_pub,e_fDM_pub
VCC0009,12:09:22.25,+13:59:32.74,-18.2,37.2,-19.1,33.9,dE (N),20.2,4.8,26.0,3.9,26.0,4.6,9.24,0.28,0.30
VCC0021,12:10:23.15,+10:11:19.04,-17.1,15.2,-17.6,14.2,dE (bc;N),10.7,8.1,28.9,2.9,27.7,3.0,8.88,0.61,0.15
VCC0033,12:11:07.79,+14:16:29.19,-16.9,9.8,-17.6,9.7,dE (N),0.9,4.0,20.8,4.9,21.8,4.6,8.56,0.19,0.41
VCC0170,12:15:56.34,+14:26:00.33,-17.6,31.3,-18.3,27.3,dE (bc;nN),15.7,6.8,26.6,4.6,25.0,4.4,9.11,0.56,0.20
VCC0308,12:18:50.90,+07:51:43.38,-18.0,18.6,-18.7,17.5,dE (di;bc;,11.7,4.3,24.1,2.4,24.8,1.9,8.93,-0.03,0.40
VCC0389,12:20:03.29,+14:57:41.70,-18.1,18.0,-18.9,16.3,dE (di;N),12.1,2.8,30.9,1.2,30.5,1.3,9.04,0.08,0.31
VCC0397,12:20:12.18,+06:37:23.51,-16.8,13.6,-17.8,13.1,dE (di;N),41.9,3.0,35.7,1.9,38.1,1.4,9.02,0.64,0.12
VCC0437,12:20:48.10,+17:29:16.00,-18.0,29.5,-18.8,26.7,dE (N),50.1,5.5,40.9,4.0,36.0,4.1,9.42,0.65,0.13
VCC0523,12:22:04.14,+12:47:14.60,-18.7,26.1,-19.2,18.9,dE (di;N),27.5,2.7,42.2,1.0,36.2,0.9,9.31,0.37,0.20
VCC0543,12:22:19.54,+14:45:38.59,-17.8,23.6,-18.5,20.9,dE (nN),20.2,2.0,35.1,1.4,34.3,1.6,9.16,0.52,0.16
VCC0634,12:23:20.01,+15:49:13.25,-18.5,37.2,-18.8,20.5,dE (N),37.5,2.8,31.3,1.6,29.2,1.7,9.15,0.36,0.22
VCC0750,12:24:49.58,+06:45:34.49,-17.0,19.5,-17.6,15.0,dE (N),16.7,2.9,43.5,2.9,41.4,2.1,9.26,0.83,0.06
VCC0751,12:24:48.30,+18:11:47.00,-17.5,12.3,-18.3,11.0,dE (di;N),13.7,4.4,32.1,2.4,32.6,2.4,8.83,0.17,0.29
VCC0781,12:25:15.17,+12:42:52.59,-17.2,13.4,-18.0,13.8,dE (bc;N),0.0,4.3,38.0,2.8,36.4,2.6,9.09,0.63,0.13
VCC0794,12:25:22.10,+16:25:47.00,-17.3,37.0,-17.6,28.1,dE (nN),16.1,5.3,29.0,3.9,26.8,4.1,9.15,0.79,0.08
VCC0856,12:25:57.93,+10:03:13.54,-17.8,16.5,-18.5,14.0,dE (di;N),25.8,7.5,31.3,4.1,31.4,3.4,9.01,0.33,0.26
VCC0917,12:26:32.39,+13:34:43.54,-16.6,9.9,-17.3,10.2,dE (nN),0.6,2.5,28.4,1.4,27.4,1.3,8.75,0.58,0.15
VCC0940,12:26:47.07,+12:27:14.17,-17.4,19.8,-18.2,18.1,dE (di;N),11.6,1.9,40.4,1.3,36.5,1.4,9.30,0.74,0.09
VCC0990,12:27:16.94,+16:01:27.92,-17.5,10.2,-18.2,10.3,dE (di;N),27.1,5.3,38.7,1.3,37.6,1.2,8.99,0.43,0.18
VCC1010,12:27:27.39,+12:17:25.09,-18.4,22.2,-19.3,20.4,dE (di;N),51.7,2.0,44.6,0.9,42.7,0.8,9.33,0.29,0.23
VCC1087,12:28:14.90,+11:47:23.58,-18.6,35.4,-18.9,18.6,dE (N),4.6,2.5,42.0,1.5,38.6,1.2,9.26,0.46,0.17
VCC1122,12:28:41.71,+12:54:57.08,-17.2,17.3,-17.9,16.9,dE (N),14.9,2.8,32.1,1.7,28.3,1.4,9.01,0.59,0.14
VCC1183,12:29:22.51,+11:26:01.73,-17.9,21.1,-18.6,17.0,dE (di;N),18.9,6.8,44.3,2.4,40.4,1.4,9.33,0.64,0.12
VCC1261,12:30:10.32,+10:46:46.51,-18.5,23.8,-19.3,21.7,dE (N),1.8,3.2,44.8,1.4,44.6,0.9,9.41,0.42,0.18
VCC1304,12:30:39.90,+15:07:46.68,-16.9,16.5,-17.7,16.4,dE (di;N),39.0,3.6,25.9,2.7,23.8,2.1,8.81,0.48,0.20
VCC1355,12:31:20.21,+14:06:54.93,-17.6,30.3,-18.2,22.3,dE (N),5.2,4.8,20.3,4.7,20.4,4.6,8.89,0.32,0.34
VCC1407,12:32:02.73,+11:53:24.46,-17.0,12.1,-17.9,11.9,dE (N),5.9,2.4,31.9,2.1,31.0,2.6,8.93,0.54,0.16
VCC1431,12:32:23.41,+11:15:46.94,-17.8,9.8,-18.7,9.1,dE (N),10.6,4.6,52.4,1.6,52.2,1.4,9.20,0.46,0.17
VCC1453,12:32:44.22,+14:11:46.17,-17.9,18.9,-18.7,16.9,dE (N),5.6,7.7,35.6,1.4,32.9,1.2,9.15,0.40,0.20
VCC1528,12:33:51.61,+13:19:21.03,-17.5,9.6,-18.3,8.4,dE (nN),0.8,1.5,47.0,1.4,48.0,1.6,9.05,0.46,0.17
VCC1549,12:34:14.83,+11:04:17.51,-17.3,12.1,-18.3,11.4,dE (N),25.4,5.8,36.7,2.3,36.6,1.6,9.01,0.42,0.20
VCC1684,12:36:39.40,+11:06:06.97,-16.7,18.3,-17.2,18.5,dE (di;bc;,15.1,3.3,28.0,0.9,32.2,0.9,8.85,0.69,0.11
VCC1695,12:36:54.85,+12:31:11.93,-17.7,24.0,-18.2,16.2,dE (di;nN),12.6,3.2,24.4,2.2,26.9,1.4,8.84,0.27,0.28
VCC1861,12:40:58.57,+11:11:04.34,-17.9,19.0,-18.6,15.3,dE (N),5.3,2.5,31.3,1.5,28.5,1.4,9.06,0.33,0.23
VCC1895,12:41:51.97,+09:24:10.28,-17.0,16.3,-17.7,15.0,dE (nN),14.7,2.7,23.8,3.0,25.2,3.0,8.73,0.38,0.25
VCC1910,12:42:08.67,+11:45:15.19,-17.9,13.4,-18.9,11.6,dE (di;N),10.0,3.4,37.0,1.2,42.7,0.9,9.03,0.00,0.33
VCC1912,12:42:09.07,+12:35:47.93,-17.9,22.5,-18.7,22.2,dE (di;bc;,25.3,7.5,36.0,1.5,35.1,1.1,9.23,0.52,0.16
VCC1947,12:42:56.34,+03:40:35.78,-17.6,9.3,-18.7,9.1,dE (di;N),46.7,5.0,48.3,1.3,44.2,1.0,9.11,0.36,0.20
VCC2083,12:50:14.48,+10:32:24.07,-16.4,17.1,-17.1,14.1,dE (N),3.9,4.8,28.4,2.4,30.0,2.7,8.93,0.78,0.08
