recno,Cluster,IdR21,IdHFFDS,RAJ2000,DEJ2000,zR21,muR21,S/NMax,RPSF,Reff,Incl,FB/T,b_logM*,logM*,B_logM*,b_logSFR,logSFR,B_logSFR,logMHI,logMMol,logMBar,logV1_8,s_logV1_8,logV2_0,s_logV2_0,sigma0,s_sigma0,SimbadName
1,"A2744",2526,"1322",3.600154,-30.413618,1.17435,2.825397,23.073866,0.289348,0.142364,61.104834,0.1281,8.595616,8.704139,8.834826,0.335,0.405862,0.477908,9.703925,9.391829,9.904631,1.901178,0.019965,1.93491,0.025315,40.342843,1.080534,"[RCL2021] A2744       2526"
2,"A2744",2709,"1708",3.57697,-30.413462,1.366681,1.735082,25.648929,0.28047,0.344966,55.978654,0.0,10.206627,10.231774,10.262179,-2.521,-1.134818,-0.431724,6.067628,8.993618,10.256201,2.387816,0.010093,2.396835,0.01087,61.759583,1.314812,"[RCL2021] A2744       2709"
3,"A2744",2885,"1623",3.587053,-30.412422,0.850171,2.495482,9.891052,0.304312,0.54389,53.853882,0.3608,9.027158,9.091013,9.145479,-0.4257,-0.222375,-0.025336,8.599514,9.081098,9.452723,2.051548,0.057076,2.058339,0.062425,18.945448,5.358654,"[RCL2021] A2744       2885"
4,"A2744",2962,"1670",3.587071,-30.411255,1.283886,3.659673,10.654344,0.284292,0.192681,77.987791,4.0E-6,8.281247,8.359914,8.438512,-0.6159,-0.452985,-0.282069,8.659061,8.897083,9.168543,1.672912,0.061995,1.715818,0.058928,33.504794,1.913937,"[RCL2021] A2744       2962"
5,"A2744",3517,"2019",3.57891,-30.410023,1.268654,2.344288,16.047192,0.284995,0.19087,90.0,0.2234,8.762619,8.796393,8.827237,0.3446,0.460517,0.582191,9.674417,9.461075,9.916037,1.887013,0.037159,1.908593,0.043175,43.307545,1.334063,"[RCL2021] A2744       3517"
6,"A2744",4365,"2713",3.599709,-30.406566,1.096095,3.85203,14.776783,0.29296,0.184659,60.612313,3.0E-6,8.284261,8.352963,8.387842,-0.6131,-0.447939,-0.295946,8.735129,8.853972,9.171219,1.625325,0.068165,1.664374,0.06144,24.393484,2.240763,"[RCL2021] A2744       4365"
7,"A2744",4888,"3029",3.575753,-30.40538,0.652874,1.566888,33.828777,0.313419,0.391234,78.740567,0.3709,9.495408,9.560896,9.625571,0.3404,0.481672,0.632007,9.216836,9.497996,9.92601,2.040975,0.010537,2.053395,0.012147,41.583458,1.416653,"[RCL2021] A2744       4888"
8,"A2744",5460,"3128",3.598667,-30.404936,1.104013,3.841156,9.87132,0.292595,0.214084,68.783359,4.0E-6,8.176637,8.281192,8.393069,-0.3428,-0.226339,-0.10098,9.093119,8.951885,9.366485,1.821872,0.033742,1.830496,0.038137,14.947111,2.830676,"[RCL2021] A2744       5460"
9,"A2744",6615,"4039",3.576958,-30.400847,1.343154,2.553274,32.073633,0.281556,0.15334,31.359801,2.0E-6,8.341703,8.41775,8.503186,0.3142,0.424795,0.519337,9.862817,9.370016,9.995525,1.826044,0.021509,1.834853,0.024775,37.368292,0.637634,"[RCL2021] A2744       6615"
10,"A2744",6921,"4391",3.57457,-30.40011,1.346293,2.264448,9.481597,0.281411,0.465112,39.040179,3.42E-4,9.407361,9.466901,9.52387,0.4243,0.613787,0.828242,9.235901,9.707512,9.98905,1.927472,0.02905,1.933716,0.031256,26.502604,1.903838,"[RCL2021] A2744       6921"
11,"A2744",7826,"4696",3.592634,-30.397118,0.605567,2.125449,13.169775,0.315603,0.320971,76.22141,2.0E-6,8.67567,8.75923,8.835245,0.02073,0.170599,0.298436,9.54998,9.106311,9.732374,1.922652,0.023374,1.937627,0.026549,18.899554,5.241267,"[RCL2021] A2744       7826"
12,"A2744",8184,"5036",3.594752,-30.397148,0.944509,2.441187,12.163503,0.299957,0.627458,69.495189,0.03667,10.441395,10.472383,10.511856,0.05228,0.182953,0.304404,7.99065,9.656171,10.535333,2.271913,0.004752,2.276156,0.005042,35.417502,1.1085,"[RCL2021] A2744       8184"
13,"A2744",8235,"4746",3.600358,-30.39616,0.946811,1.763308,17.001108,0.299851,0.979976,90.0,0.0,9.81385,9.854864,9.894849,-0.7728,-0.371606,-0.093525,7.584664,9.221282,9.947537,2.476268,0.003127,2.482089,0.003297,40.063433,2.253052,"[RCL2021] A2744       8235"
14,"A2744",8334,"4894",3.579086,-30.395882,0.687857,2.223919,24.080521,0.311804,0.293255,76.565552,1.0E-6,8.535039,8.614716,8.715117,-0.1146,0.053165,0.171678,9.449373,9.042124,9.636287,1.9225,0.017291,1.950298,0.018446,13.34888,3.228229,"[RCL2021] A2744       8334"
15,"A2744",8853,"5428",3.589253,-30.394465,0.779803,3.882946,12.752022,0.30756,0.183387,62.597438,8.0E-6,8.025044,8.07969,8.13951,-0.3235,-0.235485,-0.11816,9.327601,8.792357,9.457318,1.62688,0.091349,1.653811,0.091267,20.487926,3.901571,"[RCL2021] A2744       8853"
16,"A2744",9131,"5394",3.576749,-30.393634,1.366956,3.246128,20.884864,0.280457,0.115677,60.604881,0.4373,8.926528,9.018143,9.087134,0.4257,0.536421,0.635642,9.566062,9.568671,9.925749,2.165887,0.040695,2.178186,0.031075,32.858087,3.477238,"[RCL2021] A2744       9131"
17,"A2744",9389,"[5546, 5177]",3.577846,-30.393863,1.161211,3.301102,13.780608,0.289954,0.643196,76.629587,0.3717,9.10871,9.176918,9.25212,0.4754,0.679381,0.991266,9.689418,9.640205,10.031865,1.906938,0.011637,1.907814,0.011983,31.750943,1.171272,"[RCL2021] A2744       9389"
18,"A2744",9598,"5702",3.58887,-30.391816,1.344475,5.39304,58.189484,0.281495,0.238542,77.781889,0.0,9.082533,9.098222,9.11221,-0.1292,0.046456,0.245611,8.799943,9.333352,9.606294,1.961905,0.005231,1.963951,0.004196,35.120415,0.292074,"[RCL2021] A2744       9598"
19,"A2744",9778,"6139",3.587434,-30.39329,0.600999,2.901423,22.419667,0.315814,0.900893,66.333543,0.182,10.756164,10.802075,10.833065,8.86E-4,0.304844,0.475163,8.214274,9.72452,10.837997,2.385106,0.002046,2.385835,0.002136,6.093906,2.831314,"[RCL2021] A2744       9778"
20,"A2744",9894,"5817",3.598101,-30.390629,0.99321,1.818825,45.440123,0.297709,0.16048,69.512709,0.4291,8.933365,8.973128,9.030214,0.3996,0.556149,0.700529,9.763386,9.489162,9.992278,1.998491,0.007493,2.013593,0.009026,50.173118,0.818363,"[RCL2021] A2744       9894"
21,"A2744",10200,"5902",3.587046,-30.390899,0.606944,2.339831,10.359421,0.315539,0.775296,90.0,0.0,8.907136,8.973732,9.057193,0.3752,0.520907,0.645514,9.874653,9.343389,10.026907,1.916776,0.030371,1.923154,0.031762,3.181064,2.600345,"[RCL2021] A2744      10200"
22,"A2744",10358,"6102",3.575895,-30.390103,1.161164,2.778108,34.341068,0.289957,0.282097,76.09277,0.0,8.909593,8.929933,8.954843,0.6162,0.689248,0.744163,9.930848,9.5868,10.121918,1.912619,0.00738,1.93611,0.008877,37.15107,0.491775,"[RCL2021] A2744      10358"
23,"A2744",10419,"[6200, 5822]",3.591436,-30.389509,1.36704,2.764103,11.559736,0.280453,0.718139,90.0,0.6758,8.836158,8.892364,8.94285,0.7303,0.923606,1.008804,10.23026,9.73741,10.366158,1.893386,0.012672,1.907974,0.01271,37.926029,1.32518,"[RCL2021] A2744      10419"
24,"A2744",10472,"6260",3.578398,-30.38885,1.161161,2.953986,32.891881,0.289957,0.337427,78.880541,0.0,9.916186,9.968787,10.035549,1.207,1.320604,1.443127,9.836864,10.154546,10.483574,2.287278,0.005152,2.289722,0.005491,21.362916,2.536144,"[RCL2021] A2744      10472"
25,"A2744",11621,"[6536, 6541]",3.591197,-30.385506,1.340088,2.437153,10.266478,0.281698,0.457472,90.0,2.0E-6,8.383598,8.479142,8.544465,-6.57E-4,0.127032,0.229949,9.400351,9.23165,9.655141,1.581422,0.045075,1.584733,0.047146,11.799165,2.436969,"[RCL2021] A2744      11621"
26,"A2744",11952,"6505",3.608343,-30.386731,1.046479,1.461388,8.967381,0.29525,0.400735,60.973179,0.1544,8.939647,9.020393,9.10706,0.2642,0.402297,0.57729,9.481473,9.435665,9.832838,1.936838,0.040143,1.953139,0.042127,37.947693,3.644322,"[RCL2021] A2744      11952"
27,"A2744",12004,"6388",3.580074,-30.387059,1.047259,2.606005,14.485946,0.295214,0.184144,70.262641,0.3883,8.545087,8.621778,8.697176,-0.1822,-0.064119,0.073642,9.131173,9.101597,9.482124,1.740942,0.070589,1.781207,0.068749,11.479156,2.288647,"[RCL2021] A2744      12004"
28,"A370",3313,"1291",39.976501,-1.594968,0.563488,1.445869,21.869881,0.337899,0.300086,77.653308,0.0,9.42235,9.464703,9.511108,-0.1471,0.003831,0.185359,8.66991,9.195392,9.694714,2.089114,0.024583,2.094155,0.026702,42.59908,3.357843,"[RCL2021] A370        3313"
29,"A370",3421,"[1212, 1216, 1204, 1370, 1186, 1181, 1160]",39.970414,-1.594439,1.339769,3.504436,29.223372,0.323462,1.084259,75.124965,0.1828,9.404763,9.425912,9.441261,1.536,1.558057,1.574357,10.633076,10.17867,10.783309,2.091453,0.002165,2.097507,0.002167,32.296139,0.439651,"[RCL2021] A370        3421"
30,"A370",3876,"1410",39.970123,-1.592566,1.256177,4.584391,19.722957,0.325016,0.202015,79.429656,1.0E-6,8.589168,8.665873,8.766222,0.07208,0.186725,0.335423,9.388137,9.288608,9.685842,1.918011,0.016675,1.930593,0.019147,36.02635,1.153131,"[RCL2021] A370        3876"
31,"A370",4410,"1666",39.967227,-1.589918,0.803804,3.064926,72.4557,0.333429,0.125379,70.745016,0.7206,8.807555,8.891433,8.963792,-0.4047,-0.295932,-0.190517,8.688133,8.978201,9.345871,1.982158,0.025073,1.998534,0.019602,40.825699,0.995527,"[RCL2021] A370        4410"
32,"A370",4506,"1836",39.979251,-1.590302,1.449702,4.108883,20.412157,0.321417,0.564302,90.0,0.5349,9.151724,9.17572,9.194028,0.3727,0.491638,0.575298,9.327183,9.594503,9.878169,2.011152,0.010495,2.035241,0.009972,36.809201,1.414533,"[RCL2021] A370        4506"
33,"A370",4517,"1744",39.971096,-1.589227,1.277366,43.709637,6.817077,0.324622,0.193609,75.070771,0.02491,8.082195,8.143631,8.205886,-0.9543,-0.80354,-0.684675,8.28929,8.666791,8.902087,1.695081,0.064614,1.701206,0.069988,15.3761,4.108108,"[RCL2021] A370        4517"
34,"A370",4542,"20057",39.964402,-1.590414,0.594684,1.85141,38.477505,0.337318,0.23724,60.500028,0.5898,10.185261,10.226832,10.279035,-0.5274,-0.082352,0.167969,7.876225,9.369704,10.285036,2.340393,0.019055,2.345786,0.020019,13.583747,7.860586,"[RCL2021] A370        4542"
35,"A370",4662,"1856",39.969381,-1.58962,0.603341,2.146664,25.816348,0.337157,0.637618,79.390959,0.0487,9.992284,10.034757,10.07415,0.09586,0.256157,0.43585,8.485002,9.493227,10.153877,2.198188,0.004685,2.201644,0.004943,22.054045,1.676085,"[RCL2021] A370        4662"
36,"A370",5263,"1989",39.968907,-1.587106,0.58023,2.449886,28.836023,0.337587,0.188758,36.08221,1.0E-6,8.236112,8.325505,8.41097,-0.5124,-0.396193,-0.252965,9.038683,8.688275,9.253481,1.767606,0.211616,1.803791,0.210923,34.502329,1.081288,"[RCL2021] A370        5263"
37,"A370",5458,"2044",39.959345,-1.58679,1.196741,2.075018,8.976976,0.326122,0.310263,90.0,2.0E-6,8.850893,8.906162,8.937119,0.8168,0.980515,1.034321,10.35667,9.737328,10.462414,1.912659,0.024649,1.916998,0.026578,3.249632,2.58273,"[RCL2021] A370        5458"
38,"A370",5783,"2165",39.978094,-1.585259,1.060333,6.379823,23.634141,0.328659,0.495436,77.678687,0.506,8.466152,8.524835,8.784242,0.08342,0.511101,0.610361,10.017016,9.374996,10.117463,1.773597,0.03028,1.809099,0.031319,28.459523,1.434313,"[RCL2021] A370        5783"
39,"A370",5961,"2298",39.980029,-1.584672,1.046333,3.498414,5.284907,0.328919,0.420064,59.946956,0.2546,8.626189,8.676216,8.725819,-0.5505,-0.391159,-0.221432,8.626711,8.947729,9.251502,1.714017,0.028296,1.716367,0.028663,3.03069,2.068967,"[RCL2021] A370        5961"
40,"A370",6139,"[2414, 2097, 2091, 2054, 2159]",39.962668,-1.585177,1.063307,3.009239,87.023106,0.328603,0.228829,51.32934,0.8082,9.371189,9.438364,9.505945,0.671,0.820815,0.947085,9.658605,9.753918,10.113089,2.235752,0.002608,2.250344,0.002775,47.147308,0.867225,"[RCL2021] A370        6139"
41,"A370",6253,"2384",39.960259,-1.583434,1.061554,2.277448,8.870636,0.328636,0.57526,90.0,5.0E-6,8.785422,8.829468,8.862941,0.1143,0.507455,0.917264,9.787606,9.446908,9.982529,2.045128,0.018766,2.064624,0.019205,3.784799,3.085045,"[RCL2021] A370        6253"
42,"A370",6336,"[2631, 2223, 2221, 2226]",39.973832,-1.584223,0.724758,9.229859,60.089964,0.334899,0.785655,79.399021,0.09205,10.204713,10.242866,10.275738,0.1186,0.32732,0.50332,8.394628,9.620886,10.340808,2.293743,0.001406,2.296246,0.00148,26.072125,0.441679,"[RCL2021] A370        6336"
43,"A370",8115,"[3235, 2815, 2813, 2817, 2985]",39.95224,-1.579734,1.034508,1.428002,13.934438,0.329139,1.010602,70.91837,0.5803,9.496244,9.598757,9.769147,-0.2017,0.276826,0.503573,8.729588,9.508946,9.888421,1.826194,0.016227,1.826941,0.01666,36.820116,1.627052,"[RCL2021] A370        8115"
44,"A370",8524,"3284",39.982664,-1.576919,1.275732,3.85643,14.901606,0.324653,0.119407,64.385677,2.0E-6,8.199967,8.282035,8.358647,0.003619,0.162291,0.264369,9.590408,9.191098,9.751147,1.833615,0.059885,1.865697,0.057585,9.483056,3.491017,"[RCL2021] A370        8524"
45,"A370",8574,"3344",39.969442,-1.5772,1.062625,5.280201,6.497479,0.328616,0.603519,77.795062,0.2809,10.227017,10.264754,10.309267,-0.5092,-0.155118,0.159646,7.555436,9.455251,10.328092,2.286541,0.029274,2.291622,0.031164,53.534685,6.098229,"[RCL2021] A370        8574"
46,"A370",8762,"3411",39.988935,-1.576156,1.203344,2.284229,16.991922,0.325999,0.172353,60.354064,0.1204,9.077442,9.171258,9.246162,0.3036,0.475792,0.639823,9.388812,9.543534,9.870819,1.792299,0.054462,1.829648,0.053889,10.768372,1.906983,"[RCL2021] A370        8762"
47,"A370",8773,"3440",39.976282,-1.57603,0.804022,5.822203,32.961705,0.333425,1.298493,72.984498,0.008343,8.776838,8.845958,8.905182,-0.4368,-0.291509,-0.163631,8.730229,8.968915,9.336385,1.726975,0.056431,1.769012,0.055755,32.774436,1.189289,"[RCL2021] A370        8773"
48,"A370",8923,"3514",39.970737,-1.57618,1.272835,4.745848,21.621133,0.324707,0.246816,90.0,2.0E-6,8.240395,8.365124,8.443721,0.04714,0.361704,0.509953,9.827023,9.311451,9.954002,1.751207,0.009679,1.751882,0.009999,7.401993,2.230363,"[RCL2021] A370        8923"
49,"A370",9163,"[3537, 3273]",39.959494,-1.577008,1.083386,2.314132,21.622887,0.32823,0.532131,55.150152,0.06652,9.65597,9.710036,9.758675,-0.6724,-0.05269,0.360009,8.127117,9.378002,9.88371,2.16273,0.005604,2.164818,0.005889,15.891922,1.344266,"[RCL2021] A370        9163"
50,"A370",9520,"[3737, 3615]",39.954058,-1.574348,1.033198,1.617375,11.403435,0.329163,0.452163,78.472324,1.0E-6,9.680561,9.715314,9.758091,0.246,0.479589,0.661109,8.903194,9.640332,10.015378,2.375063,0.021209,2.380369,0.022887,98.022245,2.042221,"[RCL2021] A370        9520"
51,"A370",9774,"[3812, 3890]",39.958055,-1.573648,1.050153,2.044711,22.19476,0.328848,0.601822,44.984731,0.03275,10.051152,10.10335,10.159398,1.105,1.225996,1.35718,9.635736,10.118356,10.479172,2.156437,0.010454,2.165437,0.011324,35.191919,1.344828,"[RCL2021] A370        9774"
52,"A370",10866,"4321",39.956015,-1.570376,0.547772,1.279223,19.323381,0.338191,0.625137,53.118864,0.06424,9.234837,9.271079,9.30492,-0.5011,-0.357111,-0.155378,8.360213,8.951907,9.47583,2.064832,0.019534,2.085016,0.020568,24.938087,2.597402,"[RCL2021] A370       10866"
53,"A370",10883,"4266",39.968818,-1.569921,0.624531,5.220573,9.192449,0.336763,0.204344,62.310576,0.01828,7.665387,7.81423,7.904748,-1.105,-0.930431,-0.769426,8.560593,8.299435,8.797986,1.769114,0.034592,1.7927,0.038868,29.013921,2.33491,"[RCL2021] A370       10883"
54,"A370",11212,"4378",39.985756,-1.569559,1.294124,2.713292,5.736549,0.324311,0.632384,81.504127,0.2449,8.82331,8.88466,8.940208,-0.41,-0.213536,-0.033287,8.630383,9.14264,9.412043,1.997545,0.043809,2.00973,0.044014,5.659285,4.624554,"[RCL2021] A370       11212"
55,"A370",11215,"4252",39.986485,-1.569871,1.033927,2.25337,18.480023,0.32915,0.289443,64.002498,2.0E-6,8.74997,8.819532,8.893877,-4.24E-4,0.136306,0.273765,9.273747,9.248224,9.634399,1.715323,0.052323,1.754762,0.051723,13.169564,2.610374,"[RCL2021] A370       11215"
56,"A370",11377,"4453",39.990048,-1.569667,1.059869,1.756081,33.38723,0.328667,0.543762,71.698111,0.7168,10.083218,10.133798,10.186888,1.065,1.200439,1.322792,9.577309,10.114504,10.482921,2.045472,0.006277,2.068071,0.005984,50.638568,0.938083,"[RCL2021] A370       11377"
57,"A370",11457,"4654",39.978072,-1.569136,1.264266,5.966599,54.936203,0.324866,0.217637,74.216645,0.03738,9.090994,9.10833,9.137853,-1.53,-0.826581,-0.409299,7.565162,8.876259,9.316415,1.996436,0.00366,1.99961,0.003865,30.812097,0.448423,"[RCL2021] A370       11457"
58,"A370",11727,"4567",39.957944,-1.568215,1.193087,2.151647,23.833889,0.32619,0.177755,36.211504,0.3329,9.748908,9.810956,9.864634,0.4897,0.72733,0.971709,9.110074,9.820247,10.157455,2.180174,0.03705,2.212949,0.036598,16.978518,5.815607,"[RCL2021] A370       11727"
59,"A370",12543,"[4863, 4657, 4686]",39.958889,-1.565268,1.265522,2.244716,23.644649,0.324843,0.329124,70.592959,0.6541,9.856493,9.871937,9.888184,0.6459,0.881779,1.080285,9.250835,9.925118,10.246602,2.126594,0.009084,2.134903,0.009038,70.552702,1.088559,"[RCL2021] A370       12543"
60,"A370",12978,"[4970, 4671]",39.96382,-1.565482,1.031895,3.128639,56.135445,0.329187,0.525089,67.105709,0.1326,9.923589,9.978926,10.042954,0.8973,1.087851,1.256841,9.542054,10.014209,10.368152,2.099918,0.001977,2.102901,0.002084,39.482127,0.29344,"[RCL2021] A370       12978"
61,"A370",13117,"5117",39.966891,-1.563442,1.032314,3.010947,29.151345,0.32918,0.296066,59.170137,0.09733,10.358832,10.415771,10.473444,0.8603,1.126576,1.338686,9.33286,10.139994,10.623286,2.285197,0.009087,2.285596,0.009136,37.618326,1.60549,"[RCL2021] A370       13117"
62,"A370",13228,"5152",39.959485,-1.562925,0.804531,1.700892,19.725212,0.333416,0.407394,56.897322,0.1603,10.031536,10.08014,10.13548,0.5118,0.704375,0.910858,9.002184,9.792154,10.283938,2.265733,0.021081,2.286957,0.023889,30.956235,7.868064,"[RCL2021] A370       13228"
63,"A370",13253,"5251",39.973556,-1.562619,0.71644,2.265577,20.241949,0.335054,0.355965,40.033577,0.4811,10.232421,10.277004,10.309295,0.1585,0.411062,0.65417,8.497876,9.670261,10.378733,2.339588,0.00508,2.342438,0.00524,26.452787,1.455657,"[RCL2021] A370       13253"
64,"A370",13465,"[5165, 5002]",39.973754,-1.562018,0.841374,2.683682,22.950447,0.332731,0.715173,64.060176,0.6985,9.146374,9.218714,9.305543,0.14,0.27572,0.403475,9.18943,9.364769,9.741752,1.830156,0.012378,1.840307,0.012842,37.515705,0.978483,"[RCL2021] A370       13465"
65,"A370",14523,"5915",39.964215,-1.55489,0.603096,1.314654,14.187523,0.337162,0.562093,48.150063,0.3797,9.207708,9.266106,9.327824,-0.1771,-0.052005,0.088769,8.776025,9.128524,9.578286,1.979006,0.029604,1.98231,0.032003,23.801527,2.834933,"[RCL2021] A370       14523"
66,"A370",15351,"5557",39.970985,-1.557657,0.54737,1.375338,8.791209,0.338198,0.411761,56.866937,0.2934,9.078028,9.121351,9.167256,-0.572,-0.428645,-0.293197,8.40915,8.874141,9.366855,1.918502,0.060542,1.944124,0.059756,23.17823,6.64232,"[RCL2021] A370       15351"
67,"A370",15361,"5648",39.962757,-1.558161,1.340437,2.129337,20.991143,0.323449,0.355885,35.295424,0.009064,9.985188,10.008811,10.047305,0.9771,1.185971,1.410288,9.553057,10.122757,10.432082,2.353661,0.018192,2.368289,0.01841,24.082829,2.128939,"[RCL2021] A370       15361"
68,"A370",15491,"5741",39.969559,-1.557093,0.841587,1.817726,49.635581,0.332727,0.126357,39.294917,0.0,8.948275,8.978992,9.022221,1.004,1.05993,1.096258,10.539797,9.704118,10.609273,2.246439,0.007765,2.257849,0.007952,76.575019,0.977931,"[RCL2021] A370       15491"
69,"A370",15649,"5622",39.970677,-1.557855,0.961006,2.121111,8.449278,0.330506,0.478154,44.372349,1.0E-6,9.407565,9.437236,9.468415,-0.9057,-0.654886,-0.464351,7.583392,8.977203,9.571002,1.878454,0.042544,1.891581,0.045557,31.418131,3.497569,"[RCL2021] A370       15649"
70,"A370",16235,"5455",39.973467,-1.56036,0.78304,2.189246,21.568823,0.333815,0.342783,67.025038,0.0,9.273556,9.294601,9.314934,-1.199,-0.758071,-0.562427,7.655113,8.839048,9.432348,1.867078,0.012148,1.887902,0.013773,35.406098,0.875947,"[RCL2021] A370       16235"
71,"AS1063",486,"4332",342.19004,-44.5301,0.728791,28.103458,6.078576,0.52214,1.174287,70.215838,0.1561,7.620992,7.690982,7.78068,-1.324,-1.159514,-1.021219,8.259772,8.199116,8.590095,1.575497,0.009934,1.575754,0.009995,25.731736,0.900506,"                          "
72,"AS1063",933,"[4426, 3479, 3481]",342.173994,-44.532344,0.611386,3.995382,84.38218,0.533019,0.718567,67.43815,0.04838,10.623321,10.672029,10.721302,1.34,1.451239,1.556453,9.884771,10.276922,10.866772,2.344562,0.00143,2.345035,0.001492,48.066101,0.419196,"                          "
73,"AS1063",937,"5727",342.186407,-44.521156,1.228023,5.056813,14.616561,0.475878,0.347906,79.010938,1.0E-6,9.129963,9.171907,9.231288,0.2852,0.426285,0.540168,9.308825,9.52322,9.836184,1.864957,0.01345,1.887695,0.015331,35.45338,1.20253,"                          "
74,"AS1063",939,"[5291, 4439, 4474, 4483, 4534]",342.174197,-44.528316,1.428456,6.600683,9.730294,0.457304,1.187159,66.612239,0.09091,9.596034,9.635647,9.69403,0.8936,1.054513,1.231594,9.673231,9.982562,10.270453,2.100319,0.014814,2.104306,0.015124,10.049558,5.212037,"                          "
75,"AS1063",952,"[4691, 4615, 4620, 4621, 4876, 4618, 4654, 4872]",342.195568,-44.528403,1.22809,19.783243,16.533929,0.475872,0.48779,82.541975,0.02385,8.926826,8.95379,8.979201,1.047,1.076738,1.1048,10.442331,9.803977,10.543536,1.57589,0.02191,1.576669,0.022425,37.393901,0.454569,"                          "
76,"AS1063",962,"[4457, 3859, 3856, 3850,  3849, 3848, 3854, 3990, 3958]",342.171926,-44.530239,1.03512,5.50547,7.23501,0.493753,0.36453,54.665407,0.1477,8.712359,8.7821,8.863796,-0.2193,-0.084986,0.06953,8.986307,9.126599,9.464323,1.348415,0.030594,1.349663,0.031475,15.401485,0.85415,"                          "
77,"MACS0416NE",161,"4848",64.053715,-24.067648,1.122728,1.523724,5.121242,0.250729,0.5711,87.970961,0.05876,8.85198,8.9008,8.953288,-0.8481,-0.652679,-0.450106,8.046803,8.886934,9.224781,1.965909,0.026803,1.967219,0.027522,13.003177,7.136169,"[RCL2021] MACS0416NE   161"
78,"MACS0416NE",178,"3525",64.045843,-24.075436,0.616665,1.31733,10.36047,0.285009,0.277448,90.0,5.0E-6,8.126345,8.186082,8.240714,-1.182,-1.059777,-0.897079,8.154667,8.329504,8.707419,1.955529,0.028408,1.974434,0.031088,9.62977,7.107424,"[RCL2021] MACS0416NE   178"
79,"MACS0416NE",277,"4301",64.046206,-24.071977,1.122649,2.074552,9.850357,0.250734,0.576262,52.472593,0.6705,9.045147,9.102125,9.151882,-0.1354,0.032296,0.207376,8.850825,9.284223,9.590894,1.754814,0.027582,1.759097,0.028732,16.571195,1.364832,"[RCL2021] MACS0416NE   277"
80,"MACS0416NE",361,"6439",64.045852,-24.055686,0.87049,1.592599,20.675955,0.267815,0.34218,72.221316,0.4495,8.731729,8.786083,8.832059,-0.6566,-0.537676,-0.401628,8.397882,8.849735,9.195495,2.00323,0.014196,2.018964,0.015317,36.675791,1.645883,"[RCL2021] MACS0416NE   361"
81,"MACS0416NE",422,"5574",64.041383,-24.063397,0.771223,4.244523,93.398014,0.274539,0.16067,81.708423,0.0,7.518196,7.607706,7.722689,-0.544,-0.454377,-0.383735,9.30218,8.555765,9.381184,1.807606,0.005389,1.827765,0.008196,34.782232,0.369427,"[RCL2021] MACS0416NE   422"
82,"MACS0416NE",1390,"5491",64.035636,-24.06272,1.303011,2.260134,7.224747,0.238517,0.91913,90.0,0.1516,8.694158,8.724904,8.750606,-0.6282,-0.459815,-0.281892,8.403027,8.981816,9.241224,1.830147,0.030464,1.837487,0.03242,5.0558,5.282926,"[RCL2021] MACS0416NE  1390"
83,"MACS0416NE",1454,"5842",64.041178,-24.060643,0.732925,1.929193,26.818868,0.277134,0.427936,55.256447,0.01281,9.436457,9.484953,9.528912,-0.031,0.161602,0.357839,8.797756,9.341401,9.769165,2.104401,0.009655,2.110551,0.01037,29.022288,1.469321,"[RCL2021] MACS0416NE  1454"
84,"MACS0416NE",1562,"[4192, 3815]",64.050296,-24.072679,0.672362,1.276913,84.108741,0.281236,0.795151,77.679229,0.1838,9.917615,9.972706,10.020014,0.4265,0.581507,0.747017,8.967928,9.664494,10.174296,2.208976,0.001993,2.213745,0.002129,33.819843,0.453779,"[RCL2021] MACS0416NE  1562"
85,"MACS0416NE",1563,"4090",64.044082,-24.074454,0.708956,1.702262,17.802032,0.278757,0.689854,50.150557,0.04012,10.486496,10.523055,10.553232,0.2043,0.363145,0.654582,8.32732,9.708217,10.58734,2.370869,0.003506,2.371581,0.003617,1.418768,1.174487,"[RCL2021] MACS0416NE  1563"
86,"MACS0416NE",1571,"6112",64.047258,-24.063234,0.52768,1.45492,40.966638,0.291037,0.729361,81.777447,0.1678,9.894471,9.932939,9.968937,-0.114,0.070988,0.292341,8.334898,9.344637,10.04126,2.2255,0.001803,2.227921,0.001883,15.937142,0.594188,"[RCL2021] MACS0416NE  1571"
87,"MACS0416NE",1576,"5632",64.037194,-24.063648,0.537513,1.444127,45.738554,0.290371,0.759319,66.63191,0.01651,9.923026,9.966047,10.011504,-0.028,0.171124,0.442872,8.448275,9.408434,10.082421,2.241175,0.004256,2.249725,0.004602,27.976175,0.798466,"[RCL2021] MACS0416NE  1576"
88,"MACS0416S",3399,"1565",64.031448,-24.090132,0.844184,1.542744,36.104334,0.326512,1.068166,90.0,0.5864,9.559866,9.632163,9.702121,0.4362,0.588546,0.77602,9.216394,9.629703,10.008423,2.184279,0.002615,2.192761,0.002618,34.381848,0.833008,"[RCL2021] MACS0416S   3399"
89,"MACS0416S",4120,"1482",64.031272,-24.087374,1.232484,2.377947,12.033578,0.305831,0.265594,64.207901,0.432,8.274826,8.367354,8.464389,-0.3244,-0.211291,-0.050318,9.018072,9.010977,9.361933,1.864864,0.062863,1.901067,0.06111,4.531446,8.494121,"[RCL2021] MACS0416S   4120"
90,"MACS0416S",4455,"1627",64.026525,-24.087987,0.537236,1.431378,24.80689,0.34286,0.424712,80.059772,0.165,9.381777,9.438683,9.500183,0.02608,0.233565,0.397176,9.038498,9.294894,9.764215,2.074736,0.010197,2.09689,0.010661,52.499078,1.684781,"[RCL2021] MACS0416S   4455"
91,"MACS0416S",4583,"2051",64.032328,-24.086038,1.429269,2.673673,30.805267,0.29535,0.599057,70.694645,0.117,8.57535,8.650717,8.700493,0.652,0.742598,0.800642,10.139077,9.600649,10.260286,1.905863,0.006979,1.930219,0.006902,43.15786,0.636578,"[RCL2021] MACS0416S   4583"
92,"MACS0416S",5744,"2379",64.037927,-24.08311,0.709914,1.502052,41.236719,0.333663,0.183165,55.688074,0.06136,9.942648,9.999099,10.052367,0.5258,0.785715,0.970443,9.223672,9.786823,10.249784,2.267291,0.008651,2.273178,0.008988,36.878569,2.718307,"[RCL2021] MACS0416S   5744"
93,"MACS0416S",7290,"3198",64.026439,-24.080861,0.735966,2.929854,32.291288,0.332276,0.504485,44.252452,0.2531,10.440158,10.489861,10.535205,0.9875,1.136832,1.275986,9.435845,10.100938,10.664995,2.368066,0.012871,2.370687,0.012979,88.594303,1.935001,"[RCL2021] MACS0416S   7290"
94,"MACS0416S",8854,"4209",64.032122,-24.075649,0.500206,1.773796,20.202169,0.344832,1.135208,90.0,0.2987,10.248478,10.290217,10.32757,-0.08727,0.165895,0.425257,8.240105,9.482351,10.356377,2.367392,0.00545,2.370235,0.005603,3.808052,2.914328,"[RCL2021] MACS0416S   8854"
95,"MACS0416S",8910,"[4026, 4025]",64.024571,-24.073633,0.846655,1.834894,22.67139,0.32638,0.52837,90.0,4.0E-6,8.498126,8.574131,8.659715,0.02397,0.199143,0.384564,9.618446,9.16437,9.77735,2.037769,0.015859,2.045561,0.017299,32.933356,1.151368,"[RCL2021] MACS0416S   8910"
