Cluster,IdR21,z,mu,Re_arcsec,R2.0_kpc,logV2.0,s_logV2.0,logMstar,logMHI,logMMol,logMbar,g_obs_ms2,g_bar_canon_ms2,gbar_over_a0canon,dilution_canon,dilution_alt_own_a0,delta_b_dex,pred_ALT_dex,pred_CPL_dex
A2744,2885,0.8502,2.495,0.5439,8.331,2.0583,0.0624,9.091,8.600,9.081,9.453,5.089e-11,2.234e-11,0.239,0.677,0.743,-0.5505,-0.1772,-0.0083
A2744,2962,1.2839,3.660,0.1927,3.224,1.7158,0.0589,8.360,8.659,8.897,9.169,2.716e-11,7.308e-12,0.078,0.865,0.901,0.2409,-0.3039,0.0123
A2744,3517,1.2687,2.344,0.1909,3.189,1.9086,0.0432,8.796,9.674,9.461,9.916,6.670e-11,3.468e-11,0.371,0.574,0.646,0.3831,-0.2442,0.0076
A2744,4365,1.0961,3.852,0.1847,3.016,1.6644,0.0614,8.353,8.735,8.854,9.171,2.290e-11,5.304e-12,0.057,0.898,0.927,0.4051,-0.2650,0.0019
A2744,4888,0.6529,1.567,0.3912,5.432,2.0534,0.0121,9.561,9.217,9.498,9.926,7.629e-11,4.270e-11,0.456,0.523,0.595,-0.0617,-0.1128,-0.0111
A2744,5460,1.1040,3.841,0.2141,3.502,1.8305,0.0381,8.281,9.093,8.952,9.366,4.240e-11,1.635e-11,0.175,0.741,0.800,0.0787,-0.2436,0.0019
A2744,6615,1.3432,2.553,0.1533,2.578,1.8349,0.0248,8.418,9.863,9.370,9.996,5.877e-11,2.833e-11,0.303,0.623,0.693,0.6941,-0.2715,0.0113
A2744,6921,1.3463,2.264,0.4651,7.820,1.9337,0.0313,9.467,9.236,9.708,9.989,3.054e-11,9.083e-12,0.097,0.837,0.880,0.3772,-0.3138,0.0154
A2744,7826,0.6056,2.125,0.3210,4.310,1.9376,0.0265,8.759,9.550,9.106,9.732,5.642e-11,2.650e-11,0.283,0.638,0.708,0.1082,-0.1207,-0.0146
A2744,8334,0.6879,2.224,0.2933,4.162,1.9503,0.0184,8.615,9.449,9.042,9.636,6.194e-11,3.083e-11,0.329,0.603,0.674,-0.0276,-0.1321,-0.0120
A2744,8853,0.7798,3.883,0.1834,2.730,1.6538,0.0913,8.080,9.328,8.792,9.457,2.411e-11,5.845e-12,0.062,0.889,0.920,0.7244,-0.1891,-0.0139
A2744,9389,1.1612,3.301,0.6432,10.615,1.9078,0.0120,9.177,9.689,9.640,10.032,1.997e-11,4.083e-12,0.044,0.920,0.943,0.5013,-0.2830,0.0057
A2744,9598,1.3445,5.393,0.2385,4.010,1.9640,0.0042,9.098,8.800,9.333,9.606,6.845e-11,3.612e-11,0.386,0.564,0.637,-0.1005,-0.2570,0.0102
A2744,10200,0.6069,2.340,0.7753,10.422,1.9232,0.0318,8.974,9.875,9.343,10.027,2.183e-11,4.840e-12,0.052,0.906,0.933,0.4482,-0.1499,-0.0205
A2744,10358,1.1612,2.778,0.2821,4.655,1.9361,0.0089,8.930,9.931,9.587,10.122,5.187e-11,2.306e-11,0.246,0.670,0.737,0.5025,-0.2431,0.0042
A2744,10419,1.3670,2.764,0.7181,12.090,1.9080,0.0127,8.892,10.230,9.737,10.366,1.755e-11,3.181e-12,0.034,0.936,0.955,0.8351,-0.3328,0.0186
A2744,11621,1.3401,2.437,0.4575,7.688,1.5847,0.0471,8.479,9.400,9.232,9.655,6.227e-12,4.125e-13,0.004,0.991,0.994,1.1391,-0.3335,0.0180
A2744,11952,1.0465,1.461,0.4007,6.485,1.9531,0.0421,9.020,9.481,9.436,9.833,4.027e-11,1.494e-11,0.160,0.758,0.814,0.1600,-0.2335,-0.0007
A2744,12004,1.0473,2.606,0.1841,2.980,1.7812,0.0687,8.622,9.131,9.102,9.482,3.970e-11,1.457e-11,0.156,0.763,0.818,0.3491,-0.2344,-0.0007
A370,3421,1.3398,3.504,1.0843,18.222,2.0975,0.0022,9.426,10.633,10.179,10.783,2.787e-11,7.668e-12,0.082,0.859,0.897,0.6571,-0.3157,0.0155
A370,3876,1.2562,4.584,0.2020,3.372,1.9306,0.0191,8.666,9.388,9.289,9.686,6.982e-11,3.726e-11,0.398,0.557,0.629,0.0838,-0.2372,0.0069
A370,4506,1.4497,4.109,0.5643,9.537,2.0352,0.0100,9.176,9.327,9.595,9.878,3.997e-11,1.474e-11,0.158,0.760,0.816,-0.0525,-0.3234,0.0193
A370,4517,1.2774,43.710,0.1936,3.238,1.7012,0.0700,8.144,8.289,8.667,8.902,2.528e-11,6.392e-12,0.068,0.880,0.913,0.0203,-0.3045,0.0122
A370,5263,0.5802,2.450,0.1888,2.484,1.8038,0.2109,8.326,9.039,8.688,9.253,5.284e-11,2.379e-11,0.254,0.663,0.730,0.0496,-0.1186,-0.0157
A370,5458,1.1967,2.075,0.3103,5.144,1.9170,0.0266,8.906,10.357,9.737,10.462,4.299e-11,1.675e-11,0.179,0.736,0.796,0.9030,-0.2634,0.0063
A370,5783,1.0603,6.380,0.4954,8.039,1.8091,0.0313,8.525,10.017,9.375,10.117,1.673e-11,2.902e-12,0.031,0.942,0.959,0.8969,-0.2618,-0.0001
A370,5961,1.0463,3.498,0.4201,6.797,1.7164,0.0287,8.676,8.627,8.948,9.252,1.291e-11,1.749e-12,0.019,0.964,0.975,0.3221,-0.2610,-0.0010
A370,6253,1.0616,2.277,0.5753,9.337,2.0646,0.0192,8.829,9.788,9.447,9.983,4.674e-11,1.934e-11,0.207,0.708,0.771,-0.0404,-0.2284,-0.0000
A370,8115,1.0345,1.428,1.0106,16.313,1.8269,0.0167,9.599,8.730,9.509,9.888,8.954e-12,8.488e-13,0.009,0.982,0.988,0.6118,-0.2602,-0.0017
A370,8762,1.2033,2.284,0.1724,2.860,1.8296,0.0539,9.171,9.389,9.544,9.871,5.171e-11,2.294e-11,0.245,0.671,0.738,0.5857,-0.2524,0.0060
A370,8773,0.8040,5.822,1.2985,19.532,1.7690,0.0558,8.846,8.730,8.969,9.336,5.727e-12,3.491e-13,0.004,0.993,0.995,0.2417,-0.2053,-0.0144
A370,8923,1.2728,4.746,0.2468,4.126,1.7519,0.0100,8.365,9.827,9.311,9.954,2.506e-11,6.285e-12,0.067,0.882,0.914,0.9131,-0.3037,0.0119
A370,9163,1.0834,2.314,0.5321,8.673,2.1648,0.0059,9.710,8.127,9.378,9.884,7.982e-11,4.573e-11,0.489,0.506,0.578,-0.4538,-0.1900,0.0007
A370,9774,1.0502,2.045,0.6018,9.746,2.1654,0.0113,10.103,9.636,10.118,10.479,7.123e-11,3.843e-11,0.411,0.549,0.621,0.1397,-0.1940,-0.0004
A370,10866,0.5478,1.279,0.6251,8.000,2.0850,0.0206,9.271,8.360,8.952,9.476,5.992e-11,2.923e-11,0.312,0.616,0.686,-0.6111,-0.1063,-0.0151
A370,10883,0.6245,5.221,0.2043,2.783,1.7927,0.0389,7.814,8.561,8.299,8.798,4.483e-11,1.801e-11,0.192,0.722,0.783,-0.3711,-0.1350,-0.0160
A370,11212,1.2941,2.713,0.6324,10.591,2.0097,0.0440,8.885,8.630,9.143,9.412,3.200e-11,9.895e-12,0.106,0.825,0.870,-0.4385,-0.3002,0.0123
A370,11215,1.0339,2.253,0.2894,4.672,1.7548,0.0517,8.820,9.274,9.248,9.634,2.242e-11,5.095e-12,0.054,0.902,0.929,0.5844,-0.2508,-0.0016
A370,11377,1.0599,1.756,0.5438,8.823,2.0681,0.0060,10.134,9.577,10.115,10.483,5.025e-11,2.187e-11,0.234,0.682,0.747,0.4492,-0.2234,-0.0001
A370,12978,1.0319,3.129,0.5251,8.471,2.1029,0.0021,9.979,9.542,10.014,10.368,6.145e-11,3.044e-11,0.325,0.606,0.677,0.2250,-0.2027,-0.0011
A370,13465,0.8414,2.684,0.7152,10.919,1.8403,0.0128,9.219,9.189,9.365,9.742,1.423e-11,2.114e-12,0.023,0.957,0.970,0.4232,-0.2109,-0.0121
A370,14523,0.6031,1.315,0.5621,7.534,1.9823,0.0320,9.266,8.776,9.129,9.578,3.965e-11,1.454e-11,0.155,0.763,0.819,-0.1862,-0.1350,-0.0174
A370,15351,0.5474,1.375,0.4118,5.268,1.9441,0.0598,9.121,8.409,8.874,9.367,4.757e-11,1.993e-11,0.213,0.701,0.765,-0.2777,-0.1163,-0.0172
A370,15649,0.9610,2.121,0.4782,7.584,1.8916,0.0456,9.437,7.583,8.977,9.571,2.594e-11,6.706e-12,0.072,0.875,0.909,0.0914,-0.2303,-0.0053
A370,16235,0.7830,2.189,0.3428,5.109,1.8879,0.0138,9.295,7.655,8.839,9.432,3.785e-11,1.339e-11,0.143,0.778,0.831,-0.0357,-0.1768,-0.0121
AS1063,486,0.7288,28.103,1.1743,17.049,1.5758,0.0100,7.691,8.260,8.199,8.590,2.694e-12,7.749e-14,0.001,0.998,0.999,0.1022,-0.1874,-0.0179
AS1063,937,1.2280,5.057,0.3479,5.789,1.8877,0.0153,9.172,9.309,9.523,9.836,3.337e-11,1.068e-11,0.114,0.814,0.861,0.3688,-0.2835,0.0086
AS1063,939,1.4285,6.601,1.1872,20.047,2.1043,0.0151,9.636,9.673,9.983,10.270,2.613e-11,6.802e-12,0.073,0.873,0.908,0.1229,-0.3377,0.0210
AS1063,952,1.2281,19.783,0.4878,8.117,1.5767,0.0224,8.954,10.442,9.804,10.544,5.683e-12,3.438e-13,0.004,0.993,0.995,2.0528,-0.3075,0.0105
AS1063,962,1.0351,5.505,0.3645,5.885,1.3497,0.0315,8.782,8.986,9.127,9.464,2.756e-12,8.106e-14,0.001,0.998,0.999,1.6864,-0.2620,-0.0017
MACS0416NE,161,1.1227,1.524,0.5711,9.371,1.9672,0.0275,8.901,8.047,8.887,9.225,2.974e-11,8.649e-12,0.092,0.844,0.885,-0.4923,-0.2639,0.0032
MACS0416NE,178,0.6167,1.317,0.2774,3.757,1.9744,0.0311,8.186,8.155,8.330,8.707,7.669e-11,4.304e-11,0.460,0.521,0.593,-1.0323,-0.1060,-0.0118
MACS0416NE,277,1.1226,2.075,0.5763,9.455,1.7591,0.0287,9.102,8.851,9.284,9.591,1.130e-11,1.345e-12,0.014,0.972,0.981,0.5273,-0.2802,0.0037
MACS0416NE,361,0.8705,1.593,0.3422,5.280,2.0190,0.0153,8.786,8.398,8.850,9.195,6.698e-11,3.491e-11,0.373,0.573,0.645,-0.6841,-0.1632,-0.0064
MACS0416NE,422,0.7712,4.245,0.1607,2.382,1.8278,0.0082,7.608,9.302,8.556,9.381,6.155e-11,3.052e-11,0.326,0.605,0.676,0.1020,-0.1491,-0.0098
MACS0416NE,1390,1.3030,2.260,0.9191,15.404,1.8375,0.0324,8.725,8.403,8.982,9.241,9.953e-12,1.047e-12,0.011,0.978,0.985,-0.0685,-0.3233,0.0153
MACS0416NE,1562,0.6724,1.277,0.7952,11.179,2.2137,0.0021,9.973,8.968,9.664,10.174,7.758e-11,4.380e-11,0.468,0.517,0.589,-0.3169,-0.1153,-0.0106
MACS0416S,3399,0.8442,1.543,1.0682,16.326,2.1928,0.0026,9.632,9.216,9.630,10.008,4.823e-11,2.040e-11,0.218,0.696,0.761,-0.4168,-0.1790,-0.0087
MACS0416S,4120,1.2325,2.378,0.2656,4.422,1.9011,0.0611,8.367,9.018,9.011,9.362,4.647e-11,1.915e-11,0.205,0.710,0.772,-0.1474,-0.2663,0.0077
MACS0416S,4583,1.4293,2.674,0.5991,10.116,1.9302,0.0069,8.651,10.139,9.601,10.260,2.323e-11,5.448e-12,0.058,0.896,0.925,0.6594,-0.3412,0.0216
MACS0416S,8910,0.8467,1.835,0.5284,8.083,2.0456,0.0173,8.574,9.618,9.164,9.777,4.945e-11,2.129e-11,0.227,0.687,0.752,-0.1857,-0.1781,-0.0085
