# FIREWALL: at N~237 the achieved sensitivity at AQUAL amplitude is ~1-1.5 sigma (n=16 gave 0.3 sigma; sqrt(237/16)=3.85x). NEITHER pre-registered kill condition (3-sigma AQUAL-vs-BranchB, N~1157 canonical a0=9.36e-11 / N~1424 alt a0=1.13e-10) CAN TRIGGER on this sample. Input vectors only, not a verdict.
# SIGN TRAP: pre-registered A_i = 2(v_rec - v_appr)/(v_rec + v_appr) (RECEDING side), psi from the RECEDING-side kinematic major axis; perside_extractor.py's pilot printout used the OPPOSITE ordering -- the firing lane must convert and hand-verify on a raw mom1 map.
# amplitudes are OUR OWN scale; +0.100 dex global offset to the Chae Table-3 scale REPORTED NOT APPLIED. unit vector / pointing = maxclu (PRIMARY) bracket. usable = cone68<30 deg AND |b|>=5 (2M++ ZoA cloned fill). readers: skip lines starting with #.
name,field,ra_deg,dec_deg,cz_bary_kms,cz_cmb_kms,D_mpc,gal_b_deg,hr_only_cz,ux_icrs,uy_icrs,uz_icrs,usgx,usgy,usgz,point_ra_deg,point_dec_deg,angle_noclu_maxclu_deg,g_noclu_ms2,g_maxclu_ms2,eN_noclu_chae12,eN_maxclu_chae12,eN_noclu_can936,eN_maxclu_can936,eN_noclu_alt113,eN_maxclu_alt113,dom_name,dom_kind,dom_share,attractor,angle_to_attractor_deg,sep_attr_mpc,cone68_deg,cone90_deg,n_real,zoa_flag,usable
J094524-480828,Vela,146.35000,-48.14111,912.2,1173.3,16.07,3.96,no,-0.683701,-0.505589,0.526244,0.024574,0.888227,0.458747,216.482,31.752,5.14,2.7621e-14,2.1896e-13,2.3017e-04,1.8247e-03,2.9509e-04,2.3393e-03,2.4443e-04,1.9377e-03,Virgo,cluster,0.472,"Vela SC (behind ZoA, cz~18000; NOT in 2M++/MCXC reach)",,,12.32,18.57,200,in_mask,no
J094944-471059,Vela,147.43333,-47.18306,5361.7,5628.2,77.10,5.17,no,0.127482,-0.613927,0.779000,0.509643,0.278274,0.814142,281.731,51.169,2.25,3.9710e-14,3.4984e-13,3.3092e-04,2.9153e-03,4.2426e-04,3.7376e-03,3.5142e-04,3.0959e-03,RXC J1324.7-5736,cluster,0.067,"Vela SC (behind ZoA, cz~18000; NOT in 2M++/MCXC reach)",,,2.95,3.98,200,edge,yes
J100036-465940,Vela,150.15000,-46.99444,3696.3,3967.4,54.35,6.46,no,-0.158421,-0.667708,0.727371,0.339568,0.518117,0.785015,256.653,46.666,1.85,4.5789e-14,3.7804e-13,3.8158e-04,3.1503e-03,4.8920e-04,4.0389e-03,4.0521e-04,3.3455e-03,RXCJ1036.6-2731,cluster,0.190,"Vela SC (behind ZoA, cz~18000; NOT in 2M++/MCXC reach)",,,5.32,7.31,200,edge,yes
J100123-434533,Vela,150.34583,-43.75917,3558.2,3841.8,52.63,9.12,no,-0.038352,-0.778046,0.627035,0.260454,0.377796,0.888501,267.178,38.832,1.46,5.2966e-14,4.3922e-13,4.4138e-04,3.6601e-03,5.6587e-04,4.6925e-03,4.6872e-04,3.8869e-03,RXCJ1036.6-2731,cluster,0.234,"Vela SC (behind ZoA, cz~18000; NOT in 2M++/MCXC reach)",,,9.76,12.93,200,edge,yes
J100239-452950,Vela,150.66250,-45.49722,3514.2,3791.8,51.94,7.87,no,-0.297339,-0.591086,0.749805,0.332963,0.645194,0.687649,243.296,48.573,2.40,5.1768e-14,4.3230e-13,4.3140e-04,3.6025e-03,5.5307e-04,4.6186e-03,4.5812e-04,3.8257e-03,RXCJ1036.6-2731,cluster,0.206,"Vela SC (behind ZoA, cz~18000; NOT in 2M++/MCXC reach)",,,10.94,13.32,200,edge,yes
J100342-270137,Hydra,150.92500,-27.02694,954.5,1287.5,17.64,22.49,no,-0.403543,-0.841491,0.359230,-0.128972,0.597097,0.791733,244.380,21.053,4.19,2.9398e-14,2.2739e-13,2.4498e-04,1.8949e-03,3.1408e-04,2.4293e-03,2.6016e-04,2.0123e-03,Virgo,cluster,0.671,Abell 1060 (Hydra),92.08,34.33,15.04,22.39,200,clear,yes
J100351-273417,Hydra,150.96250,-27.57139,2788.9,3120.8,42.75,22.10,no,-0.089109,-0.929017,-0.359148,-0.660088,0.014984,0.751039,264.521,-21.048,2.46,4.8956e-14,3.9185e-13,4.0797e-04,3.2654e-03,5.2303e-04,4.1864e-03,4.3324e-04,3.4677e-03,RXCJ1036.6-2731,cluster,0.583,Abell 1060 (Hydra),66.63,10.80,25.51,42.44,200,clear,yes
J100426-282638,Hydra,151.10833,-28.44389,1086.3,1416.6,19.41,21.51,no,-0.349625,-0.925330,0.146718,-0.320531,0.465565,0.824930,249.302,8.437,2.90,3.5267e-14,2.7277e-13,2.9389e-04,2.2731e-03,3.7679e-04,2.9142e-03,3.1210e-04,2.4139e-03,Virgo,cluster,0.470,Abell 1060 (Hydra),89.73,32.58,18.94,26.32,200,clear,yes
J100437-490338,Vela,151.15417,-49.06056,3404.2,3668.3,50.25,5.22,no,-0.212119,-0.655867,0.724461,0.320965,0.563973,0.760865,252.078,46.424,1.97,4.7184e-14,3.9123e-13,3.9320e-04,3.2603e-03,5.0410e-04,4.1798e-03,4.1756e-04,3.4622e-03,RXCJ1248.7-4118,cluster,0.185,"Vela SC (behind ZoA, cz~18000; NOT in 2M++/MCXC reach)",,,5.62,7.84,200,edge,yes
J100539-282633,Hydra,151.41250,-28.44250,1046.9,1377.7,18.87,21.68,no,0.024755,-0.861972,0.506351,0.151455,0.277391,0.948744,271.645,30.421,6.09,2.2095e-14,1.7359e-13,1.8412e-04,1.4466e-03,2.3606e-04,1.8546e-03,1.9553e-04,1.5362e-03,10042611-2826384,gal2mpp,0.869,Abell 1060 (Hydra),117.89,33.09,38.73,49.04,200,clear,no
J100542-480241,Vela,151.42500,-48.04472,4017.1,4285.7,58.71,6.14,no,-0.391134,-0.359724,0.847120,0.460640,0.749032,0.476196,222.605,57.900,2.51,1.0820e-13,1.0393e-12,9.0165e-04,8.6611e-03,1.1560e-03,1.1104e-02,9.5750e-04,9.1976e-03,ZOA0002280,gal2mpp,0.348,"Vela SC (behind ZoA, cz~18000; NOT in 2M++/MCXC reach)",,,25.25,27.35,200,edge,yes
J100656-450242,Vela,151.73333,-45.04500,3912.9,4193.7,57.45,8.68,no,-0.117744,-0.728158,0.675220,0.289240,0.465001,0.836728,260.815,42.471,0.89,4.3246e-14,3.5012e-13,3.6039e-04,2.9177e-03,4.6203e-04,3.7406e-03,3.8271e-04,3.0984e-03,RXCJ1036.6-2731,cluster,0.224,"Vela SC (behind ZoA, cz~18000; NOT in 2M++/MCXC reach)",,,8.29,11.08,200,edge,yes
J100748-430145,Vela,151.95000,-43.02917,6255.2,6543.7,89.64,10.40,no,0.862626,0.304808,0.403693,0.775482,-0.630996,0.021724,19.461,23.809,1.72,1.6834e-13,1.7188e-12,1.4029e-03,1.4323e-02,1.7985e-03,1.8363e-02,1.4898e-03,1.5211e-02,10070094-4303277,gal2mpp,0.797,"Vela SC (behind ZoA, cz~18000; NOT in 2M++/MCXC reach)",,,60.26,64.69,200,clear,no
J100801-473847,Vela,152.00417,-47.64639,3356.2,3627.1,49.69,6.69,no,-0.221668,-0.647309,0.729284,0.324462,0.573800,0.751983,251.096,46.826,1.92,4.8934e-14,4.0460e-13,4.0778e-04,3.3717e-03,5.2280e-04,4.3227e-03,4.3304e-04,3.5805e-03,RXCJ1036.6-2731,cluster,0.193,"Vela SC (behind ZoA, cz~18000; NOT in 2M++/MCXC reach)",,,6.74,8.93,200,edge,yes
J100916-431959,Vela,152.31667,-43.33306,4608.4,4896.2,67.07,10.31,no,0.118443,-0.649238,0.751307,0.470331,0.277899,0.837592,280.339,48.704,2.10,4.1506e-14,3.4024e-13,3.4588e-04,2.8354e-03,4.4344e-04,3.6351e-03,3.6731e-04,3.0110e-03,RXCJ1036.6-2731,cluster,0.148,"Vela SC (behind ZoA, cz~18000; NOT in 2M++/MCXC reach)",,,7.81,17.16,200,clear,yes
J100938-255850,Hydra,152.40833,-25.98056,3079.7,3417.2,46.81,24.15,no,-0.451877,-0.815427,-0.361782,-0.759626,0.328862,0.561086,241.007,-21.210,1.10,8.2764e-14,6.5837e-13,6.8970e-04,5.4864e-03,8.8423e-04,7.0338e-03,7.3243e-04,5.8262e-03,RXCJ1036.6-2731,cluster,0.764,Abell 1060 (Hydra),29.27,7.28,16.28,34.75,200,clear,yes
J101035-254920,Hydra,152.64583,-25.82222,2516.2,2854.5,39.10,24.40,no,0.219139,-0.658389,-0.720071,-0.763181,-0.442587,0.470820,288.410,-46.060,4.15,3.0707e-14,2.4483e-13,2.5589e-04,2.0403e-03,3.2806e-04,2.6157e-03,2.7174e-04,2.1667e-03,RXCJ1036.6-2731,cluster,0.596,Abell 1060 (Hydra),80.14,13.51,33.69,44.67,200,clear,no
J101219-471739,Vela,153.07917,-47.29417,2525.4,2798.9,38.34,7.40,no,-0.704014,-0.617331,0.351094,-0.172147,0.842069,0.511161,221.247,20.554,1.57,4.4933e-14,3.6534e-13,3.7444e-04,3.0445e-03,4.8005e-04,3.9032e-03,3.9763e-04,3.2331e-03,RXCJ1248.7-4118,cluster,0.246,"Vela SC (behind ZoA, cz~18000; NOT in 2M++/MCXC reach)",,,11.21,16.19,200,edge,yes
J101247-275028,Hydra,153.19583,-27.84111,2619.8,2954.6,40.47,23.13,no,-0.092636,-0.787292,-0.609582,-0.828875,-0.102798,0.549907,263.289,-37.559,3.43,3.0499e-14,2.3801e-13,2.5416e-04,1.9834e-03,3.2584e-04,2.5428e-03,2.6990e-04,2.1063e-03,RXCJ1036.6-2731,cluster,0.772,Abell 1060 (Hydra),70.95,12.04,33.18,41.41,200,clear,no
J101330-434301,Vela,153.37500,-43.71694,4578.3,4866.0,66.66,10.45,no,0.175284,-0.526185,0.832108,0.603294,0.249705,0.757419,288.424,56.316,2.60,4.4673e-14,3.7179e-13,3.7227e-04,3.0982e-03,4.7727e-04,3.9721e-03,3.9533e-04,3.2902e-03,RXCJ1036.6-2731,cluster,0.138,"Vela SC (behind ZoA, cz~18000; NOT in 2M++/MCXC reach)",,,11.20,18.34,200,clear,yes
J101331-434904,Vela,153.37917,-43.81778,4212.0,4499.3,61.63,10.37,no,0.113427,-0.646626,0.754327,0.471945,0.283450,0.834820,279.949,48.967,2.06,4.3235e-14,3.5489e-13,3.6029e-04,2.9574e-03,4.6191e-04,3.7915e-03,3.8261e-04,3.1406e-03,RXCJ1036.6-2731,cluster,0.200,"Vela SC (behind ZoA, cz~18000; NOT in 2M++/MCXC reach)",,,6.35,10.56,200,clear,yes
J101359-253824,Hydra,153.49583,-25.64000,3185.5,3525.3,48.29,25.03,no,-0.476254,-0.767768,-0.428619,-0.810105,0.317539,0.492847,238.188,-25.380,0.71,1.1836e-13,9.4330e-13,9.8633e-04,7.8609e-03,1.2645e-03,1.0078e-02,1.0474e-03,8.3478e-03,RXCJ1036.6-2731,cluster,0.825,Abell 1060 (Hydra),18.30,5.85,19.83,48.37,200,clear,yes
J101441-285221,Hydra,153.67083,-28.87250,1086.4,1419.6,19.45,22.57,no,-0.411802,-0.789077,0.455826,-0.030923,0.640917,0.766987,242.441,27.118,4.83,2.5297e-14,1.9630e-13,2.1081e-04,1.6359e-03,2.7027e-04,2.0973e-03,2.2387e-04,1.7372e-03,Virgo,cluster,0.678,Abell 1060 (Hydra),93.81,32.42,15.80,23.04,200,clear,yes
J101442-445108,Vela,153.67500,-44.85222,1109.0,1392.7,19.08,9.64,no,-0.583745,-0.575590,0.572659,0.078167,0.825037,0.559646,224.597,34.936,4.49,2.8978e-14,2.3082e-13,2.4148e-04,1.9235e-03,3.0959e-04,2.4660e-03,2.5644e-04,2.0426e-03,Virgo,cluster,0.417,"Vela SC (behind ZoA, cz~18000; NOT in 2M++/MCXC reach)",,,15.56,23.48,200,edge,yes
J101448-285723,Hydra,153.70000,-28.95639,4192.9,4525.9,62.00,22.52,no,0.440441,-0.769840,0.461908,0.300490,-0.123903,0.945703,299.775,27.510,1.75,6.6816e-14,5.5258e-13,5.5680e-04,4.6048e-03,7.1385e-04,5.9036e-03,5.9130e-04,4.8901e-03,RXCJ1036.6-2731,cluster,0.371,Abell 1060 (Hydra),7.69,11.40,5.59,15.01,200,clear,yes
J101457-433710,Vela,153.73750,-43.61944,3045.1,3333.6,45.67,10.68,no,-0.210458,-0.725281,0.655496,0.238453,0.539554,0.807478,253.819,40.957,1.61,6.0539e-14,5.0098e-13,5.0449e-04,4.1748e-03,6.4678e-04,5.3524e-03,5.3574e-04,4.4335e-03,RXCJ1036.6-2731,cluster,0.226,"Vela SC (behind ZoA, cz~18000; NOT in 2M++/MCXC reach)",,,12.87,17.21,200,clear,yes
J101655-485238,Vela,154.22917,-48.87722,2738.2,3006.4,41.18,6.53,no,-0.593130,-0.599179,0.537757,0.036514,0.820760,0.570105,225.291,32.531,1.69,5.1655e-14,4.2767e-13,4.3046e-04,3.5639e-03,5.5187e-04,4.5691e-03,4.5712e-04,3.7847e-03,RXCJ1248.7-4118,cluster,0.225,"Vela SC (behind ZoA, cz~18000; NOT in 2M++/MCXC reach)",,,8.21,12.95,200,edge,yes
J101941-254852,Hydra,154.92083,-25.81444,3013.9,3355.3,45.96,25.68,no,-0.547606,-0.614198,-0.568232,-0.904771,0.307072,0.295121,228.280,-34.627,1.01,8.3999e-14,6.6653e-13,7.0000e-04,5.5545e-03,8.9743e-04,7.1211e-03,7.4336e-04,5.8985e-03,RXCJ1036.6-2731,cluster,0.869,Abell 1060 (Hydra),29.01,6.78,19.35,42.24,200,clear,yes
J102017-253913,Hydra,155.07083,-25.65361,3439.1,3781.1,51.80,25.89,no,-0.111697,-0.933298,-0.341290,-0.654629,0.043341,0.754707,263.175,-19.956,0.27,2.7827e-13,2.2320e-12,2.3189e-03,1.8600e-02,2.9729e-03,2.3846e-02,2.4625e-03,1.9752e-02,RXCJ1036.6-2731,cluster,0.862,Abell 1060 (Hydra),4.29,3.72,31.74,43.79,200,clear,no
J103023-302336,Hydra,157.59583,-30.39333,4086.3,4420.4,60.55,23.34,no,0.431434,-0.580870,0.690258,0.558428,-0.035988,0.828772,306.603,43.650,1.07,7.2630e-14,5.9393e-13,6.0525e-04,4.9494e-03,7.7596e-04,6.3454e-03,6.4274e-04,5.2560e-03,RXCJ1036.6-2731,cluster,0.514,Abell 1060 (Hydra),14.17,9.34,12.12,33.59,200,clear,yes
J103244-283639,Hydra,158.18333,-28.61083,3631.5,3970.6,54.39,25.10,no,0.538518,-0.424050,0.728135,0.684764,-0.130955,0.716902,321.782,46.730,0.82,3.7237e-13,2.9586e-12,3.1031e-03,2.4655e-02,3.9783e-03,3.1609e-02,3.2953e-03,2.6182e-02,RXCJ1036.6-2731,cluster,1.039,Abell 1060 (Hydra),4.55,2.94,47.20,119.61,200,clear,no
J103250-301601,Hydra,158.20833,-30.26694,3477.1,3812.2,52.22,23.73,no,-0.327393,-0.325814,0.886938,0.530438,0.705599,0.469858,224.862,62.491,0.47,5.5768e-13,4.5147e-12,4.6473e-03,3.7623e-02,5.9581e-03,4.8234e-02,4.9352e-03,3.9954e-02,RXCJ1036.6-2731,cluster,0.843,Abell 1060 (Hydra),9.98,2.65,48.27,59.77,200,clear,no
J103359-301003,Hydra,158.49583,-30.16750,3484.3,3819.9,52.33,23.95,no,-0.277254,-0.161272,0.947165,0.657316,0.670632,0.343786,210.186,71.292,0.21,5.4824e-13,4.3992e-12,4.5687e-03,3.6660e-02,5.8573e-03,4.7000e-02,4.8517e-03,3.8931e-02,RXCJ1036.6-2731,cluster,0.948,Abell 1060 (Hydra),3.87,2.53,53.13,64.22,200,clear,no
J103522-244506,Hydra,158.84167,-24.75167,1054.8,1402.7,19.22,28.62,no,-0.309304,-0.835376,0.454399,-0.009519,0.552662,0.833351,249.683,27.026,3.57,3.3398e-14,2.6188e-13,2.7832e-04,2.1823e-03,3.5682e-04,2.7978e-03,2.9556e-04,2.3175e-03,Virgo,cluster,0.640,Abell 1060 (Hydra),103.03,32.57,15.65,22.63,200,clear,yes
J103523-281855,Hydra,158.84583,-28.31528,3295.4,3635.7,49.80,25.67,no,-0.968813,0.206817,-0.136487,-0.410356,0.791983,-0.452075,167.950,-7.845,0.07,7.7160e-13,6.1750e-12,6.4300e-03,5.1458e-02,8.2436e-03,6.5972e-02,6.8283e-03,5.4646e-02,RXCJ1036.6-2731,cluster,0.998,Abell 1060 (Hydra),1.76,2.08,99.36,142.87,200,clear,no
J103651-260227,Hydra,159.21250,-26.04083,2371.3,2716.9,37.22,27.74,no,-0.222893,-0.650407,-0.726147,-0.931462,-0.048870,0.360541,251.084,-46.564,2.72,2.6119e-14,2.0095e-13,2.1766e-04,1.6745e-03,2.7905e-04,2.1469e-03,2.3114e-04,1.7783e-03,RXCJ1036.6-2731,cluster,0.625,Abell 1060 (Hydra),69.10,14.57,21.72,33.88,200,clear,yes
J103653-270311,Hydra,159.22083,-27.05306,3547.2,3890.7,53.30,26.90,no,0.938963,-0.312522,0.143798,0.369380,-0.751915,0.546061,341.591,8.268,0.34,1.3861e-12,1.1165e-11,1.1551e-02,9.3039e-02,1.4809e-02,1.1928e-01,1.2267e-02,9.8802e-02,RXCJ1036.6-2731,cluster,0.919,Abell 1060 (Hydra),3.60,1.61,109.77,147.54,200,clear,no
J103655-265412,Hydra,159.22917,-26.90333,3253.4,3597.2,49.28,27.03,no,-0.705645,0.248275,-0.663645,-0.751859,0.325568,-0.573335,160.616,-41.578,0.17,5.1701e-13,4.1360e-12,4.3085e-03,3.4467e-02,5.5237e-03,4.4189e-02,4.5753e-03,3.6602e-02,RXCJ1036.6-2731,cluster,1.007,Abell 1060 (Hydra),2.76,2.53,86.89,148.12,200,clear,no
J103702-273359,Hydra,159.25833,-27.56639,2863.8,3206.2,43.92,26.49,no,0.659641,-0.592722,-0.462119,-0.353247,-0.733979,0.580078,318.059,-27.524,0.89,2.6062e-13,2.2261e-12,2.1718e-03,1.8551e-02,2.7844e-03,2.3783e-02,2.3064e-03,1.9700e-02,10371285-2741021,gal2mpp,1.028,Abell 1060 (Hydra),121.71,7.82,111.34,125.86,200,clear,no
J103725-251916,Hydra,159.35417,-25.32111,3716.4,4063.6,55.67,28.41,no,0.901553,-0.432539,-0.010564,0.181340,-0.773008,0.607927,334.370,-0.605,0.26,1.9535e-13,1.5804e-12,1.6279e-03,1.3170e-02,2.0871e-03,1.6885e-02,1.7288e-03,1.3986e-02,RXCJ1036.6-2731,cluster,0.858,Abell 1060 (Hydra),6.89,4.43,24.59,96.76,200,clear,yes
J103818-285307,Hydra,159.57500,-28.88528,4384.9,4724.5,64.72,25.54,no,0.483602,-0.489529,0.725597,0.639630,-0.076443,0.764872,314.651,46.519,1.54,6.1838e-14,5.2161e-13,5.1532e-04,4.3467e-03,6.6067e-04,5.5727e-03,5.4724e-04,4.6160e-03,RXCJ1036.6-2731,cluster,0.300,Abell 1060 (Hydra),23.52,13.05,13.58,19.91,200,clear,yes
J103915-301757,Hydra,159.81250,-30.29917,3763.6,4099.9,56.16,24.46,no,0.483313,-0.208128,0.850348,0.843102,-0.049629,0.535459,336.702,58.250,0.49,1.5793e-13,1.2830e-12,1.3161e-03,1.0691e-02,1.6873e-03,1.3707e-02,1.3976e-03,1.1354e-02,RXCJ1036.6-2731,cluster,0.780,Abell 1060 (Hydra),7.42,5.16,27.06,83.33,200,clear,yes
J103918-265030,Hydra,159.82500,-26.84167,3070.8,3415.3,46.78,27.38,no,-0.605752,0.260419,-0.751828,-0.786256,0.196858,-0.585703,156.737,-48.749,1.43,1.0743e-13,8.4813e-13,8.9524e-04,7.0677e-03,1.1477e-03,9.0612e-03,9.5069e-04,7.5055e-03,RXCJ1036.6-2731,cluster,1.247,Abell 1060 (Hydra),15.31,5.02,50.91,128.08,200,clear,no
J103922-293505,Hydra,159.84167,-29.58472,3885.7,4223.8,57.86,25.08,no,0.534921,-0.222183,0.815165,0.827334,-0.109731,0.550888,337.444,54.604,1.13,1.2050e-13,9.9066e-13,1.0041e-03,8.2555e-03,1.2874e-03,1.0584e-02,1.0663e-03,8.7669e-03,RXCJ1036.6-2731,cluster,0.647,Abell 1060 (Hydra),10.26,6.45,15.02,65.33,200,clear,yes
J104000-292445,Hydra,160.00000,-29.41250,3764.4,4103.1,56.21,25.30,no,0.574792,-0.216053,0.789262,0.822054,-0.157242,0.547268,339.400,52.117,0.37,1.7287e-13,1.4022e-12,1.4406e-03,1.1685e-02,1.8469e-03,1.4981e-02,1.5298e-03,1.2409e-02,RXCJ1036.6-2731,cluster,0.808,Abell 1060 (Hydra),8.43,4.85,19.10,100.21,200,clear,yes
J104004-301606,Hydra,160.01667,-30.26833,3405.2,3741.8,51.26,24.58,no,-0.471840,0.427245,0.771251,0.633623,0.713665,-0.298670,137.840,50.466,0.25,4.9119e-13,3.9366e-12,4.0933e-03,3.2805e-02,5.2478e-03,4.2058e-02,4.3468e-03,3.4837e-02,RXCJ1036.6-2731,cluster,1.002,Abell 1060 (Hydra),2.76,2.60,55.74,82.43,200,clear,no
J104016-274630,Hydra,160.06667,-27.77500,3975.0,4317.6,59.15,26.71,no,0.852522,0.046407,0.520628,0.784269,-0.547043,0.292689,3.116,31.374,2.19,1.1965e-13,1.0125e-12,9.9710e-04,8.4378e-03,1.2783e-03,1.0818e-02,1.0589e-03,8.9605e-03,RXCJ1036.6-2731,cluster,0.475,Abell 1060 (Hydra),14.56,7.44,19.53,76.01,200,clear,yes
J104059-270456,Hydra,160.24583,-27.08222,4745.5,5089.7,69.72,27.38,no,0.831764,-0.384914,0.400013,0.525294,-0.538824,0.658586,335.167,23.579,3.27,4.8892e-14,4.2356e-13,4.0743e-04,3.5297e-03,5.2235e-04,4.5253e-03,4.3267e-04,3.7484e-03,RXCJ1036.6-2731,cluster,0.194,Abell 1060 (Hydra),7.69,18.01,7.53,10.51,200,clear,yes
J104309-300301,Hydra,160.78750,-30.05028,3199.4,3537.1,48.45,25.12,no,-0.827208,0.548339,0.122683,-0.017298,0.743212,-0.668833,146.460,7.047,0.54,1.6741e-13,1.3329e-12,1.3951e-03,1.1108e-02,1.7886e-03,1.4241e-02,1.4815e-03,1.1796e-02,RXCJ1036.6-2731,cluster,1.160,Abell 1060 (Hydra),4.44,4.15,59.48,119.29,200,clear,no
J104311-261500,Hydra,160.79583,-26.25000,4532.9,4879.4,66.84,28.34,no,0.808026,-0.424342,0.408690,0.510411,-0.510005,0.692369,332.293,24.123,2.35,5.8681e-14,5.0546e-13,4.8900e-04,4.2122e-03,6.2693e-04,5.4002e-03,5.1930e-04,4.4731e-03,RXCJ1036.6-2731,cluster,0.227,Abell 1060 (Hydra),12.89,15.22,9.60,20.83,200,clear,yes
J104339-285157,Hydra,160.91250,-28.86583,3462.2,3802.9,52.09,26.18,no,0.136900,0.730536,0.669010,0.877322,0.093950,-0.470617,79.386,41.991,0.10,9.4869e-13,7.6098e-12,7.9058e-03,6.3415e-02,1.0136e-02,8.1302e-02,8.3955e-03,6.7344e-02,RXCJ1036.6-2731,cluster,0.993,Abell 1060 (Hydra),1.40,1.88,65.95,77.63,200,clear,no
J104905-292232,Hydra,162.27083,-29.37556,4279.2,4619.5,63.28,26.36,no,0.747550,-0.265681,0.608755,0.714324,-0.385082,0.584340,340.435,37.500,2.05,6.1718e-14,5.2184e-13,5.1431e-04,4.3487e-03,6.5938e-04,5.5753e-03,5.4617e-04,4.6181e-03,RXCJ1036.6-2731,cluster,0.355,Abell 1060 (Hydra),13.38,11.99,8.19,18.23,200,clear,yes
J122708+055255,NGC 4636,186.78333,5.88194,1115.9,1456.9,19.96,67.98,no,0.959219,-0.041976,0.279530,0.586314,-0.737809,0.334474,357.494,16.232,0.74,1.4919e-13,1.2071e-12,1.2433e-03,1.0059e-02,1.5939e-03,1.2896e-02,1.3203e-03,1.0682e-02,Virgo,cluster,0.895,Virgo,8.09,5.53,45.56,95.94,200,clear,no
J122710+071549,NGC 4636,186.79167,7.26361,928.9,1267.9,17.37,69.32,no,0.899366,-0.038297,0.435516,0.699566,-0.617510,0.359568,357.562,25.818,0.29,4.2188e-13,3.3839e-12,3.5157e-03,2.8199e-02,4.5072e-03,3.6153e-02,3.7334e-03,2.9946e-02,Virgo,cluster,1.116,Virgo,8.02,2.96,69.64,118.82,200,clear,no
J122726+061551,NGC 4636,186.85833,6.26417,1462.8,1803.1,24.70,68.37,no,0.969699,-0.104964,-0.220606,0.137686,-0.955645,0.260356,353.822,-12.745,2.53,4.5896e-14,3.7359e-13,3.8247e-04,3.1132e-03,4.9034e-04,3.9913e-03,4.0616e-04,3.3061e-03,Virgo,cluster,0.863,Virgo,19.35,10.12,39.23,66.20,200,clear,no
J122733+061359,NGC 4636,186.88750,6.23306,6413.1,6753.4,92.51,68.35,no,0.939647,0.112854,0.322997,0.669291,-0.716411,0.196989,6.849,18.844,1.86,2.9832e-14,2.7935e-13,2.4860e-04,2.3279e-03,3.1872e-04,2.9845e-03,2.6400e-04,2.4721e-03,RXC J1259.7+2756,cluster,0.326,Virgo,23.92,77.83,13.39,25.45,200,clear,yes
J122852+041739,NGC 4636,187.21667,4.29417,4245.1,4587.3,62.84,66.54,no,0.661402,-0.377964,-0.647835,-0.439342,-0.835752,0.329390,330.254,-40.379,8.94,1.1738e-14,1.0413e-13,9.7816e-05,8.6771e-04,1.2541e-04,1.1124e-03,1.0388e-04,9.2146e-04,RXC J1259.7+2756,cluster,0.577,Virgo,50.93,48.25,27.56,53.65,200,clear,yes
J122932+005020,NGC 4636,187.38333,0.83889,2240.3,2585.7,35.42,63.19,no,0.863551,-0.065019,-0.500052,-0.129334,-0.983936,0.123052,355.694,-30.003,5.54,2.2570e-14,1.8574e-13,1.8809e-04,1.5478e-03,2.4114e-04,1.9844e-03,1.9974e-04,1.6437e-03,RXCJ1315.3-1623,cluster,0.436,Virgo,38.78,21.14,24.17,44.75,200,clear,yes
J123026+041450,NGC 4636,187.60833,4.24722,2434.9,2776.3,38.03,66.58,no,0.878298,0.370930,-0.301667,0.195995,-0.953852,-0.227492,22.896,-17.558,4.57,2.5283e-14,2.1729e-13,2.1069e-04,1.8108e-03,2.7011e-04,2.3215e-03,2.2374e-04,1.9229e-03,Virgo,cluster,0.276,Virgo,23.80,23.49,23.08,36.40,200,clear,yes
J123138+035620,NGC 4636,187.90833,3.93889,1684.1,2025.3,27.74,66.33,no,0.193558,-0.333636,-0.922617,-0.836488,-0.537544,0.106466,300.120,-67.312,2.18,3.0047e-14,2.3311e-13,2.5039e-04,1.9426e-03,3.2102e-04,2.4905e-03,2.6591e-04,2.0629e-03,12340849+0239137,gal2mpp,1.173,Virgo,86.75,13.29,79.40,102.25,200,clear,no
J123228+002315,NGC 4636,188.11667,0.38750,1510.1,1854.4,25.40,62.87,no,0.939468,-0.342576,0.006487,0.240964,-0.808368,0.537102,339.966,0.372,3.00,3.6751e-14,3.0031e-13,3.0626e-04,2.5026e-03,3.9264e-04,3.2084e-03,3.2523e-04,2.6576e-03,Virgo,cluster,0.853,Virgo,32.01,11.36,42.39,62.09,200,clear,no
J123236+023943,NGC 4636,188.15000,2.66194,1725.4,2067.5,28.32,65.12,no,-0.491340,-0.870949,0.005759,-0.476603,0.527223,0.703481,240.571,0.330,0.15,5.5465e-13,4.5535e-12,4.6221e-03,3.7946e-02,5.9258e-03,4.8648e-02,4.9084e-03,4.0296e-02,12340849+0239137,gal2mpp,1.014,Virgo,127.60,13.97,117.80,126.42,200,clear,no
J123244+000656,NGC 4636,188.18333,0.11556,1100.3,1444.6,19.79,62.62,no,0.871131,0.010693,0.490934,0.753464,-0.573073,0.322302,0.703,29.402,0.81,1.0574e-13,8.5942e-13,8.8114e-04,7.1618e-03,1.1297e-03,9.1819e-03,9.3572e-04,7.6055e-03,Virgo,cluster,1.003,Virgo,7.67,6.19,44.80,84.30,200,clear,no
J123407+023905,NGC 4636,188.52917,2.65139,1731.8,2073.0,28.40,65.17,no,0.915674,0.035300,-0.400368,0.010373,-0.997620,0.068168,2.208,-23.601,7.40,1.5952e-14,1.3030e-13,1.3294e-04,1.0858e-03,1.7043e-04,1.3921e-03,1.4117e-04,1.1531e-03,Virgo,cluster,1.285,Virgo,31.93,14.05,34.24,63.89,200,clear,no
J123427+021108,NGC 4636,188.61250,2.18556,1800.8,2142.3,29.35,64.73,no,0.999009,0.035103,-0.027349,0.363055,-0.912518,0.188420,2.012,-1.567,1.76,6.4063e-14,5.3298e-13,5.3386e-04,4.4415e-03,6.8443e-04,5.6942e-03,5.6693e-04,4.7166e-03,12340849+0239137,gal2mpp,0.656,Virgo,11.98,15.02,36.40,85.18,200,clear,no
J123530-021940,NGC 4636,188.87500,-2.32778,7163.4,7507.9,102.85,60.29,no,0.979282,0.021613,0.201344,0.548158,-0.795445,0.258438,1.264,11.616,3.62,4.5033e-14,4.1881e-13,3.7528e-04,3.4901e-03,4.8112e-04,4.4745e-03,3.9852e-04,3.7063e-03,RXC J1231.0+0037,cluster,0.128,Virgo,10.33,88.63,10.19,18.41,200,clear,yes
J123554-015112,NGC 4636,188.97500,-1.85333,6882.8,7226.7,99.00,60.78,no,0.951340,0.143255,0.272819,0.640806,-0.751341,0.157654,8.563,15.832,5.09,4.6173e-14,4.0770e-13,3.8477e-04,3.3975e-03,4.9330e-04,4.3558e-03,4.0861e-04,3.6080e-03,RXC J1231.0+0037,cluster,0.321,Virgo,11.54,84.74,15.59,27.30,200,clear,yes
J123555-025405,NGC 4636,188.97917,-2.90139,7112.0,7456.5,102.14,59.74,no,0.973650,0.016627,0.227439,0.566835,-0.778719,0.268877,0.978,13.146,3.36,4.8367e-14,4.5552e-13,4.0306e-04,3.7960e-03,5.1675e-04,4.8667e-03,4.2803e-04,4.0312e-03,RXC J1231.0+0037,cluster,0.116,Virgo,11.18,87.97,10.85,18.87,200,clear,yes
J123630+001315,NGC 4636,189.12500,0.22083,3709.3,4051.4,55.50,62.85,no,0.323049,-0.375307,-0.868783,-0.755753,-0.626796,0.189643,310.721,-60.318,3.62,2.2977e-14,1.8897e-13,1.9147e-04,1.5748e-03,2.4548e-04,2.0190e-03,2.0333e-04,1.6723e-03,RXCJ1253.0-0912,cluster,0.275,Virgo,78.88,41.17,19.63,24.42,200,clear,yes
J123641+030621,NGC 4636,189.17083,3.10583,1472.7,1811.9,24.82,65.72,no,0.971166,0.135894,-0.195880,0.241766,-0.969418,0.042173,7.966,-11.296,2.69,4.0361e-14,3.3187e-13,3.3634e-04,2.7656e-03,4.3121e-04,3.5457e-03,3.5718e-04,2.9369e-03,Virgo,cluster,0.901,Virgo,21.48,10.51,49.49,87.96,200,clear,no
J123703+065533,NGC 4636,189.26250,6.92583,1642.4,1976.5,27.08,69.51,no,0.634694,0.372765,-0.676912,-0.218151,-0.896092,-0.386561,30.426,-42.603,4.24,2.7824e-14,2.2567e-13,2.3187e-04,1.8806e-03,2.9727e-04,2.4110e-03,2.4623e-04,1.9971e-03,Virgo,cluster,0.945,Virgo,45.55,12.45,54.78,84.27,200,clear,no
J123803-021549,NGC 4636,189.51250,-2.26361,2568.0,2910.9,39.88,60.43,no,0.648992,-0.127535,-0.750029,-0.446588,-0.892396,0.064719,348.882,-48.593,2.98,3.4939e-14,2.8559e-13,2.9116e-04,2.3799e-03,3.7328e-04,3.0512e-03,3.0919e-04,2.5273e-03,RXCJ1315.3-1623,cluster,0.330,Virgo,62.16,25.85,12.39,19.29,200,clear,yes
J123805-000137,NGC 4636,189.52083,-0.02694,3791.6,4133.0,56.62,62.66,no,0.480026,-0.240158,-0.843741,-0.629166,-0.770012,0.105981,333.421,-57.537,4.36,2.2407e-14,1.8658e-13,1.8672e-04,1.5549e-03,2.3939e-04,1.9934e-03,1.9829e-04,1.6512e-03,RXCJ1253.0-0912,cluster,0.315,Virgo,68.56,42.30,9.76,14.70,200,clear,yes
J123835+012413,NGC 4636,189.64583,1.40361,5176.6,5516.5,75.57,64.09,no,0.817268,0.484324,0.312256,0.740944,-0.646640,-0.181269,30.652,18.195,6.03,1.4669e-14,1.4065e-13,1.2224e-04,1.1721e-03,1.5672e-04,1.5027e-03,1.2981e-04,1.2447e-03,RXCJ1204.4+0154,cluster,0.712,Virgo,26.36,61.13,23.33,37.57,200,clear,yes
J123911+004305,NGC 4636,189.79583,0.71806,5111.9,5452.0,74.69,63.43,no,0.785278,0.416370,0.458229,0.831562,-0.548807,-0.085529,27.933,27.273,5.15,1.4456e-14,1.3752e-13,1.2047e-04,1.1460e-03,1.5445e-04,1.4692e-03,1.2793e-04,1.2170e-03,RXCJ1204.4+0154,cluster,0.664,Virgo,30.30,60.29,25.14,32.09,200,clear,yes
J123917-003149,NGC 4636,189.82083,-0.53028,1072.6,1413.7,19.37,62.19,no,0.783069,0.230188,0.577769,0.870207,-0.477743,0.120420,16.381,35.294,0.70,1.0335e-13,8.4180e-13,8.6126e-04,7.0150e-03,1.1042e-03,8.9936e-03,9.1461e-04,7.4496e-03,Virgo,cluster,1.098,Virgo,1.39,5.98,44.63,83.12,200,clear,no
J123949+014016,NGC 4636,189.95417,1.67111,1237.9,1576.8,21.60,64.39,no,0.949031,0.185529,0.254794,0.638835,-0.761042,0.112717,11.061,14.761,1.33,6.6410e-14,5.4436e-13,5.5342e-04,4.5364e-03,7.0951e-04,5.8159e-03,5.8770e-04,4.8174e-03,Virgo,cluster,1.047,Virgo,5.68,7.61,55.53,96.56,200,clear,no
J123954-004804,NGC 4636,189.97500,-0.80111,4456.2,4797.1,65.71,61.93,no,0.827983,-0.112084,-0.549437,-0.201303,-0.968655,0.145548,352.291,-33.328,3.35,1.8164e-14,1.6222e-13,1.5136e-04,1.3519e-03,1.9406e-04,1.7331e-03,1.6074e-04,1.4356e-03,RXC J1259.7+2756,cluster,0.324,Virgo,41.66,51.44,15.33,24.10,200,clear,yes
J123955-000822,NGC 4636,189.97917,-0.13944,3057.8,3398.1,46.55,62.59,no,0.595291,-0.104884,-0.796635,-0.499164,-0.866307,0.018629,350.008,-52.810,3.66,2.6766e-14,2.2156e-13,2.2305e-04,1.8464e-03,2.8596e-04,2.3671e-03,2.3687e-04,1.9607e-03,RXCJ1315.3-1623,cluster,0.206,Virgo,61.27,32.29,8.67,13.82,200,clear,yes
J124111+012435,NGC 4636,190.29583,1.40972,1693.8,2032.2,27.84,64.16,no,0.385648,0.920730,0.059435,0.510149,-0.409090,-0.756567,67.274,3.407,3.44,2.2487e-14,1.9707e-13,1.8739e-04,1.6423e-03,2.4024e-04,2.1055e-03,1.9900e-04,1.7440e-03,12340849+0239137,gal2mpp,0.936,Virgo,54.18,13.64,63.02,86.38,200,clear,no
J124111-013526,NGC 4636,190.29583,-1.59056,4002.0,4342.7,59.49,61.18,no,0.494377,-0.234874,-0.836914,-0.616097,-0.780481,0.106174,334.588,-56.816,3.17,2.7903e-14,2.3355e-13,2.3252e-04,1.9463e-03,2.9811e-04,2.4952e-03,2.4693e-04,2.0668e-03,RXCJ1253.0-0912,cluster,0.389,Virgo,69.61,45.30,11.14,17.50,200,clear,yes
J124231+035729,NGC 4636,190.62917,3.95806,752.1,1086.9,14.89,66.73,no,0.149200,0.361755,0.920257,0.972592,0.225933,-0.054949,67.587,66.964,0.07,7.6485e-13,6.1362e-12,6.3738e-03,5.1135e-02,8.1715e-03,6.5558e-02,6.7686e-03,5.4303e-02,Virgo,cluster,1.022,Virgo,1.62,2.30,70.66,111.05,200,clear,no
J124232-012111,NGC 4636,190.63333,-1.35306,1108.0,1447.7,19.83,61.44,no,0.797823,0.305970,0.519482,0.851373,-0.523244,0.037156,20.982,31.298,0.79,8.5355e-14,6.9820e-13,7.1129e-04,5.8183e-03,9.1192e-04,7.4594e-03,7.5536e-04,6.1787e-03,Virgo,cluster,1.104,Virgo,3.18,6.55,51.76,85.20,200,clear,no
J124240+012047,NGC 4636,190.66667,1.34639,5018.9,5356.4,73.38,64.13,no,0.706994,0.669305,0.228450,0.690503,-0.601222,-0.402165,43.431,13.206,5.15,1.0990e-14,1.0568e-13,9.1580e-05,8.8068e-04,1.1741e-04,1.1291e-03,9.7253e-05,9.3523e-04,RXCJ1204.4+0154,cluster,0.702,Virgo,33.84,58.95,25.91,38.18,200,clear,yes
J124257-011345,NGC 4636,190.73750,-1.22917,3203.5,3542.8,48.53,61.57,no,0.563575,-0.089667,-0.821184,-0.527022,-0.849799,-0.009506,350.960,-55.204,3.69,2.5811e-14,2.1408e-13,2.1509e-04,1.7840e-03,2.7575e-04,2.2872e-03,2.2841e-04,1.8946e-03,RXCJ1248.7-4118,cluster,0.197,Virgo,64.65,34.36,8.65,13.29,200,clear,yes
J124317-003841,NGC 4636,190.82083,-0.64472,2649.6,2988.3,40.94,62.16,no,0.964587,-0.106779,-0.241187,0.117411,-0.959704,0.255311,353.683,-13.957,2.03,5.6740e-14,4.7990e-13,4.7283e-04,3.9992e-03,6.0620e-04,5.1271e-03,5.0212e-04,4.2469e-03,12435092-0033406,gal2mpp,0.659,Virgo,28.66,26.77,41.14,51.51,200,clear,no
J124350-003344,NGC 4636,190.95833,-0.56222,2619.7,2958.0,40.52,62.25,no,0.262942,0.127454,-0.956356,-0.682150,-0.658478,-0.317928,25.860,-73.010,3.31,2.7311e-14,2.1952e-13,2.2759e-04,1.8293e-03,2.9179e-04,2.3453e-03,2.4169e-04,1.9426e-03,12431778-0038392,gal2mpp,0.486,Virgo,81.20,26.35,31.66,39.32,200,clear,no
J124428+002815,NGC 4636,191.11667,0.47083,1210.4,1547.5,21.20,63.29,no,0.906227,0.304108,0.293720,0.696811,-0.717250,0.002583,18.551,17.081,1.13,6.9599e-14,5.7135e-13,5.7999e-04,4.7613e-03,7.4358e-04,6.1042e-03,6.1592e-04,5.0562e-03,Virgo,cluster,1.040,Virgo,6.51,7.46,53.13,92.83,200,clear,no
J124428-030017,NGC 4636,191.11667,-3.00472,7157.2,7496.5,102.69,59.82,no,0.960080,0.173676,0.219279,0.608323,-0.785061,0.116714,10.254,12.667,3.31,4.1656e-14,3.9283e-13,3.4714e-04,3.2736e-03,4.4505e-04,4.1969e-03,3.6864e-04,3.4764e-03,RXC J1259.7+2756,cluster,0.113,Virgo,7.27,88.55,5.21,7.15,200,clear,yes
J124433-021916,NGC 4636,191.13750,-2.32111,1581.2,1920.2,26.30,60.50,no,0.800902,-0.585482,-0.125564,-0.007730,-0.717260,0.696762,323.832,-7.213,2.30,4.5479e-14,3.6880e-13,3.7899e-04,3.0733e-03,4.8588e-04,3.9402e-03,4.0247e-04,3.2637e-03,12471748-0243391,gal2mpp,0.868,Virgo,57.30,12.62,60.95,78.01,200,clear,no
J124508-002747,NGC 4636,191.28333,-0.46306,1518.3,1855.7,25.42,62.37,no,0.961372,0.248968,-0.117385,0.344345,-0.937786,-0.044545,14.519,-6.741,2.73,3.6770e-14,3.0586e-13,3.0642e-04,2.5488e-03,3.9284e-04,3.2677e-03,3.2540e-04,2.7067e-03,Virgo,cluster,0.811,Virgo,23.73,11.54,51.46,72.09,200,clear,no
J124519-004538,NGC 4636,191.32917,-0.76056,6897.0,7234.6,99.10,62.07,no,0.891482,0.338049,0.301635,0.709688,-0.703860,-0.030386,20.767,17.556,2.97,4.2034e-14,3.8286e-13,3.5028e-04,3.1905e-03,4.4908e-04,4.0904e-03,3.7198e-04,3.3881e-03,RXC J1231.0+0037,cluster,0.216,Virgo,16.91,84.80,8.62,11.56,200,clear,yes
J124645+055723,NGC 4636,191.68750,5.95639,834.6,1164.1,15.95,68.80,no,0.515305,0.581333,0.629693,0.934410,-0.248555,-0.255143,48.446,39.027,0.04,7.5760e-13,6.0803e-12,6.3133e-03,5.0669e-02,8.0940e-03,6.4960e-02,6.7044e-03,5.3808e-02,Virgo,cluster,1.010,Virgo,2.12,2.32,69.59,101.46,200,clear,no
J124753-011107,NGC 4636,191.97083,-1.18528,7036.3,7372.5,100.99,61.67,no,0.939231,0.249560,0.235723,0.640580,-0.766546,0.045439,14.880,13.634,3.05,4.1662e-14,3.8902e-13,3.4718e-04,3.2418e-03,4.4511e-04,4.1562e-03,3.6869e-04,3.4427e-03,RXC J1259.7+2756,cluster,0.132,Virgo,10.39,86.73,6.04,8.15,200,clear,yes
J124915+043926,NGC 4808,192.31250,4.65722,2669.3,2999.0,41.08,67.52,no,0.618514,0.316815,-0.719075,-0.279657,-0.894280,-0.349364,27.122,-45.978,4.21,2.7408e-14,2.2820e-13,2.2840e-04,1.9017e-03,2.9282e-04,2.4380e-03,2.4255e-04,2.0195e-03,RXCJ1315.3-1623,cluster,0.237,Virgo,46.86,26.58,11.63,16.32,200,clear,yes
J124947+035042,NGC 4808,192.44583,3.84500,695.1,1025.4,14.05,66.71,no,-0.072539,0.572376,0.816777,0.872146,0.360593,-0.330657,97.223,54.763,0.10,6.2061e-13,4.9833e-12,5.1717e-03,4.1528e-02,6.6304e-03,5.3241e-02,5.4921e-03,4.4100e-02,Virgo,cluster,1.022,Virgo,13.40,2.55,65.33,80.39,200,clear,no
J124950+025100,NGC 4808,192.45833,2.85000,1161.2,1492.5,20.45,65.72,no,0.840085,0.497135,0.217060,0.671826,-0.709182,-0.213800,30.616,12.536,0.78,9.6277e-14,7.8649e-13,8.0231e-04,6.5541e-03,1.0286e-03,8.4026e-03,8.5201e-04,6.9601e-03,Virgo,cluster,0.992,Virgo,9.42,6.51,47.40,86.48,200,clear,no
J125038+012749,NGC 4636,192.65833,1.46361,1275.4,1607.7,22.02,64.33,no,0.843586,0.524919,0.113237,0.593140,-0.759505,-0.267089,31.892,6.502,1.35,5.8159e-14,4.8022e-13,4.8466e-04,4.0018e-03,6.2135e-04,5.1306e-03,5.1468e-04,4.2497e-03,Virgo,cluster,1.036,Virgo,15.47,8.15,48.98,80.83,200,clear,no
J125451+023900,NGC 4808,193.71250,2.65000,928.9,1257.1,17.22,65.51,no,0.490231,0.647506,0.583446,0.907737,-0.252195,-0.335278,52.870,35.693,0.14,2.5941e-13,2.0956e-12,2.1618e-03,1.7463e-02,2.7715e-03,2.2389e-02,2.2957e-03,1.8545e-02,Virgo,cluster,0.990,Virgo,8.99,3.99,45.29,80.82,200,clear,no
J125515+081543,NGC 4808,193.81250,8.26194,21348.6,21669.1,296.84,71.11,no,0.958204,0.205513,-0.199020,0.257963,-0.965785,-0.026740,12.105,-11.480,1.29,1.6185e-14,1.9920e-13,1.3488e-04,1.6600e-03,1.7292e-04,2.1282e-03,1.4323e-04,1.7628e-03,RXCJ1257.1-1724,cluster,0.019,Virgo,3.97,282.18,1.15,1.56,200,clear,yes
J125548+041805,NGC 4808,193.95000,4.30139,756.1,1081.8,14.82,67.15,no,0.037442,0.684978,0.727601,0.874970,0.212779,-0.434918,86.871,46.686,0.07,6.1713e-13,4.9568e-12,5.1428e-03,4.1307e-02,6.5933e-03,5.2957e-02,5.4614e-03,4.3865e-02,Virgo,cluster,0.974,Virgo,5.02,2.62,58.85,70.51,200,clear,no
J125549+040049,NGC 4808,193.95417,4.01361,754.1,1080.1,14.80,66.86,no,-0.050726,0.613681,0.787923,0.869558,0.324672,-0.372099,94.725,51.992,0.05,6.3010e-13,5.0626e-12,5.2509e-03,4.2188e-02,6.7319e-03,5.4088e-02,5.5761e-03,4.4802e-02,Virgo,cluster,0.913,Virgo,3.18,2.67,57.44,70.47,200,clear,no
J125604+034843,NGC 4808,194.01667,3.81194,632.3,958.3,13.13,66.66,no,-0.238051,0.927414,0.288504,0.475964,0.248773,-0.843546,104.396,16.768,0.16,6.4694e-13,5.1906e-12,5.3911e-03,4.3255e-02,6.9117e-03,5.5455e-02,5.7251e-03,4.5935e-02,RXC J1242.8+0241,cluster,0.702,Virgo,44.21,3.05,56.28,67.34,200,clear,no
J125907-121329,NGC 5044,194.77917,-12.22472,1316.8,1646.4,22.55,50.60,no,0.277349,0.561584,0.779552,0.967592,0.031353,-0.250564,63.717,51.220,0.76,4.5245e-14,3.8123e-13,3.7704e-04,3.1769e-03,4.8338e-04,4.0729e-03,4.0040e-04,3.3737e-03,Virgo,cluster,0.691,NGC 5044 group,139.73,13.48,47.58,78.31,200,clear,no
J125939-145813,NGC 5044,194.91250,-14.97028,4938.2,5265.8,72.13,47.85,no,0.748433,-0.386603,-0.538875,-0.315742,-0.866386,0.386888,332.681,-32.607,0.89,1.7199e-13,1.5989e-12,1.4332e-03,1.3324e-02,1.8375e-03,1.7083e-02,1.5220e-03,1.4150e-02,13002634-1517005,gal2mpp,0.874,NGC 5044 group,58.96,36.58,78.28,98.16,200,clear,no
J125956-192430,NGC 5044,194.98333,-19.40833,826.7,1149.9,15.75,43.42,no,-0.334906,0.176431,0.925587,0.732376,0.680841,0.008981,152.219,67.757,1.44,7.1134e-14,5.8130e-13,5.9278e-04,4.8442e-03,7.5998e-04,6.2105e-03,6.2951e-04,5.1442e-03,Virgo,cluster,0.767,NGC 5044 group,89.16,20.07,23.00,39.47,200,clear,yes
J130017-122041,NGC 5044,195.07083,-12.34472,1581.2,1910.0,26.16,50.47,no,0.625019,0.685782,0.372899,0.789884,-0.467222,-0.397224,47.654,21.895,4.53,5.2559e-15,5.8010e-14,4.3799e-05,4.8342e-04,5.6153e-05,6.1977e-04,4.6512e-05,5.1337e-04,Virgo,cluster,2.762,NGC 5044 group,162.99,10.00,118.04,155.18,200,clear,no
J130053-132655,NGC 5044,195.22083,-13.44861,2560.1,2887.9,39.56,49.36,no,0.769863,-0.203906,-0.604759,-0.302125,-0.931376,0.203125,345.165,-37.212,0.57,8.1747e-14,6.5920e-13,6.8123e-04,5.4934e-03,8.7337e-04,7.0428e-03,7.2343e-04,5.8337e-03,RXCJ1315.3-1623,cluster,0.842,NGC 5044 group,26.93,4.87,23.31,47.47,200,clear,yes
J130056-135640,NGC 5044,195.23333,-13.94444,2653.6,2981.0,40.84,48.86,no,0.876198,0.036307,-0.480582,-0.073223,-0.996648,0.036473,2.373,-28.723,0.54,1.2265e-13,1.0167e-12,1.0221e-03,8.4728e-03,1.3104e-03,1.0863e-02,1.0854e-03,8.9977e-03,13005972-1430492,gal2mpp,0.493,NGC 5044 group,27.68,5.84,29.94,71.60,200,clear,yes
J130059-143042,NGC 5044,195.24583,-14.51167,2627.7,2954.7,40.48,48.30,no,0.916630,-0.245428,-0.315524,-0.011973,-0.935225,0.353852,345.011,-18.392,0.66,5.9375e-14,4.7793e-13,4.9479e-04,3.9828e-03,6.3435e-04,5.1061e-03,5.2545e-04,4.2295e-03,RXCJ1315.3-1623,cluster,0.935,NGC 5044 group,20.18,5.42,29.26,61.11,200,clear,yes
J130148-114530,NGC 5044,195.45000,-11.75833,5938.9,6266.8,85.85,51.03,no,0.965743,-0.078563,0.247322,0.548513,-0.753978,0.361457,355.349,14.319,3.05,2.3892e-14,2.1085e-13,1.9910e-04,1.7571e-03,2.5525e-04,2.2527e-03,2.1143e-04,1.8659e-03,RXC J1259.7+2756,cluster,0.158,NGC 5044 group,18.37,50.42,9.31,14.24,200,clear,yes
J130203-145302,NGC 5044,195.51250,-14.88389,1348.4,1674.4,22.94,47.91,no,-0.451254,0.886516,-0.102273,0.045246,0.276654,-0.959904,116.977,-5.870,0.63,1.3992e-13,1.1471e-12,1.1660e-03,9.5591e-03,1.4948e-03,1.2255e-02,1.2382e-03,1.0151e-02,12592127-1502318,gal2mpp,1.014,NGC 5044 group,86.16,12.91,70.19,83.65,200,clear,no
J130213-145817,NGC 5044,195.55417,-14.97139,4867.5,5193.3,71.14,47.82,no,0.301062,0.930927,-0.206729,0.252508,-0.448207,-0.857525,72.079,-11.931,6.35,2.6427e-14,2.3487e-13,2.2022e-04,1.9573e-03,2.8234e-04,2.5093e-03,2.3386e-04,2.0785e-03,13002634-1517005,gal2mpp,1.308,NGC 5044 group,64.51,35.54,57.72,61.92,200,clear,no
J130213-171416,NGC 5044,195.55417,-17.23778,720.6,1044.5,14.31,45.56,no,-0.369118,0.196746,0.908319,0.711598,0.702226,-0.022521,151.942,65.274,1.23,8.8479e-14,7.2002e-13,7.3732e-04,6.0002e-03,9.4529e-04,7.6925e-03,7.8300e-04,6.3719e-03,Virgo,cluster,0.777,NGC 5044 group,89.06,21.46,26.69,39.50,200,clear,yes
J130221-154600,NGC 5044,195.58750,-15.76667,4839.4,5164.5,70.75,47.02,no,0.482700,0.478818,0.733304,0.976489,-0.165025,-0.138696,44.769,47.164,3.87,2.7075e-14,2.2824e-13,2.2563e-04,1.9020e-03,2.8927e-04,2.4385e-03,2.3961e-04,2.0198e-03,13002634-1517005,gal2mpp,0.690,NGC 5044 group,41.87,35.13,23.66,32.09,200,clear,yes
J130223-122031,NGC 5044,195.59583,-12.34194,5140.3,5467.5,74.90,50.44,no,0.932489,0.352026,0.080881,0.539575,-0.836692,-0.093838,20.682,4.639,1.37,3.4096e-14,3.0044e-13,2.8413e-04,2.5037e-03,3.6427e-04,3.2098e-03,3.0173e-04,2.6588e-03,RXC J1259.7+2756,cluster,0.113,NGC 5044 group,8.85,39.44,10.66,19.47,200,clear,yes
J130225-174046,NGC 5044,195.60417,-17.67944,4653.9,4977.3,68.18,45.11,no,0.827698,0.197411,0.525304,0.830537,-0.537193,0.147077,13.415,31.689,0.30,3.5614e-14,2.9974e-13,2.9679e-04,2.4978e-03,3.8049e-04,3.2023e-03,3.1517e-04,2.6525e-03,RXCJ1257.1-1339,cluster,0.237,NGC 5044 group,12.72,32.58,16.11,28.12,200,clear,yes
J130228-204117,NGC 5044,195.61667,-20.68806,8389.2,8709.1,119.30,42.11,no,0.974707,-0.174918,0.139105,0.425712,-0.799209,0.424305,349.826,7.996,4.37,2.7488e-14,2.6834e-13,2.2907e-04,2.2362e-03,2.9368e-04,2.8669e-03,2.4326e-04,2.3747e-03,RXCJ1347.4-3250,cluster,0.158,NGC 5044 group,27.54,83.79,5.47,7.66,200,clear,yes
J130235-113803,NGC 5044,195.64583,-11.63417,3473.2,3800.6,52.06,51.14,no,0.235157,0.597875,-0.766320,-0.368198,-0.597066,-0.712701,68.529,-50.025,4.65,1.6132e-14,1.3527e-13,1.3443e-04,1.1273e-03,1.7235e-04,1.4452e-03,1.4276e-04,1.1971e-03,RXCJ1253.0-0912,cluster,0.667,NGC 5044 group,72.06,16.88,51.45,96.20,200,clear,no
J130305+035925,NGC 4808,195.77083,3.99028,2858.5,3179.2,43.55,66.70,no,0.484483,0.420440,-0.767142,-0.335975,-0.804407,-0.489948,40.952,-50.098,3.87,2.8014e-14,2.3333e-13,2.3345e-04,1.9444e-03,2.9929e-04,2.4929e-03,2.4791e-04,2.0649e-03,RXCJ1315.3-1623,cluster,0.216,Virgo,53.51,29.22,7.61,12.71,200,clear,yes
J130311-172230,NGC 5044,195.79583,-17.37500,2952.1,3275.2,44.87,45.41,no,0.912043,0.029034,-0.409066,-0.000625,-0.997487,0.070841,1.823,-24.146,1.42,4.0762e-14,3.3777e-13,3.3968e-04,2.8148e-03,4.3549e-04,3.6087e-03,3.6072e-04,2.9892e-03,RXCJ1315.3-1623,cluster,0.442,NGC 5044 group,44.88,9.39,25.65,40.12,200,clear,yes
J130314-172514,NGC 5044,195.80833,-17.42056,732.4,1055.5,14.46,45.36,no,-0.364070,0.207365,0.907994,0.716836,0.696536,-0.031382,150.335,65.230,1.24,8.6370e-14,7.0330e-13,7.1975e-04,5.8609e-03,9.2275e-04,7.5139e-03,7.6433e-04,6.2239e-03,Virgo,cluster,0.777,NGC 5044 group,89.36,21.31,26.62,39.40,200,clear,yes
J130315+074816,NGC 4808,195.81250,7.80444,2922.3,3237.8,44.35,70.47,no,0.482711,0.446795,-0.753236,-0.315658,-0.799376,-0.511232,42.787,-48.871,4.38,2.6385e-14,2.2087e-13,2.1988e-04,1.8406e-03,2.8189e-04,2.3598e-03,2.3350e-04,1.9546e-03,RXC J1259.7+2756,cluster,0.188,Virgo,47.56,29.85,9.88,15.68,200,clear,yes
J130358+054204,NGC 4808,195.99167,5.70111,14667.0,14985.0,205.27,68.37,no,0.954018,0.220083,-0.203504,0.257503,-0.965341,-0.042536,12.990,-11.742,2.06,3.3804e-14,4.3166e-13,2.8170e-04,3.5972e-03,3.6116e-04,4.6118e-03,2.9915e-04,3.8200e-03,13045505+0531378,gal2mpp,0.051,Virgo,7.48,190.76,2.74,7.44,200,clear,yes
J130415-102023,NGC 5044,196.06250,-10.33972,3105.9,3432.5,47.02,52.40,no,0.521635,0.250688,-0.815508,-0.421674,-0.842270,-0.335814,25.668,-54.638,2.10,2.9183e-14,2.4111e-13,2.4319e-04,2.0092e-03,3.1178e-04,2.5759e-03,2.5826e-04,2.1337e-03,RXCJ1315.3-1623,cluster,0.364,NGC 5044 group,48.98,12.25,16.40,29.66,200,clear,yes
J130515-165316,NGC 5044,196.31250,-16.88778,2870.5,3192.5,43.73,45.86,no,0.960533,-0.079103,-0.266682,0.103364,-0.969643,0.221603,355.292,-15.467,1.05,4.9653e-14,4.1181e-13,4.1377e-04,3.4318e-03,5.3048e-04,4.3997e-03,4.3941e-04,3.6444e-03,RXCJ1315.3-1623,cluster,0.476,NGC 5044 group,35.47,8.19,27.85,43.56,200,clear,yes
J130516-172641,NGC 5044,196.31667,-17.44472,10736.8,11058.3,151.48,45.30,no,0.874265,0.356378,0.329628,0.733616,-0.678146,-0.043885,22.177,19.246,11.06,2.9673e-14,3.7536e-13,2.4727e-04,3.1280e-03,3.1701e-04,4.0102e-03,2.6259e-04,3.3218e-03,13043856-1718204,gal2mpp,0.868,NGC 5044 group,6.48,115.80,59.78,83.51,200,clear,no
J130558+035723,NGC 4808,196.49167,3.95639,7020.1,7338.7,100.53,66.57,no,0.937463,0.098855,0.333753,0.672964,-0.708497,0.212492,6.020,19.497,2.44,4.1362e-14,3.8920e-13,3.4469e-04,3.2433e-03,4.4191e-04,4.1581e-03,3.6604e-04,3.4442e-03,RXC J1259.7+2756,cluster,0.194,Virgo,24.94,86.13,4.95,6.48,200,clear,yes
J130618-173039,NGC 5044,196.57500,-17.51083,1445.0,1765.8,24.19,45.22,no,-0.178751,0.387586,0.904337,0.844702,0.511239,-0.158472,114.759,64.734,3.98,1.9759e-14,1.7002e-13,1.6466e-04,1.4168e-03,2.1110e-04,1.8164e-03,1.7486e-04,1.5046e-03,Virgo,cluster,1.016,NGC 5044 group,102.09,11.61,64.05,83.83,200,clear,no
J130618-193547,NGC 5044,196.57500,-19.59639,4265.2,4583.7,62.79,43.14,no,0.781862,0.324302,0.532466,0.862836,-0.505093,0.019877,22.528,32.172,0.76,2.9992e-14,2.5322e-13,2.4993e-04,2.1102e-03,3.2043e-04,2.7054e-03,2.6542e-04,2.2409e-03,RXCJ1257.1-1339,cluster,0.355,NGC 5044 group,11.61,27.25,18.01,26.95,200,clear,yes
J130739+062006,NGC 4808,196.91250,6.33500,7161.3,7475.6,102.40,68.85,no,0.963822,0.031990,0.264621,0.600440,-0.755418,0.262328,1.901,15.344,1.85,6.6239e-14,6.5260e-13,5.5199e-04,5.4384e-03,7.0768e-04,6.9723e-03,5.8619e-04,5.7752e-03,13080283+0628524,gal2mpp,0.326,Virgo,26.36,87.93,7.27,10.52,200,clear,yes
J130758-121123,NGC 5044,196.99167,-12.18972,12548.1,12871.2,176.32,50.48,no,0.628655,0.288161,-0.722327,-0.288438,-0.902041,-0.321131,24.626,-46.247,4.60,3.4673e-14,3.9031e-13,2.8894e-04,3.2526e-03,3.7044e-04,4.1700e-03,3.0684e-04,3.4541e-03,RXCJ1257.1-1724,cluster,0.316,NGC 5044 group,57.83,140.73,6.75,12.81,200,clear,yes
J130802+062900,NGC 4808,197.00833,6.48333,7149.0,7462.7,102.23,68.98,no,-0.068050,0.522937,-0.849651,-0.579308,-0.353246,-0.734588,97.414,-58.174,3.67,9.4565e-14,1.0443e-12,7.8804e-04,8.7025e-03,1.0103e-03,1.1157e-02,8.3686e-04,9.2416e-03,13073942+0620091,gal2mpp,1.165,Virgo,79.49,87.76,103.63,106.51,200,clear,no
J130806-144640,NGC 5044,197.02500,-14.77778,2575.9,2897.5,39.69,47.90,no,0.930273,0.117603,-0.347508,0.089501,-0.995947,0.008864,7.205,-20.335,0.69,8.9539e-14,7.2039e-13,7.4615e-04,6.0033e-03,9.5661e-04,7.6965e-03,7.9238e-04,6.3751e-03,RXCJ1315.3-1623,cluster,1.005,NGC 5044 group,21.48,4.26,34.51,86.48,200,clear,no
J130815-210002,NGC 5044,197.06250,-21.00056,1636.5,1952.0,26.74,41.70,no,-0.743953,-0.665518,-0.060169,-0.558033,0.706217,0.435726,221.815,-3.450,1.76,2.4625e-14,1.8758e-13,2.0520e-04,1.5632e-03,2.6308e-04,2.0041e-03,2.1792e-04,1.6600e-03,RXCJ1315.3-1623,cluster,0.798,NGC 5044 group,18.17,9.37,47.56,66.52,200,clear,no
J130818-143213,NGC 5044,197.07500,-14.53694,2665.4,2987.1,40.92,48.13,no,0.846541,0.223301,-0.483224,-0.022789,-0.989040,-0.145877,14.777,-28.896,0.80,6.7770e-14,5.5197e-13,5.6475e-04,4.5997e-03,7.2404e-04,5.8971e-03,5.9973e-04,4.8847e-03,RXCJ1315.3-1623,cluster,0.800,NGC 5044 group,32.05,5.46,24.89,59.99,200,clear,yes
J130854-163609,NGC 5044,197.22500,-16.60250,2589.9,2909.5,39.86,46.06,no,0.984035,-0.138480,-0.111793,0.225404,-0.918658,0.324438,351.990,-6.419,0.47,6.6274e-14,5.2644e-13,5.5228e-04,4.3870e-03,7.0805e-04,5.6244e-03,5.8649e-04,4.6588e-03,RXCJ1315.3-1623,cluster,1.379,NGC 5044 group,26.76,4.26,43.41,101.02,200,clear,no
J130906+051433,NGC 4808,197.27500,5.24250,3585.2,3899.8,53.42,67.71,no,0.363894,0.424765,-0.828948,-0.432991,-0.722996,-0.538327,49.414,-55.991,5.80,1.7616e-14,1.4754e-13,1.4680e-04,1.2295e-03,1.8820e-04,1.5762e-03,1.5589e-04,1.3056e-03,RXC J1259.7+2756,cluster,0.344,Virgo,58.19,39.07,7.89,12.10,200,clear,yes
J130943-163617,NGC 5044,197.42917,-16.60472,2566.1,2885.1,39.52,46.04,no,0.996361,0.069222,0.049738,0.440148,-0.880351,0.176783,3.974,2.851,0.39,9.8971e-14,7.9541e-13,8.2476e-04,6.6284e-03,1.0574e-03,8.4979e-03,8.7585e-04,7.0390e-03,RXCJ1315.3-1623,cluster,1.086,NGC 5044 group,15.27,3.90,57.19,124.23,200,clear,no
J130947-101916,NGC 5044,197.44583,-10.32111,1208.4,1530.8,20.97,52.29,no,0.034045,0.796766,0.603328,0.804747,0.151842,-0.573869,87.553,37.109,0.58,5.6040e-14,4.6777e-13,4.6700e-04,3.8981e-03,5.9872e-04,4.9976e-03,4.9593e-04,4.1396e-03,Virgo,cluster,0.746,NGC 5044 group,122.76,15.06,28.13,44.74,200,clear,yes
J131029-213510,NGC 5044,197.62083,-21.58611,7042.4,7355.4,100.76,41.07,no,0.943211,-0.142444,0.300104,0.563748,-0.704990,0.430322,351.412,17.464,1.98,4.0437e-14,3.8216e-13,3.3697e-04,3.1846e-03,4.3201e-04,4.0829e-03,3.5785e-04,3.3819e-03,13110495-2141138,gal2mpp,0.274,NGC 5044 group,24.77,65.27,15.84,72.60,200,clear,yes
J131035-214450,NGC 5044,197.64583,-21.74722,2960.1,3272.9,44.83,40.91,no,0.623484,0.414483,-0.662926,-0.196059,-0.884019,-0.424348,33.615,-41.523,1.27,4.7034e-14,3.9026e-13,3.9195e-04,3.2522e-03,5.0250e-04,4.1695e-03,4.1623e-04,3.4537e-03,RXCJ1248.7-4118,cluster,0.446,NGC 5044 group,85.18,9.88,25.85,74.98,200,clear,yes
J131051-205740,NGC 5044,197.71250,-20.96111,10757.7,11071.2,151.66,41.68,no,0.897597,-0.346896,-0.272000,-0.016234,-0.889751,0.456157,338.870,-15.783,3.03,2.6607e-14,2.8885e-13,2.2173e-04,2.4070e-03,2.8427e-04,3.0860e-03,2.3546e-04,2.5562e-03,RXCJ1347.4-3250,cluster,0.287,NGC 5044 group,53.62,116.09,6.58,10.33,200,clear,yes
J131115-180605,NGC 5044,197.81250,-18.10139,2770.9,3087.3,42.29,44.52,no,0.970431,-0.029579,0.239558,0.560300,-0.766208,0.314625,358.254,13.860,0.82,6.8232e-14,5.6904e-13,5.6860e-04,4.7420e-03,7.2897e-04,6.0795e-03,6.0382e-04,5.0358e-03,RXCJ1315.3-1623,cluster,0.515,NGC 5044 group,18.38,6.70,61.08,90.89,200,clear,no
J131122+032431,NGC 4808,197.84167,3.40861,3051.8,3366.8,46.12,65.81,no,0.408128,0.436084,-0.802037,-0.389344,-0.752276,-0.531500,46.897,-53.325,3.92,2.5984e-14,2.1627e-13,2.1653e-04,1.8022e-03,2.7760e-04,2.3106e-03,2.2994e-04,1.9139e-03,RXCJ1315.3-1623,cluster,0.200,Virgo,57.79,31.93,7.34,11.65,200,clear,yes
J131206+052832,NGC 4808,198.02500,5.47556,905.3,1217.3,16.67,67.80,no,0.295538,0.890708,0.345392,0.712569,-0.202654,-0.671697,71.644,20.206,0.15,2.8726e-13,2.3180e-12,2.3939e-03,1.9317e-02,3.0691e-03,2.4765e-02,2.5422e-03,2.0513e-02,Virgo,cluster,0.959,Virgo,6.97,3.86,40.39,70.66,200,clear,no
J131208+025916,NGC 4808,198.03333,2.98778,3025.9,3340.7,45.76,65.36,no,0.404214,0.444349,-0.799478,-0.385786,-0.748454,-0.539431,47.708,-53.080,3.79,2.6664e-14,2.2182e-13,2.2220e-04,1.8485e-03,2.8487e-04,2.3699e-03,2.3597e-04,1.9630e-03,RXCJ1315.3-1623,cluster,0.207,Virgo,58.34,31.61,7.11,11.37,200,clear,yes
J131232+071059,NGC 4808,198.13333,7.18306,948.6,1257.9,17.23,69.44,no,0.375900,0.908665,0.181734,0.607782,-0.346737,-0.714404,67.526,10.471,0.24,2.6409e-13,2.1318e-12,2.2008e-03,1.7765e-02,2.8215e-03,2.2776e-02,2.3371e-03,1.8865e-02,Virgo,cluster,0.956,Virgo,8.12,4.03,38.99,74.80,200,clear,no
J131234-173225,NGC 5044,198.14167,-17.54028,2779.0,3095.0,42.40,45.04,no,0.823790,-0.154150,0.545535,0.726499,-0.491353,0.480386,349.401,33.061,1.49,5.2540e-14,4.3962e-13,4.3783e-04,3.6635e-03,5.6132e-04,4.6968e-03,4.6495e-04,3.8904e-03,13152396-1623079,gal2mpp,0.892,NGC 5044 group,23.71,6.73,67.81,109.31,200,clear,no
J131237-142630,NGC 5044,198.15417,-14.44167,6205.4,6523.8,89.37,48.11,no,0.833788,-0.542140,0.104315,0.217525,-0.652383,0.726003,326.968,5.988,7.50,1.7801e-14,1.5410e-13,1.4834e-04,1.2842e-03,1.9018e-04,1.6464e-03,1.5753e-04,1.3637e-03,13122633-1547526,gal2mpp,0.250,NGC 5044 group,50.45,53.68,24.63,30.56,200,clear,yes
J131321-185558,NGC 5044,198.33750,-18.93278,6148.4,6462.4,88.53,43.63,no,0.822440,-0.210026,0.528660,0.692375,-0.492028,0.527755,345.675,31.915,1.34,2.4980e-14,2.1620e-13,2.0817e-04,1.8016e-03,2.6688e-04,2.3098e-03,2.2106e-04,1.9133e-03,RXCJ1407.4-2700,cluster,0.226,NGC 5044 group,30.93,52.86,7.51,10.78,200,clear,yes
J131334-152553,NGC 5044,198.39167,-15.43139,2446.8,2763.7,37.86,47.10,no,0.967500,0.224243,-0.116874,0.338643,-0.940705,-0.019885,13.049,-6.712,0.20,3.3387e-13,2.6792e-12,2.7823e-03,2.2327e-02,3.5670e-03,2.8624e-02,2.9546e-03,2.3710e-02,RXCJ1315.3-1623,cluster,0.982,NGC 5044 group,6.73,2.24,52.49,129.17,200,clear,no
J131400-164707,NGC 5044,198.50000,-16.78528,3079.7,3395.3,46.51,45.75,no,0.772780,0.485667,-0.408582,0.103442,-0.915889,-0.387875,32.148,-24.116,1.59,3.9337e-14,3.2932e-13,3.2781e-04,2.7444e-03,4.2027e-04,3.5184e-03,3.4812e-04,2.9144e-03,RXCJ1315.3-1623,cluster,0.343,NGC 5044 group,44.61,10.79,37.94,68.07,200,clear,no
J131430-173154,NGC 5044,198.62500,-17.53167,2482.5,2797.0,38.32,44.99,no,0.817511,0.262598,0.512560,0.837985,-0.539747,0.080343,17.808,30.834,0.26,2.1504e-13,1.7270e-12,1.7920e-03,1.4392e-02,2.2974e-03,1.8451e-02,1.9030e-03,1.5283e-02,RXCJ1315.3-1623,cluster,1.049,NGC 5044 group,2.97,2.69,82.17,149.70,200,clear,no
J131431-162247,NGC 5044,198.62917,-16.37972,1476.6,1792.1,24.55,46.13,no,-0.274466,0.711571,0.646788,0.697426,0.455775,-0.553051,111.093,40.300,4.86,1.4890e-14,1.3130e-13,1.2408e-04,1.0941e-03,1.5908e-04,1.4027e-03,1.3177e-04,1.1619e-03,Virgo,cluster,1.278,NGC 5044 group,99.22,11.18,67.10,95.76,200,clear,no
J131658-163757,NGC 5044,199.24167,-16.63250,1743.4,2056.8,28.17,45.80,no,-0.779201,0.176151,-0.601511,-0.750513,0.425191,-0.505909,167.261,-36.978,3.49,2.6622e-14,2.0676e-13,2.2185e-04,1.7230e-03,2.8442e-04,2.2090e-03,2.3559e-04,1.8298e-03,RXCJ1315.3-1623,cluster,1.113,NGC 5044 group,34.27,7.56,34.48,73.25,200,clear,no
J131702-104612,NGC 5044,199.25833,-10.77000,2848.6,3165.0,43.36,51.60,no,0.651211,0.301829,-0.696293,-0.252875,-0.912449,-0.321700,24.867,-44.130,0.96,5.6002e-14,4.6395e-13,4.6668e-04,3.8663e-03,5.9831e-04,4.9568e-03,4.9559e-04,4.1058e-03,RXCJ1315.3-1623,cluster,0.387,NGC 5044 group,30.93,8.55,17.01,24.97,200,clear,yes
J131706-161516,NGC 5044,199.27500,-16.25444,2635.7,2949.2,40.40,46.17,no,0.725979,0.644519,-0.239896,0.285504,-0.816723,-0.501448,41.598,-13.880,1.17,6.9795e-14,5.6605e-13,5.8162e-04,4.7171e-03,7.4567e-04,6.0476e-03,6.1765e-04,5.0093e-03,RXCJ1315.3-1623,cluster,1.060,NGC 5044 group,34.67,4.68,34.74,96.98,200,clear,no
J131712-171511,NGC 5044,199.30000,-17.25306,2524.3,2836.9,38.86,45.18,no,0.804830,0.512120,0.299971,0.735179,-0.643396,-0.213433,32.469,17.456,0.48,1.5213e-13,1.2251e-12,1.2677e-03,1.0209e-02,1.6253e-03,1.3089e-02,1.3463e-03,1.0841e-02,RXCJ1315.3-1623,cluster,1.051,NGC 5044 group,11.84,3.20,68.44,141.19,200,clear,no
J131739-213708,NGC 5044,199.41250,-21.61889,2938.2,3245.7,44.46,40.84,no,0.486580,0.723352,-0.489900,0.007162,-0.716411,-0.697642,56.072,-29.334,1.49,4.1701e-14,3.4758e-13,3.4751e-04,2.8965e-03,4.4552e-04,3.7134e-03,3.6904e-04,3.0759e-03,RXCJ1248.7-4118,cluster,0.477,NGC 5044 group,77.65,9.47,27.77,64.59,200,clear,yes
J131830-143635,NGC 5044,199.62500,-14.60972,2898.4,3212.0,44.00,47.75,no,0.928952,0.180788,-0.323054,0.131651,-0.990324,-0.043899,11.013,-18.848,0.44,1.2334e-13,1.0406e-12,1.0278e-03,8.6717e-03,1.3177e-03,1.1118e-02,1.0915e-03,9.2089e-03,13192062-1450402,gal2mpp,0.615,NGC 5044 group,28.32,8.38,43.58,57.52,200,clear,no
J131840-150339,NGC 5044,199.66667,-15.06083,3189.5,3502.6,47.98,47.30,no,0.603852,0.635212,-0.481527,0.028270,-0.809732,-0.586119,46.450,-28.785,1.76,3.5165e-14,2.9558e-13,2.9304e-04,2.4632e-03,3.7569e-04,3.1579e-03,3.1119e-04,2.6158e-03,RXCJ1248.7-4118,cluster,0.310,NGC 5044 group,46.43,12.30,21.77,39.44,200,clear,yes
J131920-145037,NGC 5044,199.83333,-14.84361,2741.2,3053.9,41.83,47.49,no,0.412184,0.688282,-0.596969,-0.124989,-0.692132,-0.710867,59.084,-36.653,0.92,7.0922e-14,5.8753e-13,5.9101e-04,4.8961e-03,7.5771e-04,6.2770e-03,6.2762e-04,5.1994e-03,RXCJ1315.3-1623,cluster,0.577,NGC 5044 group,52.97,6.23,27.85,43.65,200,clear,yes
J132017-144841,NGC 5044,200.07083,-14.81139,2916.3,3228.3,44.22,47.48,no,0.688504,0.714772,-0.122732,0.396413,-0.739546,-0.543993,46.072,-7.050,0.87,8.2426e-14,6.9599e-13,6.8688e-04,5.7999e-03,8.8062e-04,7.4357e-03,7.2943e-04,6.1592e-03,13192062-1450402,gal2mpp,0.435,NGC 5044 group,25.95,8.60,35.48,52.15,200,clear,no
J132043-220256,NGC 5044,200.17917,-22.04889,2139.3,2443.9,33.48,40.32,no,-0.906986,0.081090,0.413280,0.043745,0.984210,-0.171513,174.891,24.411,1.11,8.3087e-14,6.6073e-13,6.9239e-04,5.5061e-03,8.8768e-04,7.0591e-03,7.3528e-04,5.8472e-03,RXCJ1315.3-1623,cluster,1.150,NGC 5044 group,15.75,4.16,59.66,92.87,200,clear,no
J132050-232904,NGC 5044,200.20833,-23.48444,2064.9,2367.4,32.43,38.89,no,-0.851152,0.333015,-0.405760,-0.555235,0.558745,-0.616051,158.632,-23.939,2.83,4.4837e-14,3.5827e-13,3.7364e-04,2.9856e-03,4.7903e-04,3.8277e-03,3.9679e-04,3.1706e-03,RXCJ1315.3-1623,cluster,1.256,NGC 5044 group,63.24,5.40,72.17,100.25,200,clear,no
J132119-130231,NGC 5044,200.32917,-13.04194,1301.0,1613.1,22.10,49.18,no,-0.098235,0.839353,0.534636,0.710474,0.237141,-0.662564,96.675,32.319,1.32,3.8104e-14,3.2200e-13,3.1753e-04,2.6833e-03,4.0709e-04,3.4402e-03,3.3720e-04,2.8496e-03,Virgo,cluster,0.780,NGC 5044 group,109.28,13.75,33.04,52.85,200,clear,no
J132148-131222,NGC 5044,200.45000,-13.20611,2902.3,3214.0,44.03,49.00,no,0.645903,0.722518,-0.246529,0.276383,-0.755100,-0.594505,48.205,-14.272,1.13,6.4411e-14,5.4150e-13,5.3676e-04,4.5125e-03,6.8815e-04,5.7852e-03,5.7001e-04,4.7920e-03,RXCJ1315.3-1623,cluster,0.324,NGC 5044 group,25.45,8.65,30.06,50.72,200,clear,no
J132202-201335,NGC 5044,200.50833,-20.22639,1880.7,2186.5,29.95,42.07,no,-0.709722,0.703742,-0.032287,-0.053756,0.556346,-0.829210,135.242,-1.850,4.69,2.9156e-14,2.3605e-13,2.4296e-04,1.9671e-03,3.1149e-04,2.5219e-03,2.5801e-04,2.0889e-03,RXCJ1315.3-1623,cluster,1.428,NGC 5044 group,56.27,6.24,49.16,72.22,200,clear,no
J132402-243938,NGC 5044,201.00833,-24.66056,2065.9,2364.1,32.39,37.62,no,-0.732096,0.680555,-0.029685,-0.067819,0.579780,-0.811945,137.090,-1.701,1.78,7.1151e-14,5.8366e-13,5.9293e-04,4.8638e-03,7.6016e-04,6.2356e-03,6.2966e-04,5.1651e-03,RXCJ1315.3-1623,cluster,0.614,NGC 5044 group,58.37,6.06,42.85,56.12,200,clear,no
J132433-210813,NGC 5044,201.13750,-21.13694,2662.5,2965.2,40.62,41.07,no,0.175418,0.939483,0.294280,0.640119,-0.121333,-0.758634,79.424,17.114,0.53,4.3828e-14,3.6495e-13,3.6523e-04,3.0412e-03,4.6824e-04,3.8990e-03,3.8785e-04,3.2296e-03,RXCJ1315.3-1623,cluster,1.002,NGC 5044 group,44.41,5.99,47.89,61.81,200,clear,no
J132441-194214,NGC 5044,201.17083,-19.70389,1969.8,2274.0,31.15,42.48,no,-0.970330,0.225038,-0.088420,-0.363277,0.812212,-0.456445,166.943,-5.073,1.72,6.1750e-14,4.9064e-13,5.1458e-04,4.0887e-03,6.5972e-04,5.2419e-03,5.4646e-04,4.3420e-03,RXCJ1315.3-1623,cluster,1.017,NGC 5044 group,20.89,5.13,43.79,91.36,200,clear,no
J132500-240035,NGC 5044,201.25000,-24.00972,7382.7,7681.1,105.22,38.22,no,0.784308,-0.159310,0.599567,0.756501,-0.432224,0.490804,348.518,36.839,0.98,2.7838e-14,2.3973e-13,2.3198e-04,1.9978e-03,2.9741e-04,2.5613e-03,2.4635e-04,2.1215e-03,RXCJ1407.4-2700,cluster,0.288,NGC 5044 group,29.96,70.01,11.21,23.09,200,clear,yes
J132519-210812,NGC 5044,201.32917,-21.13667,1782.8,2084.9,28.56,41.04,no,-0.895116,0.445811,0.004401,-0.179708,0.763312,-0.620532,153.525,0.252,2.00,5.4479e-14,4.4268e-13,4.5399e-04,3.6890e-03,5.8204e-04,4.7295e-03,4.8212e-04,3.9175e-03,RXCJ1315.3-1623,cluster,0.494,NGC 5044 group,36.79,7.75,26.87,52.11,200,clear,yes
J132529-201001,NGC 5044,201.37083,-20.16694,8070.5,8373.5,114.71,41.99,no,0.861107,0.249887,0.442778,0.789851,-0.607614,0.083313,16.182,26.281,2.16,3.3012e-14,3.2100e-13,2.7510e-04,2.6750e-03,3.5270e-04,3.4295e-03,2.9215e-04,2.8407e-03,13244124-1949444,gal2mpp,0.316,NGC 5044 group,7.30,79.13,17.09,23.57,200,clear,yes
J132542-164457,NGC 5044,201.42500,-16.74917,5403.2,5709.3,78.21,45.34,no,0.980489,0.147794,0.129606,0.529855,-0.839368,0.121307,8.572,7.447,1.13,2.2841e-14,1.9621e-13,1.9034e-04,1.6351e-03,2.4403e-04,2.0963e-03,2.0213e-04,1.7364e-03,13272927-1639226,gal2mpp,0.269,NGC 5044 group,17.51,42.54,18.55,28.26,200,clear,yes
J132608-163111,NGC 5044,201.53333,-16.51972,6901.2,7207.1,98.73,45.55,no,0.354579,0.933361,-0.055771,0.403516,-0.431788,-0.806681,69.198,-3.197,6.45,3.6999e-14,3.7531e-13,3.0832e-04,3.1276e-03,3.9529e-04,4.0098e-03,3.2742e-04,3.3214e-03,13213858-1616444,gal2mpp,0.204,NGC 5044 group,49.68,63.06,31.98,50.34,200,clear,no
J132635-221419,NGC 5044,201.64583,-22.23861,1441.1,1740.7,23.84,39.91,no,-0.702559,0.425162,0.570656,0.373500,0.835112,-0.403838,148.819,34.796,3.29,2.9727e-14,2.4590e-13,2.4772e-04,2.0492e-03,3.1760e-04,2.6272e-03,2.6307e-04,2.1761e-03,Virgo,cluster,0.596,NGC 5044 group,58.02,12.32,26.88,34.42,200,clear,yes
J132947-175747,NGC 5044,202.44583,-17.96306,1498.6,1800.2,24.66,43.96,no,-0.407044,0.778711,0.477414,0.524646,0.495820,-0.692033,117.597,28.517,3.03,2.6963e-14,2.2857e-13,2.2469e-04,1.9048e-03,2.8807e-04,2.4420e-03,2.3861e-04,2.0227e-03,Virgo,cluster,0.659,NGC 5044 group,82.09,11.24,44.33,54.84,200,clear,no
J133010-240841,NGC 5044,202.54167,-24.14472,4928.0,5222.0,71.53,37.88,no,0.991459,0.007562,0.130199,0.486610,-0.835545,0.255100,0.437,7.481,0.40,5.4665e-14,4.7923e-13,4.5554e-04,3.9936e-03,5.8403e-04,5.1200e-03,4.8376e-04,4.2410e-03,13325338-2412258,gal2mpp,0.371,NGC 5044 group,34.31,36.58,16.13,21.62,200,clear,yes
J133017-214446,NGC 5044,202.57083,-21.74611,7321.1,7618.2,104.36,40.23,no,0.649324,-0.743638,0.159313,0.126968,-0.443804,0.887084,311.127,9.167,10.70,2.3508e-14,2.0956e-13,1.9590e-04,1.7463e-03,2.5116e-04,2.2389e-03,2.0804e-04,1.8545e-03,13305845-2150511,gal2mpp,1.279,NGC 5044 group,71.24,68.97,64.26,71.85,200,clear,no
J133019-220858,NGC 5044,202.57917,-22.14944,5496.4,5793.0,79.36,39.83,no,0.622361,0.012861,0.782625,0.912314,-0.224733,0.342313,1.184,51.502,3.55,2.5650e-14,2.2462e-13,2.1375e-04,1.8718e-03,2.7404e-04,2.3997e-03,2.2699e-04,1.9878e-03,RXCJ1407.4-2700,cluster,0.290,NGC 5044 group,30.96,44.08,26.95,34.75,200,clear,yes
J133041-233009,NGC 5044,202.67083,-23.50250,12896.5,13191.0,180.70,38.49,no,0.390591,0.313204,-0.865645,-0.492690,-0.752034,-0.437837,38.725,-59.956,5.38,7.0105e-14,6.2843e-13,5.8421e-04,5.2369e-03,7.4899e-04,6.7140e-03,6.2040e-04,5.5613e-03,RXCJ1326.9-2710,cluster,0.603,NGC 5044 group,86.08,145.40,12.90,23.81,200,clear,yes
J133058-215044,NGC 5044,202.74167,-21.84556,7341.7,7638.2,104.63,40.10,no,0.293598,0.288113,0.911477,0.994038,0.099502,0.044581,44.460,65.710,9.31,2.7437e-14,2.5371e-13,2.2864e-04,2.1143e-03,2.9313e-04,2.7106e-03,2.4281e-04,2.2452e-03,13304175-2139479,gal2mpp,0.779,NGC 5044 group,42.95,69.26,41.82,47.61,200,clear,no
J133103-150604,NGC 5044,202.76250,-15.10111,4233.1,4535.7,62.13,46.69,no,0.461335,0.872312,-0.161992,0.331161,-0.567391,-0.753923,62.127,-9.323,0.30,3.1546e-14,2.6991e-13,2.6288e-04,2.2493e-03,3.3703e-04,2.8837e-03,2.7917e-04,2.3886e-03,RXCJ1257.1-1339,cluster,0.197,NGC 5044 group,40.77,26.61,8.48,12.63,200,clear,yes
J133103-160750,NGC 5044,202.76250,-16.13056,5853.7,6155.6,84.32,45.69,no,0.982340,0.183662,-0.035720,0.400301,-0.915354,0.043430,10.590,-2.047,3.16,1.4837e-14,1.2051e-13,1.2364e-04,1.0042e-03,1.5852e-04,1.2875e-03,1.3130e-04,1.0664e-03,13331392-1607166,gal2mpp,1.174,NGC 5044 group,23.30,48.73,29.24,46.61,200,clear,yes
J133115-250859,NGC 5044,202.81250,-25.14972,7970.5,8262.1,113.18,36.85,no,0.913233,0.382788,0.139570,0.593437,-0.797173,-0.111119,22.741,8.023,3.94,5.1849e-14,5.4021e-13,4.3208e-04,4.5018e-03,5.5394e-04,5.7715e-03,4.5884e-04,4.7806e-03,13304907-2520009,gal2mpp,0.507,NGC 5044 group,21.17,78.16,37.46,62.80,200,clear,no
J133138-232047,NGC 5044,202.90833,-23.34639,7509.9,7803.8,106.90,38.60,no,0.826532,-0.420406,-0.374306,-0.156154,-0.862743,0.480927,333.040,-21.981,7.85,3.9426e-14,3.9805e-13,3.2855e-04,3.3171e-03,4.2122e-04,4.2527e-03,3.4890e-04,3.5225e-03,13324960-2338413,gal2mpp,0.873,NGC 5044 group,70.08,71.68,55.54,61.66,200,clear,no
J133208-225710,NGC 5044,203.03333,-22.95278,5051.3,5345.3,73.22,38.96,no,0.934943,0.336161,0.113481,0.563177,-0.823399,-0.069616,19.776,6.516,0.90,3.2043e-14,2.7342e-13,2.6702e-04,2.2785e-03,3.4234e-04,2.9211e-03,2.8356e-04,2.4196e-03,RXCJ1349.3-3018,cluster,0.172,NGC 5044 group,23.58,38.11,10.64,18.58,200,clear,yes
J133209-245132,NGC 5044,203.03750,-24.85889,7789.6,8080.9,110.70,37.09,no,0.948849,0.003243,-0.315713,0.084833,-0.988054,0.128656,0.196,-18.404,12.57,2.3799e-14,2.2309e-13,1.9832e-04,1.8591e-03,2.5426e-04,2.3834e-03,2.1061e-04,1.9742e-03,13311382-2524096,gal2mpp,0.657,NGC 5044 group,53.03,75.66,48.83,54.38,200,clear,no
J133214-210542,NGC 5044,203.05833,-21.09500,5800.7,6096.9,83.52,40.78,no,0.877875,0.318517,0.357607,0.746159,-0.665767,-0.000082,19.942,20.953,2.45,2.9170e-14,2.6099e-13,2.4309e-04,2.1749e-03,3.1165e-04,2.7884e-03,2.5814e-04,2.3097e-03,RXCJ1407.4-2700,cluster,0.310,NGC 5044 group,6.90,48.15,29.50,66.78,200,clear,yes
J133314-160715,NGC 5044,203.30833,-16.12083,6122.4,6422.4,87.98,45.58,no,0.833689,0.504385,0.224853,0.678619,-0.700789,-0.219933,31.174,12.994,3.91,1.8759e-14,1.6161e-13,1.5632e-04,1.3468e-03,2.0042e-04,1.7266e-03,1.6601e-04,1.4302e-03,RXCJ1407.4-2700,cluster,0.359,NGC 5044 group,5.50,52.42,11.95,22.16,200,clear,yes
J133329-211151,NGC 5044,203.37083,-21.19750,7107.9,7403.0,101.41,40.61,no,0.678298,0.597970,0.427017,0.826532,-0.483472,-0.288269,41.399,25.278,7.48,2.9605e-14,2.7088e-13,2.4670e-04,2.2574e-03,3.1629e-04,2.8941e-03,2.6199e-04,2.3972e-03,RXCJ1407.4-2700,cluster,0.332,NGC 5044 group,14.15,66.03,18.74,25.29,200,clear,yes
J133348-244525,NGC 5044,203.45000,-24.75694,4646.7,4936.8,67.63,37.12,no,0.932919,0.214921,-0.288914,0.174215,-0.982516,-0.065663,12.973,-16.793,0.85,5.0540e-14,4.2964e-13,4.2117e-04,3.5803e-03,5.3996e-04,4.5902e-03,4.4726e-04,3.8021e-03,RXCJ1349.3-3018,cluster,0.281,NGC 5044 group,52.78,32.90,12.28,28.03,200,clear,yes
J133439-234044,NGC 5044,203.66250,-23.67889,2599.8,2890.7,39.60,38.13,no,0.344338,0.936562,-0.065440,0.392435,-0.427040,-0.814636,69.813,-3.752,0.92,4.3838e-14,3.6759e-13,3.6532e-04,3.0633e-03,4.6836e-04,3.9273e-03,3.8795e-04,3.2531e-03,RXCJ1315.3-1623,cluster,0.767,NGC 5044 group,62.56,6.83,43.30,62.37,200,clear,no
J133440-234722,NGC 5044,203.66667,-23.78944,7799.7,8090.4,110.83,38.02,no,0.943597,0.324649,0.065028,0.520731,-0.850847,-0.069989,18.986,3.728,6.33,3.1349e-14,2.9525e-13,2.6125e-04,2.4604e-03,3.3493e-04,3.1544e-03,2.7743e-04,2.6129e-03,RXCJ1407.4-2700,cluster,0.206,NGC 5044 group,24.46,75.70,22.82,43.79,200,clear,yes
J133541-240428,NGC 5044,203.92083,-24.07444,2544.2,2833.7,38.82,37.70,no,-0.168896,0.980927,0.096214,0.354434,0.099076,-0.929817,99.769,5.521,1.06,4.1288e-14,3.4284e-13,3.4407e-04,2.8570e-03,4.4111e-04,3.6629e-03,3.6538e-04,3.0340e-03,RXCJ1315.3-1623,cluster,0.872,NGC 5044 group,55.10,6.63,32.82,43.38,200,clear,no
J133610-234710,NGC 5044,204.04167,-23.78611,11366.7,11656.1,159.67,37.95,no,0.709558,0.089590,-0.698928,-0.305715,-0.945677,-0.110606,7.196,-44.341,5.79,3.7601e-14,3.7557e-13,3.1334e-04,3.1297e-03,4.0172e-04,4.0125e-03,3.3275e-04,3.3236e-03,RXCJ1347.4-3250,cluster,0.515,NGC 5044 group,72.21,124.49,13.17,23.16,200,clear,yes
J133741-150605,NGC 5044,204.42083,-15.10139,7993.2,8289.8,113.56,46.30,no,0.952223,0.267072,0.148133,0.575938,-0.817451,0.008323,15.667,8.519,2.95,2.9642e-14,2.8561e-13,2.4701e-04,2.3801e-03,3.1668e-04,3.0514e-03,2.6232e-04,2.5275e-03,RXCJ1347.4-3250,cluster,0.118,NGC 5044 group,12.54,78.07,4.77,6.74,200,clear,yes
J133756-240727,NGC 5044,204.48333,-24.12417,9130.3,9417.7,129.01,37.53,no,0.717186,0.384445,0.581245,0.901154,-0.431835,-0.037956,28.193,35.538,2.48,4.1176e-14,4.8159e-13,3.4313e-04,4.0133e-03,4.3992e-04,5.1452e-03,3.6439e-04,4.2619e-03,13374997-2359412,gal2mpp,0.926,NGC 5044 group,8.62,93.94,54.18,128.35,200,clear,no
J133801-225524,NGC 5044,204.50417,-22.92333,6972.9,7261.9,99.48,38.70,no,0.943086,0.049090,0.328907,0.653907,-0.710862,0.258999,2.980,19.202,2.77,3.6791e-14,3.2079e-13,3.0659e-04,2.6732e-03,3.9307e-04,3.4272e-03,3.2559e-04,2.8388e-03,RXCJ1407.4-2700,cluster,0.451,NGC 5044 group,24.01,64.35,11.90,18.56,200,clear,yes
J133802-175254,NGC 5044,204.50833,-17.88167,1360.3,1654.6,22.67,43.59,no,-0.479909,0.696045,0.534050,0.517915,0.593474,-0.616079,124.585,32.279,2.60,3.2114e-14,2.6948e-13,2.6761e-04,2.2457e-03,3.4309e-04,2.8790e-03,2.8419e-04,2.3848e-03,Virgo,cluster,0.682,NGC 5044 group,77.02,13.36,25.04,37.62,200,clear,yes
J133811-204047,NGC 5044,204.54583,-20.67972,12917.6,13209.1,180.95,40.87,no,0.614727,0.678157,-0.402758,0.114897,-0.789837,-0.602459,47.809,-23.751,7.34,5.0357e-14,5.4456e-13,4.1964e-04,4.5380e-03,5.3800e-04,5.8179e-03,4.4564e-04,4.8191e-03,RXCJ1326.9-2710,cluster,0.253,NGC 5044 group,50.17,145.54,8.77,11.82,200,clear,yes
J133949-220132,NGC 5044,204.95417,-22.02556,5835.3,6123.9,83.89,39.47,no,0.969857,0.238127,0.051708,0.489564,-0.871865,0.013316,13.795,2.964,2.52,2.6869e-14,2.4176e-13,2.2391e-04,2.0146e-03,2.8706e-04,2.5829e-03,2.3778e-04,2.1394e-03,RXCJ1407.4-2700,cluster,0.449,NGC 5044 group,27.65,48.77,16.55,27.06,200,clear,yes
J134019-235122,NGC 5044,205.07917,-23.85611,6500.9,6786.7,92.97,37.67,no,0.919131,-0.392649,-0.032022,0.183054,-0.801817,0.568841,336.868,-1.835,1.75,3.7126e-14,3.1257e-13,3.0939e-04,2.6048e-03,3.9665e-04,3.3395e-03,3.2855e-04,2.7661e-03,RXCJ1407.4-2700,cluster,0.717,NGC 5044 group,58.54,58.03,15.53,23.98,200,clear,yes
J134501-155202,NGC 5044,206.25417,-15.86722,8873.3,9162.6,125.51,45.08,no,0.943227,0.262489,-0.203527,0.267912,-0.959716,-0.084663,15.551,-11.743,4.59,3.8893e-14,4.2912e-13,3.2411e-04,3.5760e-03,4.1552e-04,4.5846e-03,3.4418e-04,3.7975e-03,13451735-1607051,gal2mpp,0.467,NGC 5044 group,30.48,90.17,16.77,24.36,200,clear,yes
J163512-580438,Norma,248.80000,-58.07722,2759.0,2827.8,38.74,-7.09,no,-0.863871,0.358669,-0.353670,-0.506352,0.590050,-0.628847,157.452,-20.712,2.94,2.4075e-14,2.0419e-13,2.0062e-04,1.7015e-03,2.5721e-04,2.1815e-03,2.1305e-04,1.8069e-03,RXC J1614.3-6052,cluster,0.440,Abell 3627 (Norma),65.61,25.96,14.04,20.55,200,edge,yes
J163518-581311,Norma,248.82500,-58.21972,1559.6,1628.2,22.30,-7.20,no,0.095747,0.756731,0.646676,0.851581,0.118834,-0.510576,82.789,40.291,2.52,1.7524e-14,1.6238e-13,1.4603e-04,1.3532e-03,1.8722e-04,1.7348e-03,1.5508e-04,1.4370e-03,ZOA0003119,gal2mpp,0.387,Abell 3627 (Norma),154.33,42.24,77.04,92.35,200,edge,no
J163650-601632,Norma,249.20833,-60.27556,3411.3,3477.7,47.64,-8.71,no,-0.789972,0.603352,-0.109135,-0.184354,0.605096,-0.774515,142.629,-6.265,3.48,4.1011e-14,3.7658e-13,3.4176e-04,3.1382e-03,4.3816e-04,4.0233e-03,3.6293e-04,3.3326e-03,RXC J1614.3-6052,cluster,0.553,Abell 3627 (Norma),81.92,17.06,39.78,55.37,200,edge,no
J163916-601108,Norma,249.81667,-60.18556,3395.2,3459.8,47.39,-8.88,no,-0.810264,0.411761,-0.417044,-0.522745,0.509638,-0.683379,153.061,-24.648,0.99,1.0006e-13,9.3048e-13,8.3385e-04,7.7540e-03,1.0690e-03,9.9411e-03,8.8551e-04,8.2344e-03,ZOA0003091,gal2mpp,0.325,Abell 3627 (Norma),60.31,17.35,23.06,34.99,200,edge,yes
J163924-565221,Norma,249.85000,-56.87250,1466.7,1532.4,20.99,-6.71,no,-0.286956,0.737149,-0.611774,-0.383256,-0.075106,-0.920584,111.270,-37.718,5.76,2.1871e-14,1.7929e-13,1.8226e-04,1.4941e-03,2.3366e-04,1.9155e-03,1.9355e-04,1.5866e-03,16524632-5913009,gal2mpp,0.533,Abell 3627 (Norma),71.57,43.61,61.18,65.63,200,edge,no
J164052-602341,Norma,250.21667,-60.39472,5217.3,5280.6,72.34,-9.17,no,-0.508924,0.656223,0.557106,0.513312,0.633237,-0.579242,127.795,33.856,6.68,1.5020e-13,1.3218e-12,1.2517e-03,1.1015e-02,1.6047e-03,1.4122e-02,1.3292e-03,1.1698e-02,RXC J1614.3-6052,cluster,0.594,Abell 3627 (Norma),20.40,8.78,11.35,23.80,200,edge,yes
J164107-605902,Norma,250.27917,-60.98389,3487.2,3550.1,48.63,-9.57,no,-0.948179,0.276307,-0.156881,-0.396475,0.758050,-0.517849,163.753,-9.026,3.79,3.9180e-14,3.5166e-13,3.2650e-04,2.9305e-03,4.1859e-04,3.7570e-03,3.4673e-04,3.1120e-03,RXC J1614.3-6052,cluster,0.659,Abell 3627 (Norma),67.36,16.16,31.02,44.95,200,edge,no
J164157-622910,Norma,250.48750,-62.48611,4379.8,4441.5,60.84,-10.62,no,-0.866561,-0.295161,-0.402434,-0.772579,0.634146,-0.031304,198.809,-23.730,0.09,2.7470e-13,2.2715e-12,2.2892e-03,1.8929e-02,2.9349e-03,2.4268e-02,2.4310e-03,2.0102e-02,RXC J1614.3-6052,cluster,0.916,Abell 3627 (Norma),2.30,5.39,25.75,69.57,200,clear,yes
J164219-595904,Norma,250.57917,-59.98444,5480.2,5542.5,75.92,-9.04,no,-0.408851,0.722547,0.557464,0.573790,0.537144,-0.618257,119.503,33.881,4.48,1.5832e-13,1.6057e-12,1.3194e-03,1.3380e-02,1.6915e-03,1.7154e-02,1.4011e-03,1.4209e-02,RXC J1614.3-6052,cluster,0.251,Abell 3627 (Norma),21.85,12.24,9.52,15.87,200,edge,yes
J164249-610527,Norma,250.70417,-61.09083,4454.4,4515.9,61.86,-9.80,no,-0.886237,0.063240,-0.458895,-0.706277,0.593304,-0.386216,175.918,-27.316,0.24,3.7707e-13,3.1090e-12,3.1422e-03,2.5908e-02,4.0285e-03,3.3216e-02,3.3369e-03,2.7513e-02,RXC J1614.3-6052,cluster,0.913,Abell 3627 (Norma),2.32,4.62,32.09,72.43,200,edge,no
J164508-611614,Norma,251.28333,-61.27056,3697.3,3757.0,51.47,-10.13,no,-0.853996,0.024656,-0.519695,-0.759760,0.541965,-0.359221,178.346,-31.312,3.00,5.0119e-14,4.3723e-13,4.1766e-04,3.6436e-03,5.3546e-04,4.6713e-03,4.4353e-04,3.8693e-03,RXC J1614.3-6052,cluster,0.755,Abell 3627 (Norma),36.81,13.54,15.20,31.87,200,clear,yes
J164739-570817,Norma,251.91250,-57.13806,809.0,867.5,11.88,-7.74,no,-0.892975,0.328350,0.307868,0.042551,0.902755,-0.428046,159.811,17.931,4.72,3.3317e-14,2.7163e-13,2.7764e-04,2.2636e-03,3.5596e-04,2.9020e-03,2.9484e-04,2.4038e-03,Virgo,cluster,0.356,Abell 3627 (Norma),101.84,52.66,10.46,16.48,200,edge,yes
J164740-600851,Norma,251.91667,-60.14750,3259.4,3317.4,45.44,-9.65,no,-0.399602,0.433380,-0.807775,-0.698124,-0.028877,-0.715394,132.678,-53.879,2.34,7.0983e-14,6.2993e-13,5.9153e-04,5.2494e-03,7.5837e-04,6.7300e-03,6.2817e-04,5.5746e-03,16510272-6048313,gal2mpp,0.614,Abell 3627 (Norma),45.73,19.43,44.95,55.52,200,edge,no
J164749-613936,Norma,251.95417,-61.66000,5223.1,5280.6,72.34,-10.62,no,-0.681655,0.312156,0.661743,0.421270,0.866209,-0.268727,155.395,41.433,6.81,1.5527e-13,1.4305e-12,1.2939e-03,1.1921e-02,1.6589e-03,1.5283e-02,1.3741e-03,1.2660e-02,RXC J1614.3-6052,cluster,0.494,Abell 3627 (Norma),22.58,9.25,14.18,29.51,200,clear,yes
J165103-600109,Norma,252.76250,-60.01917,5792.7,5847.9,80.11,-9.90,no,-0.307996,0.627227,0.715349,0.715152,0.523368,-0.463297,116.153,45.672,4.25,8.5031e-14,8.1245e-13,7.0859e-04,6.7705e-03,9.0845e-04,8.6801e-03,7.5248e-04,7.1899e-03,RXC J1614.3-6052,cluster,0.268,Abell 3627 (Norma),11.24,16.66,7.52,11.94,200,edge,yes
J165348-590530,Norma,253.45000,-59.09167,1650.3,1703.5,23.34,-9.60,no,-0.677000,0.474698,0.562435,0.392909,0.803885,-0.446533,144.963,34.224,3.41,3.2673e-14,2.7913e-13,2.7227e-04,2.3261e-03,3.4907e-04,2.9822e-03,2.8914e-04,2.4702e-03,Virgo,cluster,0.158,Abell 3627 (Norma),120.84,41.29,44.72,92.87,200,edge,no
J165419-615311,Norma,253.57917,-61.88639,4540.9,4593.4,62.92,-11.37,no,-0.985537,0.076660,-0.151132,-0.473681,0.813186,-0.338165,175.552,-8.693,0.58,2.6372e-13,2.1986e-12,2.1977e-03,1.8322e-02,2.8176e-03,2.3489e-02,2.3338e-03,1.9457e-02,RXC J1614.3-6052,cluster,0.864,Abell 3627 (Norma),1.12,5.65,26.61,49.82,200,clear,yes
J165644-622413,Norma,254.18333,-62.40361,5101.9,5152.6,70.58,-11.90,no,-0.603680,0.366005,0.708244,0.508972,0.810946,-0.288641,148.772,45.092,3.60,1.5799e-13,1.3792e-12,1.3166e-03,1.1493e-02,1.6879e-03,1.4735e-02,1.3981e-03,1.2205e-02,RXC J1614.3-6052,cluster,0.581,Abell 3627 (Norma),1.78,8.69,17.79,42.49,200,clear,yes
J165724-595238,Norma,254.35000,-59.87722,3187.5,3237.7,44.35,-10.44,no,-0.810476,0.180951,-0.557123,-0.722345,0.471859,-0.505536,167.414,-33.857,1.77,4.4219e-14,3.8842e-13,3.6849e-04,3.2369e-03,4.7242e-04,4.1498e-03,3.9132e-04,3.4374e-03,RXC J1614.3-6052,cluster,0.362,Abell 3627 (Norma),42.71,20.75,20.79,30.86,200,clear,yes
J165804-605308,Norma,254.51667,-60.88556,1035.1,1084.9,14.86,-11.12,no,-0.934240,0.327697,0.140752,-0.117181,0.868229,-0.482127,160.671,8.091,6.12,2.4622e-14,1.9965e-13,2.0519e-04,1.6638e-03,2.6306e-04,2.1331e-03,2.1790e-04,1.7668e-03,Virgo,cluster,0.377,Abell 3627 (Norma),92.07,49.70,17.39,34.33,200,clear,yes
J165901-601241,Norma,254.75417,-60.21139,1106.2,1155.2,15.82,-10.80,no,-0.746935,0.611232,0.261693,0.154085,0.724685,-0.671631,140.706,15.171,5.80,2.3162e-14,1.9491e-13,1.9302e-04,1.6242e-03,2.4746e-04,2.0823e-03,2.0498e-04,1.7248e-03,17165947-6249139,gal2mpp,0.422,Abell 3627 (Norma),107.69,48.75,27.01,38.82,200,clear,yes
J165949-584125,Norma,254.95417,-58.69028,4798.9,4847.0,66.40,-9.97,no,-0.640387,0.767045,0.039327,0.055577,0.518708,-0.853143,129.858,2.254,1.67,1.8057e-13,1.5302e-12,1.5047e-03,1.2752e-02,1.9292e-03,1.6348e-02,1.5980e-03,1.3541e-02,RXC J1614.3-6052,cluster,0.756,Abell 3627 (Norma),4.10,7.23,23.62,29.80,200,edge,yes
J170303-614604,Norma,255.76250,-61.76778,2727.1,2773.1,37.99,-12.12,no,-0.985473,-0.167683,0.026918,-0.403608,0.912865,-0.061470,189.657,1.542,2.75,2.5418e-14,2.1576e-13,2.1182e-04,1.7980e-03,2.7156e-04,2.3051e-03,2.2494e-04,1.9093e-03,RXC J1614.3-6052,cluster,0.386,Abell 3627 (Norma),66.91,26.97,16.92,23.36,200,clear,yes
J170659-620502,Norma,256.74583,-62.08389,1539.9,1583.0,21.68,-12.68,no,-0.894132,-0.080840,0.440447,0.016704,0.999812,-0.009804,185.166,26.132,3.08,4.1545e-14,3.4357e-13,3.4621e-04,2.8631e-03,4.4386e-04,3.6706e-03,3.6766e-04,3.0404e-03,ZOA0003119,gal2mpp,0.202,Abell 3627 (Norma),96.00,42.99,22.40,35.17,200,clear,yes
J170747-595059,Norma,256.94583,-59.84972,4698.1,4740.0,64.93,-11.48,no,-0.803167,0.595634,-0.011931,-0.108158,0.659367,-0.744001,143.439,-0.684,1.10,1.5834e-13,1.3388e-12,1.3195e-03,1.1157e-02,1.6917e-03,1.4303e-02,1.4013e-03,1.1848e-02,RXC J1614.3-6052,cluster,0.795,Abell 3627 (Norma),7.57,7.54,23.63,31.94,200,clear,yes
J170915-613637,Norma,257.31250,-61.61028,4211.0,4252.2,58.25,-12.63,no,-0.877158,-0.007472,-0.480143,-0.745324,0.582807,-0.323772,180.488,-28.695,0.76,9.0135e-14,7.5761e-13,7.5113e-04,6.3134e-03,9.6298e-04,8.0942e-03,7.9766e-04,6.7045e-03,RXC J1614.3-6052,cluster,0.898,Abell 3627 (Norma),7.45,9.43,15.53,35.00,200,clear,yes
J171015-615505,Norma,257.56250,-61.91806,4825.1,4865.7,66.65,-12.90,no,-0.850613,0.369077,0.374486,0.129757,0.889366,-0.438396,156.544,21.993,1.48,1.4668e-13,1.2482e-12,1.2224e-03,1.0402e-02,1.5671e-03,1.3335e-02,1.2981e-03,1.1046e-02,RXC J1614.3-6052,cluster,0.753,Abell 3627 (Norma),5.53,8.03,22.61,31.96,200,clear,yes
J171338-590621,Norma,258.40833,-59.10583,3519.2,3556.0,48.71,-11.66,no,-0.810145,0.344079,-0.474631,-0.595437,0.491318,-0.635658,156.988,-28.335,3.08,3.4929e-14,3.0318e-13,2.9108e-04,2.5265e-03,3.7317e-04,3.2391e-03,3.0911e-04,2.6830e-03,RXC J1614.3-6052,cluster,0.658,Abell 3627 (Norma),42.31,17.43,11.61,18.72,200,clear,yes
J171804-575135,Norma,259.51667,-57.85972,1054.9,1087.4,14.90,-11.45,no,-0.894272,0.416250,0.164361,-0.051616,0.833972,-0.549388,155.040,9.460,5.20,2.9043e-14,2.3736e-13,2.4202e-04,1.9780e-03,3.1029e-04,2.5359e-03,2.5702e-04,2.1005e-03,Virgo,cluster,0.310,Abell 3627 (Norma),95.12,49.80,9.93,14.53,200,clear,yes
J171829-602453,Norma,259.62083,-60.41472,5642.5,5676.1,77.75,-12.89,no,-0.345633,0.596361,0.724494,0.698383,0.564053,-0.440574,120.095,46.427,3.12,7.4396e-14,6.8430e-13,6.1997e-04,5.7025e-03,7.9483e-04,7.3108e-03,6.5837e-04,6.0557e-03,RXC J1614.3-6052,cluster,0.327,Abell 3627 (Norma),5.23,16.44,6.49,10.67,200,clear,yes
J172007-600928,Norma,260.02917,-60.15778,4512.8,4544.9,62.26,-12.93,no,-0.850402,0.461984,-0.251768,-0.378205,0.611755,-0.694778,151.487,-14.582,0.80,9.5980e-14,8.1228e-13,7.9983e-04,6.7690e-03,1.0254e-03,8.6782e-03,8.4938e-04,7.1884e-03,RXC J1614.3-6052,cluster,0.877,Abell 3627 (Norma),12.49,9.22,19.52,35.85,200,clear,yes
