# LANE W1 per-side asymmetries, ALL per-side-capable WALLABY galaxies
# FIREWALL: N~237 -> ~1-1.5 sigma at AQUAL amplitude; NEITHER pre-registered
#   kill condition (3-sigma AQUAL-vs-BranchB, N~1157 canonical a0=9.36e-11 /
#   N~1424 alt a0=1.13e-10) CAN TRIGGER on this sample. a0 does not enter
#   this extraction; both footings enter at the confrontation stage only.
# CONVENTION: A_preregistered = 2(v_rec - v_appr)/(v_rec + v_appr), receding-
#   side tied (side determined EMPIRICALLY; pa_flipped flags anti-aligned PA).
#   A_raw_extractor = 2(v_app - v_rec)/(v_app + v_rec) as printed by the pilot
#   extractor (OPPOSITE ordering). PA_wkapp = Deg+22 PA_model_g, 'Position
#   angle in equatorial coordinates (East of North)' (arXiv:2211.07333 Tab.4).
# QC frozen BEFORE extraction: see QC_FROZEN.md.
jname,ra,dec,cz,field,hires,tr,inc,pa_wkapp,pa_flipped,n_outer,v_rec,v_appr,A_raw_extractor,A_preregistered,sigma_boot,sanity_ratio,weight,n_models_available,model_file,qc_pass,qc_reason
J094524-480828,146.351848,-48.141222,874.9,Vela,False,1,75.9,34.6,False,5,47.08038544075453,30.18070574129344,-0.43746935076650384,0.43746935076650384,0.021557453591217326,1.0144241377137149,mom0,1,WALLABY_J094524-480828_Vela_Kin_TR1_AvgMod.txt,False,inc 75.9 >= 70
J094944-471059,147.432463,-47.184432,5360.5,Vela,False,1,39.7,348.3,False,4,135.57653990534288,136.527628757466,0.0069906231631585835,-0.0069906231631585835,0.010293921732806207,0.9725865618957628,mom0,1,WALLABY_J094944-471059_Vela_Kin_TR1_AvgMod.txt,True,pass
J100036-465940,150.152547,-46.993251,3692.9,Vela,False,1,44.9,108.5,False,3,72.6024904383941,79.48109961084212,0.09045826930073272,-0.09045826930073272,0.023486160209777427,0.8791378459414784,mom0,1,WALLABY_J100036-465940_Vela_Kin_TR1_AvgMod.txt,False,n_outer 3 < 4
J100123-434533,150.348234,-43.758356,3548.7,Vela,False,1,31.8,247.0,False,4,101.93163354381996,100.59948482397697,-0.013155002851698136,0.013155002851698136,0.009269035485121355,0.9846783295287305,mom0,1,WALLABY_J100123-434533_Vela_Kin_TR1_AvgMod.txt,True,pass
J100239-452950,150.661304,-45.497967,3507.6,Vela,False,1,57.2,41.5,False,4,134.5941064504336,144.69973643583498,0.07236557656243427,-0.07236557656243427,0.010353139322029315,0.8644610293510891,mom0,1,WALLABY_J100239-452950_Vela_Kin_TR1_AvgMod.txt,True,pass
J100342-270137,150.924682,-27.027617,950.6,Hydra,False,2,74.2,57.9,False,8,106.69011741589364,98.86136251472401,-0.07617317962207977,0.07617317962207977,0.01156919411141856,1.0102218107349823,mom0,1,WALLABY_J100342-270137_Hydra_Kin_TR2_AvgMod.txt,False,inc 74.2 >= 70
J100351-273417,150.964699,-27.570651,2788.2,Hydra,False,2,40.1,192.6,False,3,210.28415694592354,187.6189263053301,-0.11392337277407634,0.11392337277407634,0.0196993945270076,0.9411642474975063,mom0,1,WALLABY_J100351-273417_Hydra_Kin_TR2_AvgMod.txt,False,n_outer 3 < 4
J100426-282638,151.108751,-28.443982,1091.2,Hydra,False,2,75.1,268.8,False,6,97.25944208203616,121.87435383940722,0.22465646299665423,-0.22465646299665423,0.01254383770572763,0.9794876768680754,mom0,1,WALLABY_J100426-282638_Hydra_Kin_TR2_AvgMod.txt,False,inc 75.1 >= 70
J100437-490338,151.152957,-49.060653,3401.4,Vela,False,1,84.9,175.9,False,1,91.57377568993077,94.4112489205915,0.03051292152798631,-0.03051292152798631,0.09351961433791227,1.0813082826193154,mom0,1,WALLABY_J100437-490338_Vela_Kin_TR1_AvgMod.txt,False,inc 84.9 >= 70
J100539-282633,151.413185,-28.445015,1039.0,Hydra,False,2,68.4,9.5,False,4,37.70307807690947,49.33645371599094,0.2673124590504834,-0.2673124590504834,0.02423176989297234,0.9335076129473668,mom0,1,WALLABY_J100539-282633_Hydra_Kin_TR2_AvgMod.txt,True,pass
J100542-480241,151.427861,-48.044936,4007.7,Vela,False,1,82.2,176.3,False,4,110.96345562701497,98.29488485135037,-0.12108067708751002,0.12108067708751002,0.037054609017403164,0.9175711708252869,mom0,1,WALLABY_J100542-480241_Vela_Kin_TR1_AvgMod.txt,False,inc 82.2 >= 70
J100656-450242,151.734137,-45.045388,3904.0,Vela,False,1,71.7,248.1,False,4,191.53819022083127,184.76287372471396,-0.036010084186728596,0.036010084186728596,0.021056604371987368,0.9928945822068108,mom0,1,WALLABY_J100656-450242_Vela_Kin_TR1_AvgMod.txt,False,inc 71.7 >= 70
J100748-430145,151.949771,-43.025635,6258.4,Vela,False,1,34.7,346.8,False,2,69.17519248697508,39.74738668303447,-0.5403435362654941,0.5403435362654941,0.07435484744120165,0.6071845424019001,mom0,1,WALLABY_J100748-430145_Vela_Kin_TR1_AvgMod.txt,False,"sanity ratio 0.607 outside [0.8,1.2]"
J100801-473847,152.005468,-47.647261,3344.6,Vela,False,1,81.0,309.6,False,3,87.06118657445586,64.85130479122692,-0.29240362768806744,0.29240362768806744,0.028730489778509987,0.902928940952873,mom0,1,WALLABY_J100801-473847_Vela_Kin_TR1_AvgMod.txt,False,inc 81.0 >= 70
J100916-431959,152.320938,-43.331127,4585.4,Vela,False,1,56.3,256.8,False,5,134.70806440238977,123.2466127753806,-0.08886407296356538,0.08886407296356538,0.008380859468974988,0.9866351207418617,mom0,1,WALLABY_J100916-431959_Vela_Kin_TR1_AvgMod.txt,True,pass
J100938-255850,152.409158,-25.980174,3070.8,Hydra,False,2,27.6,240.2,False,2,93.12314417444574,25.061106258915494,-1.1517953985570586,1.1517953985570586,0.11837645610055277,0.5788673152552393,mom0,1,WALLABY_J100938-255850_Hydra_Kin_TR2_AvgMod.txt,False,"sanity ratio 0.579 outside [0.8,1.2]"
J101035-254920,152.645687,-25.823216,2505.3,Hydra,False,2,25.9,145.0,False,3,77.71861312848776,30.187222914856942,-0.8809790453694817,0.8809790453694817,0.040501871416530597,0.8982731738526554,mom0,1,WALLABY_J101035-254920_Hydra_Kin_TR2_AvgMod.txt,False,n_outer 3 < 4
J101219-471739,153.081242,-47.293172,2523.0,Vela,False,1,81.4,289.2,False,6,199.9193229059989,174.4722926026078,-0.1359380351978321,0.1359380351978321,0.026613357008547566,0.9855277285627945,mom0,1,WALLABY_J101219-471739_Vela_Kin_TR1_AvgMod.txt,False,inc 81.4 >= 70
J101247-275028,153.197305,-27.838301,2602.6,Hydra,False,2,82.3,140.0,False,5,198.3341428090847,191.85284815866436,-0.033221479959366786,0.033221479959366786,0.03236611972813253,1.10052481257526,mom0,1,WALLABY_J101247-275028_Hydra_Kin_TR2_AvgMod.txt,False,inc 82.3 >= 70
J101330-434301,153.376206,-43.715755,4564.0,Vela,False,1,82.1,128.3,False,4,261.3551747319004,221.3053187664097,-0.16595456435727904,0.16595456435727904,0.0371533984912033,1.0532093003741918,mom0,1,WALLABY_J101330-434301_Vela_Kin_TR1_AvgMod.txt,False,inc 82.1 >= 70
J101331-434904,153.377655,-43.816572,4216.0,Vela,False,1,50.2,224.9,False,4,164.88273475848467,158.48102450147155,-0.03959448190275835,0.03959448190275835,0.016334047198093764,0.9020607757959445,mom0,1,WALLABY_J101331-434904_Vela_Kin_TR1_AvgMod.txt,True,pass
J101359-253824,153.496438,-25.638627,3180.8,Hydra,False,2,68.8,241.8,False,3,122.47448966287557,112.68400330925296,-0.08326712958466698,0.08326712958466698,0.02082158548886663,1.0305626519473323,mom0,1,WALLABY_J101359-253824_Hydra_Kin_TR2_AvgMod.txt,False,n_outer 3 < 4
J101441-285221,153.674728,-28.8705,1095.2,Hydra,False,2,70.1,234.6,False,3,166.0456294392645,150.27630586822667,-0.09970426841065409,0.09970426841065409,0.039061789426209116,1.0013433535988812,mom0,1,WALLABY_J101441-285221_Hydra_Kin_TR2_AvgMod.txt,False,inc 70.1 >= 70
J101442-445108,153.675039,-44.851044,1098.8,Vela,False,1,24.6,37.6,False,3,89.54775216723772,58.51792880025366,-0.4191359289232841,0.4191359289232841,0.028530143231197798,0.9136045081421905,mom0,1,WALLABY_J101442-445108_Vela_Kin_TR1_AvgMod.txt,False,n_outer 3 < 4
J101448-285723,153.70166,-28.955955,4195.7,Hydra,False,2,75.5,39.5,False,2,202.49043096556733,211.29505155705124,0.04255644996439733,-0.04255644996439733,0.0718464811631494,1.0076805974781808,mom0,1,WALLABY_J101448-285723_Hydra_Kin_TR2_AvgMod.txt,False,inc 75.5 >= 70
J101457-433710,153.740097,-43.619809,3032.5,Vela,False,1,83.6,79.6,False,9,152.08378815427938,180.67963576339451,0.17186893482734322,-0.17186893482734322,0.033157332880585456,0.9975509380395904,mom0,1,WALLABY_J101457-433710_Vela_Kin_TR1_AvgMod.txt,False,inc 83.6 >= 70
J101655-485238,154.228179,-48.879314,2738.2,Vela,False,1,58.6,196.8,False,8,219.83988710617234,188.8066904471154,-0.15188281690679378,0.15188281690679378,0.00519194028653305,1.0096955975960498,mom0,1,WALLABY_J101655-485238_Vela_Kin_TR1_AvgMod.txt,True,pass
J101941-254852,154.920421,-25.813954,3005.4,Hydra,False,2,26.7,349.9,False,3,191.33730183737012,153.76557228014795,-0.21774220022536148,0.21774220022536148,0.01735768500941959,1.010156966485309,mom0,1,WALLABY_J101941-254852_Hydra_Kin_TR2_AvgMod.txt,False,n_outer 3 < 4
J102017-253913,155.074682,-25.652793,3441.5,Hydra,False,2,40.1,311.9,False,2,79.3458392134743,80.85719472830505,0.018868001156332574,-0.018868001156332574,0.024984710990119775,0.8669820066728033,mom0,1,WALLABY_J102017-253913_Hydra_Kin_TR2_AvgMod.txt,False,n_outer 2 < 4
J103023-302336,157.59503,-30.390655,4087.7,Hydra,False,2,34.8,145.2,False,3,57.939339655806116,34.835959092829064,-0.4980502542077112,0.4980502542077112,0.10580897928708369,0.759013000353729,mom0,1,WALLABY_J103023-302336_Hydra_Kin_TR2_AvgMod.txt,False,"sanity ratio 0.759 outside [0.8,1.2]"
J103244-283639,158.185859,-28.609878,3606.5,Hydra,False,1,82.6,240.4,False,3,265.3944268183548,253.78712732486053,-0.04471383623268105,0.04471383623268105,0.05286045220972239,1.0413781245951546,mom0,1,WALLABY_J103244-283639_Hydra_Kin_TR1_AvgMod.txt,False,inc 82.6 >= 70
J103250-301601,158.209455,-30.266309,3479.2,Hydra,False,1,37.5,332.9,False,2,91.68933940278855,103.94439088817384,0.12528566998296856,-0.12528566998296856,0.027844790686503314,0.9863148150303399,mom0,1,WALLABY_J103250-301601_Hydra_Kin_TR1_AvgMod.txt,False,n_outer 2 < 4
J103359-301003,158.496376,-30.167549,3480.6,Hydra,False,2,83.2,85.4,False,2,177.0802758872486,202.99778487637724,0.13637992646593186,-0.13637992646593186,0.055491445592859186,0.9801791011681438,mom0,1,WALLABY_J103359-301003_Hydra_Kin_TR2_AvgMod.txt,False,inc 83.2 >= 70
J103522-244506,158.844334,-24.749206,1034.7,Hydra,False,2,21.1,222.6,False,5,86.22450566659388,22.132263497658375,-1.1829854777560136,1.1829854777560136,0.09384369135610382,0.9221734805972479,mom0,2,WALLABY_J103522-244506_Hydra_Kin_TR2_AvgMod.txt,False,sigma_boot 0.0938 >= 0.05
J103523-281855,158.846676,-28.314962,3297.1,Hydra,False,2,58.5,314.0,False,4,194.8477083383013,153.90848672326507,-0.2347727277378351,0.2347727277378351,0.01065923393910448,1.025175530906112,mom0,2,WALLABY_J103523-281855_Hydra_Kin_TR2_AvgMod.txt,True,pass
J103651-260227,159.213209,-26.040217,2364.8,Hydra,False,2,67.5,119.6,False,2,91.13436047783684,71.69685278110967,-0.23874424697451802,0.23874424697451802,0.028320041945727077,0.8747425533064618,mom0,2,WALLABY_J103651-260227_Hydra_Kin_TR2_AvgMod.txt,False,n_outer 2 < 4
J103653-270311,159.220683,-27.052626,3548.2,Hydra,False,2,45.3,37.1,False,2,133.80436828446426,122.66768240014426,-0.08684522040193084,0.08684522040193084,0.01869582423105288,0.9830522190960544,mom0,2,WALLABY_J103653-270311_Hydra_Kin_TR2_AvgMod.txt,False,n_outer 2 < 4
J103655-265412,159.233396,-26.903277,3235.3,Hydra,False,2,67.0,206.3,False,2,107.97831759437565,76.41674598738972,-0.34232555898103795,0.34232555898103795,0.037177562558143994,0.8508029300052867,mom0,1,WALLABY_J103655-265412_Hydra_Kin_TR2_AvgMod.txt,False,n_outer 2 < 4
J103702-273359,159.257993,-27.565302,2853.9,Hydra,False,2,68.5,346.4,False,3,353.3778150628853,294.10542904651015,-0.18308546686147387,0.18308546686147387,0.02678743930500873,1.0017169916768403,mom0,2,WALLABY_J103702-273359_Hydra_Kin_TR2_AvgMod.txt,False,n_outer 3 < 4
J103725-251916,159.354534,-25.318605,3700.5,Hydra,False,2,25.3,288.4,False,6,277.69391423663734,209.46223553723837,-0.280122415496839,0.280122415496839,0.005720796921600147,0.9847772081690959,mom0,2,WALLABY_J103725-251916_Hydra_Kin_TR2_AvgMod.txt,True,pass
J103818-285307,159.574242,-28.886166,4389.1,Hydra,False,2,72.6,168.0,False,2,158.9255062085585,161.65393710458545,0.01702187057179344,-0.01702187057179344,0.032372683990512165,0.9718499101854455,mom0,2,WALLABY_J103818-285307_Hydra_Kin_TR2_AvgMod.txt,False,inc 72.6 >= 70
J103915-301757,159.811984,-30.297325,3755.9,Hydra,False,2,79.7,125.0,False,4,225.27006449826226,232.11215187397983,0.029918467009872166,-0.029918467009872166,0.03058625944940006,0.9895635111328592,mom0,2,WALLABY_J103915-301757_Hydra_Kin_TR2_AvgMod.txt,False,inc 79.7 >= 70
J103918-265030,159.825612,-26.840517,3070.3,Hydra,False,2,71.0,19.2,False,2,199.67240995354666,163.4116807293513,-0.19973736197581798,0.19973736197581798,0.03035925336717705,0.9682197966007148,mom0,2,WALLABY_J103918-265030_Hydra_Kin_TR2_AvgMod.txt,False,inc 71.0 >= 70
J103922-293505,159.842748,-29.584478,3875.2,Hydra,False,1,53.1,115.1,False,2,144.83137259001148,118.04104158727662,-0.20382763316250258,0.20382763316250258,0.03667601063128112,0.9876009952683953,mom0,1,WALLABY_J103922-293505_Hydra_Kin_TR1_AvgMod.txt,False,n_outer 2 < 4
J104000-292445,160.000977,-29.412882,3758.7,Hydra,False,2,71.3,76.2,False,2,117.80406052793819,91.49948212410085,-0.25135339871019696,0.25135339871019696,0.04280260412261291,0.995909367382795,mom0,2,WALLABY_J104000-292445_Hydra_Kin_TR2_AvgMod.txt,False,inc 71.3 >= 70
J104004-301606,160.016392,-30.265695,3396.8,Hydra,False,2,67.4,14.1,False,2,161.40845082733568,127.50391015323015,-0.2347046734797628,0.2347046734797628,0.045567300415177744,0.9419694718902447,mom0,2,WALLABY_J104004-301606_Hydra_Kin_TR2_AvgMod.txt,False,n_outer 2 < 4
J104016-274630,160.070269,-27.775365,3972.9,Hydra,False,2,42.6,111.3,False,3,200.1562940570503,209.19791123518743,0.04417503013891026,-0.04417503013891026,0.016455885587967085,0.9475758244460025,mom0,2,WALLABY_J104016-274630_Hydra_Kin_TR2_AvgMod.txt,False,n_outer 3 < 4
J104059-270456,160.246307,-27.082682,4742.0,Hydra,False,1,59.1,208.9,False,3,210.91368434256867,187.52631230815942,-0.11739470048691217,0.11739470048691217,0.016940420500480537,0.9823700920644082,mom0,1,WALLABY_J104059-270456_Hydra_Kin_TR1_AvgMod.txt,False,n_outer 3 < 4
J104309-300301,160.790572,-30.049287,3191.4,Hydra,False,2,41.3,115.3,False,3,114.23582615322438,90.06967327979028,-0.23656879467757472,0.23656879467757472,0.015292878962138507,1.0049849208329167,mom0,2,WALLABY_J104309-300301_Hydra_Kin_TR2_AvgMod.txt,False,n_outer 3 < 4
J104311-261500,160.797374,-26.249405,4516.3,Hydra,False,2,68.6,247.0,False,3,236.04354917361832,186.88309974245593,-0.23247742632041055,0.23247742632041055,0.026912696014572468,1.0264004037073793,mom0,2,WALLABY_J104311-261500_Hydra_Kin_TR2_AvgMod.txt,False,n_outer 3 < 4
J104339-285157,160.911874,-28.866285,3457.3,Hydra,False,2,80.1,57.9,False,3,167.9118679946323,134.5766150530549,-0.22040675800752468,0.22040675800752468,0.04667689740949969,1.0430382198385182,mom0,2,WALLABY_J104339-285157_Hydra_Kin_TR2_AvgMod.txt,False,inc 80.1 >= 70
J104905-292232,162.271773,-29.374901,4276.8,Hydra,False,2,34.2,359.8,False,1,88.70063245100113,86.3106899944878,-0.027311861005538358,0.027311861005538358,0.030898621364731815,0.8495695264344123,mom0,1,WALLABY_J104905-292232_Hydra_Kin_TR2_AvgMod.txt,False,n_outer 1 < 4
J122708+055255,186.786343,5.882283,1114.5,NGC4636,False,1,78.1,194.4,False,3,88.67253939166007,92.23479836921706,0.03938213918404547,-0.03938213918404547,0.036692969938187665,1.0042737675536337,mom0,1,WALLABY_J122708+055255_NGC_4636_Kin_TR1_AvgMod.txt,False,inc 78.1 >= 70
J122710+071549,186.795438,7.262864,925.2,NGC4636,False,1,37.8,142.9,False,4,124.4466946978944,98.92601519821903,-0.228503110443031,0.228503110443031,0.00666139791756113,0.9831846961213839,mom0,1,WALLABY_J122710+071549_NGC_4636_Kin_TR1_AvgMod.txt,True,pass
J122726+061551,186.859777,6.263072,1447.2,NGC4636,False,1,41.2,80.3,False,3,82.89641655880486,92.32635257646905,0.1076336832730246,-0.1076336832730246,0.016396531802238348,0.8682840830595201,mom0,1,WALLABY_J122726+061551_NGC_4636_Kin_TR1_AvgMod.txt,False,n_outer 3 < 4
J122733+061359,186.887977,6.234586,6402.0,NGC4636,False,1,31.0,29.7,False,2,136.47014950191442,119.6075156780823,-0.131699371844705,0.131699371844705,0.01386932158866311,0.8224785669301182,mom0,1,WALLABY_J122733+061359_NGC_4636_Kin_TR1_AvgMod.txt,False,n_outer 2 < 4
J122852+041739,187.219163,4.294116,4232.4,NGC4636,False,1,82.8,54.2,False,4,185.93023077028676,153.43947481970667,-0.19147705534938647,0.19147705534938647,0.04358464871955977,1.1034077089460548,mom0,1,WALLABY_J122852+041739_NGC_4636_Kin_TR1_AvgMod.txt,False,inc 82.8 >= 70
J122932+005020,187.385819,0.839689,2236.3,NGC4636,False,1,81.6,72.5,False,2,65.47237109964392,58.53736917655658,-0.11184608414857364,0.11184608414857364,0.051707890134228426,1.0309904330479498,mom0,1,WALLABY_J122932+005020_NGC_4636_Kin_TR1_AvgMod.txt,False,inc 81.6 >= 70
J123026+041450,187.610935,4.247607,2430.2,NGC4636,False,1,62.2,173.2,False,3,180.74505690067835,165.2083990234057,-0.0898193535068025,0.0898193535068025,0.021489377564270894,0.98000470119271,mom0,1,WALLABY_J123026+041450_NGC_4636_Kin_TR1_AvgMod.txt,False,n_outer 3 < 4
J123138+035620,187.913481,3.940552,1723.2,NGC4636,False,1,43.3,52.3,False,7,131.8367078962538,82.03881237129258,-0.46567176517131864,0.46567176517131864,0.03496743687384051,0.9385939306680341,mom0,1,WALLABY_J123138+035620_NGC_4636_Kin_TR1_AvgMod.txt,True,pass
J123228+002315,188.117436,0.388701,1519.4,NGC4636,False,1,58.3,205.6,False,7,94.21758427242152,76.91283825736794,-0.20224044046921305,0.20224044046921305,0.004851165162096499,0.9676786363591624,mom0,1,WALLABY_J123228+002315_NGC_4636_Kin_TR1_AvgMod.txt,True,pass
J123236+023943,188.152385,2.661852,1726.7,NGC4636,False,1,81.0,215.5,False,4,84.52863155820606,64.92489026519267,-0.26233896737713663,0.26233896737713663,0.029285069488756352,0.9766269109863663,mom0,1,WALLABY_J123236+023943_NGC_4636_Kin_TR1_AvgMod.txt,False,inc 81.0 >= 70
J123244+000656,188.189931,0.117007,1130.0,NGC4636,False,1,84.7,261.6,False,13,169.30478668869733,207.34760793164898,0.20200493498148397,-0.20200493498148397,0.01098114747935145,1.1393370914888106,mom0,1,WALLABY_J123244+000656_NGC_4636_Kin_TR1_AvgMod.txt,False,inc 84.7 >= 70
J123407+023905,188.533254,2.654182,1735.9,NGC4636,False,1,82.6,68.9,False,14,210.21028393577623,237.1931048630397,0.12061965377466932,-0.12061965377466932,0.010830493818667086,1.0960256835733329,mom0,1,WALLABY_J123407+023905_NGC_4636_Kin_TR1_AvgMod.txt,False,inc 82.6 >= 70
J123427+021108,188.613101,2.185925,1802.8,NGC4636,False,1,73.2,305.0,False,8,183.63458659714775,181.70140692991822,-0.010583023307208323,0.010583023307208323,0.013986510743433893,1.1391348240997936,mom0,1,WALLABY_J123427+021108_NGC_4636_Kin_TR1_AvgMod.txt,False,inc 73.2 >= 70
J123530-021940,188.875552,-2.326407,7133.4,NGC4636,False,1,70.1,189.3,False,4,255.84753697016595,180.79279204395195,-0.34378292584965164,0.34378292584965164,0.022877841743015114,0.9245397244240963,mom0,1,WALLABY_J123530-021940_NGC_4636_Kin_TR1_AvgMod.txt,False,inc 70.1 >= 70
J123554-015112,188.978133,-1.853429,6873.4,NGC4636,False,1,46.3,253.4,False,1,129.03243500644007,103.32634884722181,-0.22126201327863546,0.22126201327863546,0.030285227972263847,0.7064990689157435,mom0,1,WALLABY_J123554-015112_NGC_4636_Kin_TR1_AvgMod.txt,False,"sanity ratio 0.706 outside [0.8,1.2]"
J123555-025405,188.980625,-2.900338,7119.2,NGC4636,False,1,36.8,54.4,False,1,168.92458147271688,155.13206963473513,-0.08512407809465619,0.08512407809465619,0.02178835187205781,0.7246888896472442,mom0,1,WALLABY_J123555-025405_NGC_4636_Kin_TR1_AvgMod.txt,False,"sanity ratio 0.725 outside [0.8,1.2]"
J123630+001315,189.127267,0.223023,3712.8,NGC4636,False,1,50.1,105.8,False,3,88.98181774999527,79.04965221020704,-0.11821792122797746,0.11821792122797746,0.01875961117063958,0.8829486200332967,mom0,1,WALLABY_J123630+001315_NGC_4636_Kin_TR1_AvgMod.txt,False,n_outer 3 < 4
J123641+030621,189.174085,3.1058,1440.4,NGC4636,False,1,81.4,45.4,False,3,78.62462549163813,60.529888306487315,-0.2600668378088152,0.2600668378088152,0.034698848737030545,1.1131670942860876,mom0,1,WALLABY_J123641+030621_NGC_4636_Kin_TR1_AvgMod.txt,False,inc 81.4 >= 70
J123703+065533,189.262547,6.929193,1632.8,NGC4636,False,1,32.9,92.7,False,2,82.27744570401609,66.38726493313223,-0.213772060669699,0.213772060669699,0.04090102125644914,0.8060601129018544,mom0,1,WALLABY_J123703+065533_NGC_4636_Kin_TR1_AvgMod.txt,False,n_outer 2 < 4
J123803-021549,189.512823,-2.263292,2571.6,NGC4636,False,1,39.7,215.8,False,1,106.53217122694016,87.77181956480764,-0.19310310185280335,0.19310310185280335,0.024654306470888714,0.6077567798220448,mom0,1,WALLABY_J123803-021549_NGC_4636_Kin_TR1_AvgMod.txt,False,"sanity ratio 0.608 outside [0.8,1.2]"
J123805-000137,189.522041,-0.026958,3747.0,NGC4636,False,1,73.6,117.0,False,3,163.52511566063959,166.38022447125664,0.017308654715777447,-0.017308654715777447,0.029074364426265202,0.9826547559768013,mom0,1,WALLABY_J123805-000137_NGC_4636_Kin_TR1_AvgMod.txt,False,inc 73.6 >= 70
J123835+012413,189.649124,1.403165,5195.4,NGC4636,False,1,80.7,149.2,False,3,158.56903559991426,166.37703923787117,0.04805722698361386,-0.04805722698361386,0.0371670474469617,1.0631926171566843,mom0,1,WALLABY_J123835+012413_NGC_4636_Kin_TR1_AvgMod.txt,False,inc 80.7 >= 70
J123911+004305,189.797209,0.71799,5091.0,NGC4636,False,1,52.2,253.3,False,3,134.45878917950245,126.93172663351716,-0.05759246866760552,0.05759246866760552,0.01640817773731868,0.9195982166281074,mom0,1,WALLABY_J123911+004305_NGC_4636_Kin_TR1_AvgMod.txt,False,n_outer 3 < 4
J123917-003149,189.825456,-0.531074,1064.7,NGC4636,False,1,75.7,275.3,False,23,111.5580384359746,100.62540952066634,-0.10304883835747931,0.10304883835747931,0.0036015437034031253,1.0077724702777746,mom0,1,WALLABY_J123917-003149_NGC_4636_Kin_TR1_AvgMod.txt,False,inc 75.7 >= 70
J123949+014016,189.959857,1.672093,1217.7,NGC4636,False,1,62.3,267.2,False,2,56.0232877307555,41.17981920768892,-0.3054114007377658,0.3054114007377658,0.01898750946335931,0.8661940330469977,mom0,1,WALLABY_J123949+014016_NGC_4636_Kin_TR1_AvgMod.txt,False,n_outer 2 < 4
J123954-004804,189.978588,-0.799811,4443.3,NGC4636,False,1,37.1,165.4,False,1,85.79235887619232,65.02061300059694,-0.27546365033593295,0.27546365033593295,0.03225140759796433,0.6700735794145212,mom0,1,WALLABY_J123954-004804_NGC_4636_Kin_TR1_AvgMod.txt,False,"sanity ratio 0.670 outside [0.8,1.2]"
J123955-000822,189.979782,-0.13893,3057.8,NGC4636,False,1,59.2,252.4,False,1,68.25093557168186,49.49472752881226,-0.3185885161113996,0.3185885161113996,0.03525853618090085,0.7532862172209359,mom0,1,WALLABY_J123955-000822_NGC_4636_Kin_TR1_AvgMod.txt,False,"sanity ratio 0.753 outside [0.8,1.2]"
J124111+012435,190.296501,1.411648,1701.7,NGC4636,False,1,68.9,317.6,False,3,84.36319468688252,73.04291419328025,-0.14383533871891444,0.14383533871891444,0.026438345122498135,0.9295632555367309,mom0,1,WALLABY_J124111+012435_NGC_4636_Kin_TR1_AvgMod.txt,False,n_outer 3 < 4
J124111-013526,190.295266,-1.590033,3997.2,NGC4636,False,1,66.9,71.7,False,3,109.16140796829562,98.62818589456555,-0.10138353781741238,0.10138353781741238,0.024597437182119843,0.9661877876247664,mom0,1,WALLABY_J124111-013526_NGC_4636_Kin_TR1_AvgMod.txt,False,n_outer 3 < 4
J124231+035729,190.628779,3.958377,745.1,NGC4636,False,1,39.2,192.4,False,3,99.90858965853745,88.45470088705942,-0.12161487239155451,0.12161487239155451,0.03322459818389516,0.806697474264181,mom0,1,WALLABY_J124231+035729_NGC_4636_Kin_TR1_AvgMod.txt,False,n_outer 3 < 4
J124232-012111,190.636849,-1.350562,1111.8,NGC4636,False,1,67.6,312.3,False,6,81.64366662912661,83.1397079378162,0.0181576729159873,-0.0181576729159873,0.007671742038788369,0.9533097075007593,mom0,1,WALLABY_J124232-012111_NGC_4636_Kin_TR1_AvgMod.txt,True,pass
J124240+012047,190.669112,1.346576,5019.8,NGC4636,False,1,54.5,153.6,False,3,147.02734581099412,164.70087612835803,0.11339063372197569,-0.11339063372197569,0.013446755069448793,0.8709172958616951,mom0,1,WALLABY_J124240+012047_NGC_4636_Kin_TR1_AvgMod.txt,False,n_outer 3 < 4
J124257-011345,190.738677,-1.229327,3210.7,NGC4636,False,1,76.4,247.7,False,5,159.19343736121021,170.18068789935407,0.06671592997447484,-0.06671592997447484,0.019764198573017814,1.0273872124182502,mom0,1,WALLABY_J124257-011345_NGC_4636_Kin_TR1_AvgMod.txt,False,inc 76.4 >= 70
J124317-003841,190.822991,-0.643982,2640.5,NGC4636,False,1,67.6,215.9,False,3,161.9881758316819,150.55523580826298,-0.07316065287333495,0.07316065287333495,0.035082234319508965,0.9308996823059587,mom0,1,WALLABY_J124317-003841_NGC_4636_Kin_TR1_AvgMod.txt,False,n_outer 3 < 4
J124350-003344,190.961189,-0.560872,2620.5,NGC4636,False,1,41.6,194.5,False,5,163.38644093367978,124.46277682551874,-0.27044481420632377,0.27044481420632377,0.007929966509961901,1.0033416019003643,mom0,1,WALLABY_J124350-003344_NGC_4636_Kin_TR1_AvgMod.txt,True,pass
J124428+002815,191.11717,0.467885,1177.0,NGC4636,False,1,28.5,12.9,False,4,115.66274484063297,105.68848273247688,-0.09012158836897975,0.09012158836897975,0.017406060306876133,0.96422323150122,mom0,1,WALLABY_J124428+002815_NGC_4636_Kin_TR1_AvgMod.txt,True,pass
J124428-030017,191.117297,-3.004968,7155.4,NGC4636,False,1,58.2,148.9,False,1,164.62519065973663,153.16740795707398,-0.07210855603643729,0.07210855603643729,0.03308520019874532,0.7427336794911379,mom0,1,WALLABY_J124428-030017_NGC_4636_Kin_TR1_AvgMod.txt,False,"sanity ratio 0.743 outside [0.8,1.2]"
J124433-021916,191.139598,-2.320123,1587.4,NGC4636,False,1,64.8,267.4,False,4,66.43722850175784,58.283295391616896,-0.13075527356045832,0.13075527356045832,0.021073910874580024,0.8562240687492831,mom0,1,WALLABY_J124433-021916_NGC_4636_Kin_TR1_AvgMod.txt,True,pass
J124508-002747,191.286911,-0.460497,1518.8,NGC4636,False,1,74.5,223.7,False,10,218.33975260724188,159.25375638379703,-0.3129608683228031,0.3129608683228031,0.01842646669053406,0.9885112977999233,mom0,1,WALLABY_J124508-002747_NGC_4636_Kin_TR1_AvgMod.txt,False,inc 74.5 >= 70
J124519-004538,191.329758,-0.759807,6898.8,NGC4636,False,1,36.0,296.9,False,2,38.84637624982146,59.395327439318315,0.41833458537157797,-0.41833458537157797,0.049071824716260495,0.576013380609563,mom0,1,WALLABY_J124519-004538_NGC_4636_Kin_TR1_AvgMod.txt,False,"sanity ratio 0.576 outside [0.8,1.2]"
J124645+055723,191.689995,5.957367,828.5,NGC4636,False,1,40.3,210.8,False,3,107.8432405433508,86.03159087386837,-0.22500754234100354,0.22500754234100354,0.010445159478189768,0.9636149337801644,mom0,1,WALLABY_J124645+055723_NGC_4636_Kin_TR1_AvgMod.txt,False,n_outer 3 < 4
J124753-011107,191.970188,-1.18406,7012.6,NGC4636,False,1,69.9,51.6,False,2,189.66925393880322,145.1051231394143,-0.2662338210488364,0.2662338210488364,0.04350738811861418,0.9092840785897691,mom0,1,WALLABY_J124753-011107_NGC_4636_Kin_TR1_AvgMod.txt,False,n_outer 2 < 4
J124915+043926,192.315394,4.657017,2666.6,NGC4808,True,1,38.9,279.5,False,6,59.34864667486837,34.692922439107434,-0.524357993343962,0.524357993343962,0.019913110861245906,0.934155027969787,mom0,1,WALLABY_J124915+043926_NGC_4808_High-Res_Kin_TR1_AvgMod.txt,True,pass
J124947+035042,192.44916,3.842209,698.6,NGC4808,False,1,44.9,73.2,False,3,4.520093476308457,18.66012430467367,1.2200084539297293,-1.2200084539297293,0.27392989301381615,0.5971038782725718,mom0,1,WALLABY_J124947+035042_NGC_4808_Kin_TR1_AvgMod.txt,False,"sanity ratio 0.597 outside [0.8,1.2]"
J124950+025100,192.459114,2.852627,1148.9,NGC4808,False,1,74.9,183.0,False,3,120.79470592203522,98.66170338476358,-0.20170750635339,0.20170750635339,0.029027726857771108,0.9103839072934751,mom0,1,WALLABY_J124950+025100_NGC_4808_Kin_TR1_AvgMod.txt,False,inc 74.9 >= 70
J125038+012749,192.661927,1.464582,1268.0,NGC4636,False,1,81.2,176.8,False,1,79.4200287338306,82.79990962727237,0.04167035109972883,-0.04167035109972883,0.03252927757893795,0.8127251420896943,mom0,1,WALLABY_J125038+012749_NGC_4636_Kin_TR1_AvgMod.txt,False,inc 81.2 >= 70
J125451+023900,193.714347,2.649524,936.6,NGC4808,False,1,60.2,50.6,False,3,63.06078360398222,74.79231376422418,0.17020335972440243,-0.17020335972440243,0.043214264771470154,0.8630878980947769,mom0,1,WALLABY_J125451+023900_NGC_4808_Kin_TR1_AvgMod.txt,False,n_outer 3 < 4
J125515+081543,193.817809,8.265903,21410.1,NGC4808,False,1,56.3,289.0,False,1,-47.55736381803108,30.660968330484227,-9.258582069313489,9.258582069313489,49.41414021333245,0.24729215050369227,mom0,1,WALLABY_J125515+081543_NGC_4808_Kin_TR1_AvgMod.txt,False,"sanity ratio 0.247 outside [0.8,1.2]"
J125548+041805,193.954276,4.305036,758.2,NGC4808,True,1,73.2,310.6,False,20,150.4788323829833,138.20982933000303,-0.08499816362845658,0.08499816362845658,0.007320432257648641,1.0468315056940796,mom0,2,WALLABY_J125548+041805_NGC_4808_High-Res_Kin_TR1_AvgMod.txt,False,inc 73.2 >= 70
J125549+040049,193.955201,4.012316,710.3,NGC4808,True,1,57.8,22.1,False,10,107.67829906984366,61.21347609140548,-0.5502319214073742,0.5502319214073742,0.02548811797124111,1.0734645771778477,mom0,2,WALLABY_J125549+040049_NGC_4808_High-Res_Kin_TR1_AvgMod.txt,True,pass
J125604+034843,194.01886,3.812663,613.8,NGC4808,False,1,39.0,303.4,False,3,70.16996886011566,46.790429052867694,-0.3997855722864754,0.3997855722864754,0.03143337869120031,0.9071595371950726,mom0,1,WALLABY_J125604+034843_NGC_4808_Kin_TR1_AvgMod.txt,False,n_outer 3 < 4
J125907-121329,194.779017,-12.228974,1316.4,NGC5044,False,3,41.4,159.3,False,3,37.13015851334722,39.79216301366304,0.06921279668817837,-0.06921279668817837,0.0399972117487304,0.8751347468035614,mom0,1,WALLABY_J125907-121329_NGC5044_Kin_TR3_AvgMod.txt,False,n_outer 3 < 4
J125939-145813,194.91596,-14.967898,4945.9,NGC5044,False,3,77.2,14.4,False,4,194.51961146426646,161.66484318445228,-0.18448176415906006,0.18448176415906006,0.03159175855578603,0.9890727115941139,mom0,1,WALLABY_J125939-145813_NGC5044_Kin_TR3_AvgMod.txt,False,inc 77.2 >= 70
J125956-192430,194.981316,-19.410015,830.1,NGC5044,False,3,64.5,207.4,False,4,21.79001272226189,18.975334687507846,-0.13809169864106113,0.13809169864106113,0.0507917677993998,0.8132509187512122,mom0,1,WALLABY_J125956-192430_NGC5044_Kin_TR3_AvgMod.txt,False,sigma_boot 0.0508 >= 0.05
J130017-122041,195.073021,-12.345521,1573.2,NGC5044,False,3,50.5,298.2,False,4,92.97128124925118,74.07363921574625,-0.22625820624656146,0.22625820624656146,0.01929815707752011,0.8490844421954481,mom0,1,WALLABY_J130017-122041_NGC5044_Kin_TR3_AvgMod.txt,True,pass
J130053-132655,195.219413,-13.449222,2554.3,NGC5044,False,3,37.8,146.4,False,7,181.73142966779372,163.30141476880308,-0.10683049568272236,0.10683049568272236,0.012131876981068792,0.9809758516551798,mom0,1,WALLABY_J130053-132655_NGC5044_Kin_TR3_AvgMod.txt,True,pass
J130056-135640,195.234514,-13.943902,2661.1,NGC5044,False,3,58.5,180.9,False,4,139.03522011577365,169.7860872929359,0.19914990604236382,-0.19914990604236382,0.027345069700096692,1.0790778475434895,mom0,1,WALLABY_J130056-135640_NGC5044_Kin_TR3_AvgMod.txt,True,pass
J130059-143042,195.248501,-14.510768,2630.3,NGC5044,False,3,34.2,94.5,False,5,189.04513351815427,191.77377004240907,0.014330362798394268,-0.014330362798394268,0.009733413574187366,0.9536705899842309,mom0,1,WALLABY_J130059-143042_NGC5044_Kin_TR3_AvgMod.txt,True,pass
J130148-114530,195.452581,-11.75798,5934.1,NGC5044,False,3,66.4,198.4,False,3,130.53103446113337,129.60168208364937,-0.00714521717858597,0.00714521717858597,0.021727762778031373,0.9156236167941854,mom0,1,WALLABY_J130148-114530_NGC5044_Kin_TR3_AvgMod.txt,False,n_outer 3 < 4
J130203-145302,195.513627,-14.882136,1350.0,NGC5044,False,3,55.8,355.5,False,4,92.85186236483949,98.79000335560833,0.06197122918257266,-0.06197122918257266,0.009319037215270847,0.9527243593978401,mom0,1,WALLABY_J130203-145302_NGC5044_Kin_TR3_AvgMod.txt,True,pass
J130213-145817,195.55329,-14.968444,4855.7,NGC5044,False,3,42.1,234.3,False,5,158.80400796508474,145.54829894500384,-0.08710766252872126,0.08710766252872126,0.010931336769538592,0.9429378939972604,mom0,1,WALLABY_J130213-145817_NGC5044_Kin_TR3_AvgMod.txt,True,pass
J130213-171416,195.556924,-17.236459,720.6,NGC5044,False,3,28.9,74.6,False,3,17.50616601661788,17.145560295267572,-0.020813146110219637,0.020813146110219637,0.13899764036725104,0.6865264801590331,mom0,1,WALLABY_J130213-171416_NGC5044_Kin_TR3_AvgMod.txt,False,"sanity ratio 0.687 outside [0.8,1.2]"
J130221-154600,195.584546,-15.76641,4821.2,NGC5044,False,3,81.1,64.4,False,5,176.04215861733454,166.76776728369228,-0.05410806766616134,0.05410806766616134,0.03551708421933839,0.8981915029957643,mom0,1,WALLABY_J130221-154600_NGC5044_Kin_TR3_AvgMod.txt,False,inc 81.1 >= 70
J130223-122031,195.599358,-12.341013,5130.1,NGC5044,False,3,52.0,295.9,False,3,189.52464799964426,164.5071563094498,-0.14132906357956732,0.14132906357956732,0.016622727952380092,0.8549576273286155,mom0,1,WALLABY_J130223-122031_NGC5044_Kin_TR3_AvgMod.txt,False,n_outer 3 < 4
J130225-174046,195.608283,-17.678934,4647.7,NGC5044,False,3,82.2,225.7,False,5,254.25124433254376,253.1602585011241,-0.004300201415722691,0.004300201415722691,0.02709752857491472,1.0237836858590486,mom0,1,WALLABY_J130225-174046_NGC5044_Kin_TR3_AvgMod.txt,False,inc 82.2 >= 70
J130228-204117,195.61933,-20.687097,8395.2,NGC5044,False,3,45.2,276.5,False,2,84.364511705925,64.69574234981738,-0.2639036070440657,0.2639036070440657,0.04299794393329275,0.5897786042952637,mom0,1,WALLABY_J130228-204117_NGC5044_Kin_TR3_AvgMod.txt,False,"sanity ratio 0.590 outside [0.8,1.2]"
J130235-113803,195.648757,-11.634254,3483.1,NGC5044,False,3,65.3,19.8,False,4,102.360949391467,112.28508782523053,0.09246980342566996,-0.09246980342566996,0.010511965148976789,0.9722712370292104,mom0,1,WALLABY_J130235-113803_NGC5044_Kin_TR3_AvgMod.txt,True,pass
J130305+035925,195.773704,3.990943,2852.3,NGC4808,True,1,36.7,170.8,False,7,102.75458187965684,86.53626577960878,-0.1713586927270985,0.1713586927270985,0.011595156816663873,0.9372278310545012,mom0,2,WALLABY_J130305+035925_NGC_4808_High-Res_Kin_TR1_AvgMod.txt,True,pass
J130311-172230,195.798796,-17.375574,2959.3,NGC5044,False,2,25.9,73.0,False,3,14.415580744058497,2.0565436504618937,-1.500600262308358,1.500600262308358,0.3124928150885458,0.6357303644235648,mom0,1,WALLABY_J130311-172230_NGC_5044_Kin_TR2_AvgMod.txt,False,"sanity ratio 0.636 outside [0.8,1.2]"
J130314-172514,195.817113,-17.421454,740.5,NGC5044,False,3,78.2,295.0,False,13,60.31345162391029,61.888035234023384,0.025770285625798313,-0.025770285625798313,0.006146498239517395,1.0069717570603995,mom0,1,WALLABY_J130314-172514_NGC5044_Kin_TR3_AvgMod.txt,False,inc 78.2 >= 70
J130315+074816,195.810944,7.804075,2919.8,NGC4808,False,1,32.2,353.4,False,4,218.65213396941454,196.41111052051681,-0.10716932296055064,0.10716932296055064,0.009660261124200854,0.9930177041053112,mom0,1,WALLABY_J130315+074816_NGC_4808_Kin_TR1_AvgMod.txt,True,pass
J130358+054204,195.988387,5.697337,14678.5,NGC4808,False,1,76.6,255.8,False,1,229.25652486382347,210.6576719255631,-0.08455672980776638,0.08455672980776638,0.05059620323904394,0.767779606315012,mom0,1,WALLABY_J130358+054204_NGC_4808_Kin_TR1_AvgMod.txt,False,inc 76.6 >= 70
J130415-102023,196.059594,-10.33804,3108.3,NGC5044,False,3,66.6,5.3,False,9,257.9561156406636,245.7119725337875,-0.0486198883524866,0.0486198883524866,0.0057272171193215714,1.0481578498177357,mom0,1,WALLABY_J130415-102023_NGC5044_Kin_TR3_AvgMod.txt,True,pass
J130515-165316,196.313669,-16.888128,2836.0,NGC5044,False,3,61.0,308.6,False,3,108.89182157214528,88.71907507592293,-0.20416633736699913,0.20416633736699913,0.03344914359322679,0.9392389438684716,mom0,2,WALLABY_J130515-165316_NGC5044_Kin_TR3_AvgMod.txt,False,n_outer 3 < 4
J130516-172641,196.315363,-17.444803,10737.2,NGC5044,False,3,75.7,217.7,False,3,302.3779682074571,260.6935045371708,-0.1480610035777524,0.1480610035777524,0.03584827489124445,0.9537951031297116,mom0,2,WALLABY_J130516-172641_NGC5044_Kin_TR3_AvgMod.txt,False,inc 75.7 >= 70
J130558+035723,196.494441,3.957331,7010.5,NGC4808,False,1,78.7,280.0,False,3,258.59841123935263,228.99713780419094,-0.12141732422794621,0.12141732422794621,0.03865520717048697,0.9793559114770891,mom0,1,WALLABY_J130558+035723_NGC_4808_Kin_TR1_AvgMod.txt,False,inc 78.7 >= 70
J130618-173039,196.575627,-17.510539,1468.9,NGC5044,False,3,49.8,299.4,False,4,56.453474062903354,50.264210025795556,-0.11599322249091464,0.11599322249091464,0.020786557729164892,0.9629217332345616,mom0,2,WALLABY_J130618-173039_NGC5044_Kin_TR3_AvgMod.txt,True,pass
J130618-193547,196.574371,-19.59661,4252.9,NGC5044,False,3,76.5,214.4,False,2,83.58658960980199,73.56873803529339,-0.12748981182657657,0.12748981182657657,0.050660918443011564,0.8266801193706006,mom0,2,WALLABY_J130618-193547_NGC5044_Kin_TR3_AvgMod.txt,False,inc 76.5 >= 70
J130739+062006,196.912347,6.336782,7149.5,NGC4808,False,1,44.2,56.8,False,3,231.89135435380732,205.7613605638579,-0.11940971870751543,0.11940971870751543,0.011379086688885964,0.7628399794242489,mom0,1,WALLABY_J130739+062006_NGC_4808_Kin_TR1_AvgMod.txt,False,"sanity ratio 0.763 outside [0.8,1.2]"
J130758-121123,196.993257,-12.188885,12542.1,NGC5044,False,3,48.2,335.9,False,2,163.21261090652735,123.48923281007767,-0.27710584334933597,0.27710584334933597,0.0353946300572651,0.6127099121012478,mom0,2,WALLABY_J130758-121123_NGC5044_Kin_TR3_AvgMod.txt,False,"sanity ratio 0.613 outside [0.8,1.2]"
J130802+062900,197.010991,6.483947,7133.0,NGC4808,False,1,62.9,136.2,False,2,136.35185181462384,120.14717787283507,-0.12635271144326726,0.12635271144326726,0.07228378048450561,0.6199555110978893,mom0,1,WALLABY_J130802+062900_NGC_4808_Kin_TR1_AvgMod.txt,False,"sanity ratio 0.620 outside [0.8,1.2]"
J130806-144640,197.026313,-14.776906,2589.2,NGC5044,False,3,40.2,1.0,False,3,75.03723222624134,51.34515078561693,-0.3749269617491137,0.3749269617491137,0.020132778625856437,0.8099716706618508,mom0,2,WALLABY_J130806-144640_NGC5044_Kin_TR3_AvgMod.txt,False,n_outer 3 < 4
J130815-210002,197.063744,-21.000316,1638.1,NGC5044,False,3,78.5,354.5,False,4,92.27415061741667,72.68784372215109,-0.23746447748380078,0.23746447748380078,0.03448685528896943,0.9884679211308018,mom0,1,WALLABY_J130815-210002_NGC5044_Kin_TR3_AvgMod.txt,False,inc 78.5 >= 70
J130818-143213,197.074687,-14.536849,2669.9,NGC5044,False,2,52.0,278.6,False,3,99.44787871962684,75.80191441200577,-0.26985440479076916,0.26985440479076916,0.017659858460528508,0.8339278719968994,mom0,1,WALLABY_J130818-143213_NGC_5044_Kin_TR2_AvgMod.txt,False,n_outer 3 < 4
J130854-163609,197.228125,-16.601694,2574.8,NGC5044,False,3,76.5,160.5,False,4,113.07877662127657,92.83121079772755,-0.19666424224821558,0.19666424224821558,0.024559349239854103,0.9133277086693001,mom0,2,WALLABY_J130854-163609_NGC5044_Kin_TR3_AvgMod.txt,False,inc 76.5 >= 70
J130906+051433,197.277213,5.242832,3598.4,NGC4808,False,1,50.2,172.5,False,3,85.0718886065542,78.32072134164973,-0.08263736367323604,0.08263736367323604,0.014851920564420376,0.9267303903160422,mom0,1,WALLABY_J130906+051433_NGC_4808_Kin_TR1_AvgMod.txt,False,n_outer 3 < 4
J130943-163617,197.43417,-16.599135,2564.6,NGC5044,False,3,65.4,270.0,False,6,176.49994278999566,164.16923085324865,-0.07239112247743307,0.07239112247743307,0.015605163842080468,0.9648153265946423,mom0,2,WALLABY_J130943-163617_NGC5044_Kin_TR3_AvgMod.txt,True,pass
J130947-101916,197.447852,-10.31842,1211.1,NGC5044,False,3,48.4,329.6,False,4,120.03543548786638,109.25331889039694,-0.09404836819586813,0.09404836819586813,0.0096315638692657,0.9635316874156209,mom0,1,WALLABY_J130947-101916_NGC5044_Kin_TR3_AvgMod.txt,True,pass
J131029-213510,197.622229,-21.585399,7042.7,NGC5044,False,3,70.6,259.0,False,2,88.56699220271054,108.53919448597702,0.2026542405268169,-0.2026542405268169,0.04628913437211735,0.726139594072171,mom0,1,WALLABY_J131029-213510_NGC5044_Kin_TR3_AvgMod.txt,False,inc 70.6 >= 70
J131035-214450,197.647489,-21.746934,2955.6,NGC5044,False,3,65.4,94.9,False,3,118.66303169785512,108.57977090394684,-0.08874437983038962,0.08874437983038962,0.02077855400903672,0.8712713082283957,mom0,1,WALLABY_J131035-214450_NGC5044_Kin_TR3_AvgMod.txt,False,n_outer 3 < 4
J131051-205740,197.712949,-20.962602,10701.7,NGC5044,False,3,75.8,345.0,False,2,259.2826641408074,181.86124026528174,-0.3510030314473366,0.3510030314473366,0.05073396765493183,1.0817959380024271,mom0,1,WALLABY_J131051-205740_NGC5044_Kin_TR3_AvgMod.txt,False,inc 75.8 >= 70
J131115-180605,197.812184,-18.101422,2742.2,NGC5044,False,3,65.3,4.4,False,2,56.5172598252301,35.653159104261505,-0.45272878138764205,0.45272878138764205,0.04521452326469882,0.7156847877185804,mom0,2,WALLABY_J131115-180605_NGC5044_Kin_TR3_AvgMod.txt,False,"sanity ratio 0.716 outside [0.8,1.2]"
J131122+032431,197.847218,3.411078,3043.3,NGC4808,False,1,67.4,107.8,False,3,98.77782028157843,70.54302877025538,-0.3335063776189735,0.3335063776189735,0.012177463867290418,0.8683487996123846,mom0,1,WALLABY_J131122+032431_NGC_4808_Kin_TR1_AvgMod.txt,False,n_outer 3 < 4
J131206+052832,198.027351,5.47534,916.0,NGC4808,False,1,56.0,142.8,False,2,31.72201250430216,40.786972988851005,0.2500368864050601,-0.2500368864050601,0.03481255117510487,0.9842147052130755,mom0,1,WALLABY_J131206+052832_NGC_4808_Kin_TR1_AvgMod.txt,False,n_outer 2 < 4
J131208+025916,198.035592,2.989279,3031.5,NGC4808,False,1,81.9,220.2,False,2,76.00747176563735,88.35350612665381,0.1502307240968967,-0.1502307240968967,0.06491039473434954,0.9317746121619102,mom0,1,WALLABY_J131208+025916_NGC_4808_Kin_TR1_AvgMod.txt,False,inc 81.9 >= 70
J131232+071059,198.13829,7.185402,897.5,NGC4808,False,1,81.1,238.0,False,3,71.90046417660555,65.53714933470253,-0.09259932094760157,0.09259932094760157,0.03855323419176619,0.9727662226311232,mom0,1,WALLABY_J131232+071059_NGC_4808_Kin_TR1_AvgMod.txt,False,inc 81.1 >= 70
J131234-173225,198.146793,-17.541571,2750.0,NGC5044,False,3,65.3,307.6,False,4,211.01797716375467,185.42957233521125,-0.12908847518862093,0.12908847518862093,0.018247194570570186,0.9500544653355774,mom0,2,WALLABY_J131234-173225_NGC5044_Kin_TR3_AvgMod.txt,True,pass
J131237-142630,198.156527,-14.441519,6221.3,NGC5044,False,3,79.0,60.2,False,4,133.88854823265186,174.25075488086742,0.2619737647251446,-0.2619737647251446,0.04005343759855966,1.0741688228849644,mom0,2,WALLABY_J131237-142630_NGC5044_Kin_TR3_AvgMod.txt,False,inc 79.0 >= 70
J131321-185558,198.33855,-18.93117,6147.0,NGC5044,False,3,42.2,10.0,False,2,119.763798939575,121.56118281150606,0.014895961942183044,-0.014895961942183044,0.022179293780098825,0.7763700468557391,mom0,1,WALLABY_J131321-185558_NGC5044_Kin_TR3_AvgMod.txt,False,"sanity ratio 0.776 outside [0.8,1.2]"
J131334-152553,198.392238,-15.431687,2501.8,NGC5044,False,3,23.0,50.2,False,4,78.66294241660945,75.95367503422604,-0.03504497028910752,0.03504497028910752,0.014994614762510598,0.9542214853480062,mom0,2,WALLABY_J131334-152553_NGC5044_Kin_TR3_AvgMod.txt,True,pass
J131400-164707,198.501531,-16.783703,3076.0,NGC5044,False,3,63.2,99.9,False,3,85.24194159922338,77.5818585694464,-0.09409045878848027,0.09409045878848027,0.02515202453648639,0.9745516578937139,mom0,2,WALLABY_J131400-164707_NGC5044_Kin_TR3_AvgMod.txt,False,n_outer 3 < 4
J131430-173154,198.625683,-17.533149,2477.0,NGC5044,False,3,60.3,152.7,False,3,100.06786902551754,79.18678910576546,-0.23297670629523212,0.23297670629523212,0.024378240300641087,0.7451803329383504,mom0,2,WALLABY_J131430-173154_NGC5044_Kin_TR3_AvgMod.txt,False,"sanity ratio 0.745 outside [0.8,1.2]"
J131431-162247,198.629712,-16.380289,1476.7,NGC5044,False,3,38.6,268.0,False,2,56.34203288427488,50.30832798312237,-0.11314926367018042,0.11314926367018042,0.03961769931140052,0.6540891015431503,mom0,1,WALLABY_J131431-162247_NGC5044_Kin_TR3_AvgMod.txt,False,"sanity ratio 0.654 outside [0.8,1.2]"
J131658-163757,199.242064,-16.633541,1736.7,NGC5044,False,3,60.6,336.6,False,7,205.10481103307416,168.15162784514226,-0.19800426376563451,0.19800426376563451,0.009541905442812904,1.0210407291079964,mom0,2,WALLABY_J131658-163757_NGC5044_Kin_TR3_AvgMod.txt,True,pass
J131702-104612,199.258943,-10.768538,2831.1,NGC5044,False,3,62.9,52.6,False,3,154.939852697331,126.00516381973891,-0.20598115059167843,0.20598115059167843,0.021057298960679448,0.9649043974427824,mom0,1,WALLABY_J131702-104612_NGC5044_Kin_TR3_AvgMod.txt,False,n_outer 3 < 4
J131706-161516,199.27593,-16.254453,2635.0,NGC5044,False,3,77.1,171.0,False,4,152.37332620707068,148.76450510354437,-0.023967902590119366,0.023967902590119366,0.027682668480158792,1.0259874950019863,mom0,2,WALLABY_J131706-161516_NGC5044_Kin_TR3_AvgMod.txt,False,inc 77.1 >= 70
J131712-171511,199.301457,-17.253316,2518.9,NGC5044,False,3,52.5,225.1,False,3,127.94841472132363,132.73336220212528,0.036711023971627926,-0.036711023971627926,0.01554098124199835,0.92570436606267,mom0,2,WALLABY_J131712-171511_NGC5044_Kin_TR3_AvgMod.txt,False,n_outer 3 < 4
J131739-213708,199.41616,-21.61854,2926.9,NGC5044,False,3,44.1,228.6,False,3,82.81293996826486,70.58755065872,-0.15939178889945832,0.15939178889945832,0.01749342031558076,0.8933315528532357,mom0,1,WALLABY_J131739-213708_NGC5044_Kin_TR3_AvgMod.txt,False,n_outer 3 < 4
J131830-143635,199.62483,-14.609513,2900.9,NGC5044,False,3,57.4,170.1,False,3,112.17570491438651,102.36765823576904,-0.09143183489440289,0.09143183489440289,0.026744597907207904,0.8354602517757121,mom0,2,WALLABY_J131830-143635_NGC5044_Kin_TR3_AvgMod.txt,False,n_outer 3 < 4
J131840-150339,199.666488,-15.061406,3182.0,NGC5044,False,3,79.3,24.3,False,3,104.28102302664452,77.0626495316472,-0.30018553292779665,0.30018553292779665,0.04310310024078277,0.9408775103861283,mom0,2,WALLABY_J131840-150339_NGC5044_Kin_TR3_AvgMod.txt,False,inc 79.3 >= 70
J131920-145037,199.835243,-14.844065,2749.3,NGC5044,False,3,80.4,148.5,False,6,211.49080387163625,210.57757424410613,-0.004327401316379511,0.004327401316379511,0.02377713903609977,1.056243842914428,mom0,1,WALLABY_J131920-145037_NGC5044_Kin_TR3_AvgMod.txt,False,inc 80.4 >= 70
J132017-144841,200.071105,-14.811025,2911.4,NGC5044,False,3,73.5,242.1,False,4,113.75225023563434,102.01248250603568,-0.10882007991226629,0.10882007991226629,0.03135674468473094,0.8655022696729144,mom0,1,WALLABY_J132017-144841_NGC5044_Kin_TR3_AvgMod.txt,False,inc 73.5 >= 70
J132043-220256,200.181121,-22.048041,2089.0,NGC5044,False,3,75.5,344.5,False,3,112.67051188880826,84.09142817498218,-0.2904940224167408,0.2904940224167408,0.027837534622346373,0.9163136548893152,mom0,2,WALLABY_J132043-220256_NGC5044_Kin_TR3_AvgMod.txt,False,inc 75.5 >= 70
J132050-232904,200.207541,-23.481785,2065.9,NGC5044,False,3,80.1,308.1,False,2,62.01888735202476,44.719599635981005,-0.32414339390041536,0.32414339390041536,0.08948665340935158,0.7904277275736918,mom0,2,WALLABY_J132050-232904_NGC5044_Kin_TR3_AvgMod.txt,False,inc 80.1 >= 70
J132119-130231,200.330205,-13.041257,1295.5,NGC5044,False,3,37.4,150.9,False,2,77.653644814882,31.781333873207082,-0.8383482409663533,0.8383482409663533,0.04784448995955982,0.6019634323210397,mom0,1,WALLABY_J132119-130231_NGC5044_Kin_TR3_AvgMod.txt,False,"sanity ratio 0.602 outside [0.8,1.2]"
J132148-131222,200.453827,-13.205809,2897.3,NGC5044,False,3,50.0,141.5,False,3,129.78440464104236,115.64567830038975,-0.11521591950915477,0.11521591950915477,0.007599038112737594,0.8712389986860344,mom0,1,WALLABY_J132148-131222_NGC5044_Kin_TR3_AvgMod.txt,False,n_outer 3 < 4
J132202-201335,200.511695,-20.225893,1887.4,NGC5044,False,3,51.2,269.6,False,2,70.94630622263932,74.59205989756951,0.050100241910355725,-0.050100241910355725,0.020352162852129443,0.8479938860183279,mom0,1,WALLABY_J132202-201335_NGC5044_Kin_TR3_AvgMod.txt,False,n_outer 2 < 4
J132402-243938,201.014043,-24.661199,2053.2,NGC5044,False,1,53.4,137.7,False,3,78.08721268185148,73.21318162450247,-0.06442853080052187,0.06442853080052187,0.02323990818884378,0.9218864250418142,mom0,1,WALLABY_J132402-243938_NGC_5044_Kin_TR1_AvgMod.txt,False,n_outer 3 < 4
J132433-210813,201.134948,-21.137475,2658.9,NGC5044,False,3,52.7,139.0,False,5,165.8010566575542,173.20811253467858,0.04369826276246976,-0.04369826276246976,0.008621903819262436,0.954841818188621,mom0,2,WALLABY_J132433-210813_NGC5044_Kin_TR3_AvgMod.txt,True,pass
J132441-194214,201.17364,-19.69686,1962.7,NGC5044,False,3,63.1,180.6,False,4,98.04497575492128,100.7243257010334,0.02695939389519693,-0.02695939389519693,0.02527738738121614,0.9885124715191104,mom0,2,WALLABY_J132441-194214_NGC5044_Kin_TR3_AvgMod.txt,True,pass
J132500-240035,201.253935,-24.008953,7393.6,NGC5044,False,3,77.1,35.7,False,2,136.36186273394054,91.21721465874059,-0.39673812366594813,0.39673812366594813,0.05789408806653082,0.7410539248544696,mom0,2,WALLABY_J132500-240035_NGC5044_Kin_TR3_AvgMod.txt,False,inc 77.1 >= 70
J132519-210812,201.325031,-21.134628,1747.5,NGC5044,False,3,61.1,326.8,False,3,86.64103669891092,49.981123557976424,-0.536661301094987,0.536661301094987,0.022294608176521662,0.8896789344454509,mom0,2,WALLABY_J132519-210812_NGC5044_Kin_TR3_AvgMod.txt,False,n_outer 3 < 4
J132529-201001,201.36856,-20.16779,8072.1,NGC5044,False,3,69.8,330.2,False,2,116.11041441714761,99.79593958244828,-0.1511254720621132,0.1511254720621132,0.028367102729692072,0.7681035300514881,mom0,1,WALLABY_J132529-201001_NGC5044_Kin_TR3_AvgMod.txt,False,"sanity ratio 0.768 outside [0.8,1.2]"
J132542-164457,201.424642,-16.748729,5396.7,NGC5044,False,3,80.7,91.5,False,2,111.78727703743242,81.98588001746654,-0.30759056076608876,0.30759056076608876,0.0659739512318508,0.8679990463588727,mom0,1,WALLABY_J132542-164457_NGC5044_Kin_TR3_AvgMod.txt,False,inc 80.7 >= 70
J132608-163111,201.53513,-16.52087,6889.5,NGC5044,False,3,20.4,168.9,False,2,184.46912860174007,199.73302383308362,0.07945762476660216,-0.07945762476660216,0.03176760161960175,0.7339577985229028,mom0,1,WALLABY_J132608-163111_NGC5044_Kin_TR3_AvgMod.txt,False,"sanity ratio 0.734 outside [0.8,1.2]"
J132635-221419,201.651667,-22.236483,1414.3,NGC5044,False,3,58.8,272.8,False,3,57.28575776351403,36.79200042454677,-0.4356769917497476,0.4356769917497476,0.01820029329692293,0.8783075295515315,mom0,3,WALLABY_J132635-221419_NGC5044_Kin_TR3_AvgMod.txt,False,n_outer 3 < 4
J132947-175747,202.452099,-17.964588,1506.8,NGC5044,False,3,84.4,307.0,False,11,270.62777703247605,280.53866732874906,0.03596332976242502,-0.03596332976242502,0.012519545185659231,1.017200575272582,mom0,1,WALLABY_J132947-175747_NGC5044_Kin_TR3_AvgMod.txt,False,inc 84.4 >= 70
J133010-240841,202.544991,-24.143509,4940.9,NGC5044,False,2,35.5,249.1,False,3,14.957796998973322,10.02356871700294,-0.39503270862527823,0.39503270862527823,0.20292767845579773,0.444948522948911,mom0,1,WALLABY_J133010-240841_NGC_5044_Kin_TR2_AvgMod.txt,False,"sanity ratio 0.445 outside [0.8,1.2]"
J133017-214446,202.571319,-21.745408,7310.0,NGC5044,False,3,37.9,72.1,False,1,121.93375096069556,128.69066971667218,0.05392067331439252,-0.05392067331439252,0.0533412869600709,0.5812893990109431,mom0,1,WALLABY_J133017-214446_NGC5044_Kin_TR3_AvgMod.txt,False,"sanity ratio 0.581 outside [0.8,1.2]"
J133019-220858,202.57821,-22.14687,5488.5,NGC5044,False,3,60.9,252.5,False,2,106.21709953022382,104.63224188611916,-0.015033081284092796,0.015033081284092796,0.04642412349221389,0.727537721765755,mom0,3,WALLABY_J133019-220858_NGC5044_Kin_TR3_AvgMod.txt,False,"sanity ratio 0.728 outside [0.8,1.2]"
J133041-233009,202.675136,-23.502205,12874.9,NGC5044,False,3,70.4,281.1,False,2,248.65140897541326,212.53131878600834,-0.15664112298711463,0.15664112298711463,0.03541843253729454,0.8643435852166215,mom0,3,WALLABY_J133041-233009_NGC5044_Kin_TR3_AvgMod.txt,False,inc 70.4 >= 70
J133058-215044,202.742875,-21.846457,7358.5,NGC5044,False,3,68.1,163.5,False,3,204.72274492100541,186.0942039583067,-0.09533128497173429,0.09533128497173429,0.023780763790790325,0.9124207378828536,mom0,3,WALLABY_J133058-215044_NGC5044_Kin_TR3_AvgMod.txt,False,n_outer 3 < 4
J133103-150604,202.765069,-15.100933,4218.9,NGC5044,False,3,71.4,101.6,False,3,170.45385079173028,133.0747046700808,-0.24629739409379822,0.24629739409379822,0.028586523401988424,0.9162057091877874,mom0,1,WALLABY_J133103-150604_NGC5044_Kin_TR3_AvgMod.txt,False,inc 71.4 >= 70
J133103-160750,202.763712,-16.128999,5836.5,NGC5044,False,3,70.9,85.4,False,4,210.9820001715024,202.3353639527253,-0.04184017885190156,0.04184017885190156,0.02301264981809905,1.0217828771442559,mom0,1,WALLABY_J133103-160750_NGC5044_Kin_TR3_AvgMod.txt,False,inc 70.9 >= 70
J133115-250859,202.812307,-25.149013,7960.2,NGC5044,False,1,26.9,184.6,False,2,118.51306410917408,74.8357951723569,-0.4517975342509747,0.4517975342509747,0.05168174225819023,0.8709692390940259,mom0,1,WALLABY_J133115-250859_NGC_5044_Kin_TR1_AvgMod.txt,False,n_outer 2 < 4
J133138-232047,202.91146,-23.347136,7502.6,NGC5044,False,3,57.6,287.0,False,2,106.24688467603679,95.89603828195945,-0.10241116772837171,0.10241116772837171,0.030524273231188045,0.8368618508663102,mom0,1,WALLABY_J133138-232047_NGC5044_Kin_TR3_AvgMod.txt,False,n_outer 2 < 4
J133208-225710,203.034759,-22.951624,5054.9,NGC5044,False,3,49.2,53.2,False,1,139.25907377008136,112.43439681219992,-0.21315353867403694,0.21315353867403694,0.024833416210383902,0.6727061546917069,mom0,3,WALLABY_J133208-225710_NGC5044_Kin_TR3_AvgMod.txt,False,"sanity ratio 0.673 outside [0.8,1.2]"
J133209-245132,203.036439,-24.859717,7789.6,NGC5044,False,3,82.3,323.7,False,2,200.88882059895658,203.4990445780049,0.012909506955190584,-0.012909506955190584,0.06134460228359265,0.9783467824680634,mom0,2,WALLABY_J133209-245132_NGC5044_Kin_TR3_AvgMod.txt,False,inc 82.3 >= 70
J133214-210542,203.057901,-21.094759,5806.7,NGC5044,False,3,55.7,85.6,False,2,52.9300843475792,67.7593044137474,0.24574190354869102,-0.24574190354869102,0.03871588423443053,0.649481645298446,mom0,3,WALLABY_J133214-210542_NGC5044_Kin_TR3_AvgMod.txt,False,"sanity ratio 0.649 outside [0.8,1.2]"
J133314-160715,203.305758,-16.120597,6116.8,NGC5044,False,3,64.0,122.3,False,4,357.30309328157034,311.28355491696243,-0.13766215190986789,0.13766215190986789,0.014532384064499674,0.9484201046222628,mom0,1,WALLABY_J133314-160715_NGC5044_Kin_TR3_AvgMod.txt,True,pass
J133329-211151,203.374801,-21.194827,7093.9,NGC5044,False,3,46.0,145.3,False,1,107.89357530067608,87.30588848170976,-0.21093999358438897,0.21093999358438897,0.027798545125265545,0.7190770185422014,mom0,3,WALLABY_J133329-211151_NGC5044_Kin_TR3_AvgMod.txt,False,"sanity ratio 0.719 outside [0.8,1.2]"
J133348-244525,203.452055,-24.756139,4637.3,NGC5044,False,3,75.0,78.7,False,3,133.15074248183757,128.4731076303352,-0.035758474233116073,0.035758474233116073,0.029746763969464816,0.9460762293827095,mom0,2,WALLABY_J133348-244525_NGC5044_Kin_TR3_AvgMod.txt,False,inc 75.0 >= 70
J133439-234044,203.662239,-23.679007,2592.2,NGC5044,False,3,35.3,196.1,False,1,83.87095008169906,66.1900205446407,-0.23564994233023942,0.23564994233023942,0.05607442230117836,0.47687927392904034,mom0,1,WALLABY_J133439-234044_NGC5044_Kin_TR3_AvgMod.txt,False,"sanity ratio 0.477 outside [0.8,1.2]"
J133440-234722,203.664651,-23.789085,7805.9,NGC5044,False,3,28.1,193.6,False,2,117.95784965450065,177.34445855882495,0.4022089042488864,-0.4022089042488864,0.02165886463764216,0.7939962207736104,mom0,3,WALLABY_J133440-234722_NGC5044_Kin_TR3_AvgMod.txt,False,"sanity ratio 0.794 outside [0.8,1.2]"
J133541-240428,203.923112,-24.074926,2558.9,NGC5044,False,3,81.7,318.2,False,2,159.36114450123083,130.32348336962337,-0.20047774951008362,0.20047774951008362,0.04486428913139493,1.0537396948593647,mom0,3,WALLABY_J133541-240428_NGC5044_Kin_TR3_AvgMod.txt,False,inc 81.7 >= 70
J133610-234710,204.040657,-23.787284,11360.2,NGC5044,False,1,25.1,126.9,False,2,153.85081474704538,87.95092375913426,-0.5450737566655415,0.5450737566655415,0.03292575104037682,0.7382451132046616,mom0,1,WALLABY_J133610-234710_NGC_5044_Kin_TR1_AvgMod.txt,False,"sanity ratio 0.738 outside [0.8,1.2]"
J133741-150605,204.419069,-15.103829,7992.2,NGC5044,False,3,43.4,171.8,False,2,155.11863630063527,164.83238527543034,0.06072022478281543,-0.06072022478281543,0.020475069804282008,0.8148326073404761,mom0,1,WALLABY_J133741-150605_NGC5044_Kin_TR3_AvgMod.txt,False,n_outer 2 < 4
J133756-240727,204.48578,-24.124762,9127.6,NGC5044,False,3,46.5,248.6,False,2,129.11825342437177,94.18008555582186,-0.3129281483069956,0.3129281483069956,0.028277885841723974,0.7820119764656526,mom0,3,WALLABY_J133756-240727_NGC5044_Kin_TR3_AvgMod.txt,False,"sanity ratio 0.782 outside [0.8,1.2]"
J133801-225524,204.503015,-22.92397,6970.7,NGC5044,False,3,69.2,249.8,False,2,191.4326315920823,145.24809647717672,-0.27435211620075206,0.27435211620075206,0.03303706316655468,0.7545808590742049,mom0,3,WALLABY_J133801-225524_NGC5044_Kin_TR3_AvgMod.txt,False,"sanity ratio 0.755 outside [0.8,1.2]"
J133802-175254,204.511388,-17.883903,1355.4,NGC5044,False,3,21.0,95.1,False,6,139.79693811246804,136.650630127593,-0.022762421133998657,0.022762421133998657,0.011275148259237346,0.8489961553958635,mom0,1,WALLABY_J133802-175254_NGC5044_Kin_TR3_AvgMod.txt,True,pass
J133811-204047,204.545191,-20.679084,12918.7,NGC5044,False,2,31.9,18.3,False,1,141.215234313664,146.63711017758703,0.03767122948750422,-0.03767122948750422,0.03391354526916538,0.6847858360352044,mom0,1,WALLABY_J133811-204047_NGC_5044_Kin_TR2_AvgMod.txt,False,"sanity ratio 0.685 outside [0.8,1.2]"
J133949-220132,204.958787,-22.025207,5839.8,NGC5044,False,3,67.5,55.3,False,2,143.80629518826743,124.1876133057089,-0.1464114016084026,0.1464114016084026,0.03161469891414395,0.8020553408953174,mom0,2,WALLABY_J133949-220132_NGC5044_Kin_TR3_AvgMod.txt,False,n_outer 2 < 4
J134019-235122,205.080261,-23.858877,6503.7,NGC5044,False,3,34.5,319.4,False,2,194.42108576832555,213.76653086742755,0.0947870259198232,-0.0947870259198232,0.013976447616728735,0.908670075995694,mom0,3,WALLABY_J134019-235122_NGC5044_Kin_TR3_AvgMod.txt,False,n_outer 2 < 4
J134501-155202,206.256117,-15.866578,8888.3,NGC5044,False,3,70.0,264.0,False,2,170.30384216157523,181.84609971194948,0.06555308508055735,-0.06555308508055735,0.034807582661276565,0.9256181235381696,mom0,1,WALLABY_J134501-155202_NGC5044_Kin_TR3_AvgMod.txt,False,inc 70.0 >= 70
J163512-580438,248.809173,-58.079016,2739.6,Norma,False,1,39.6,183.6,False,4,199.69948731698062,185.508548014045,-0.07367935246075925,0.07367935246075925,0.011004716300969705,0.9726037260973437,mom0,1,WALLABY_J163512-580438_Norma_Kin_TR1_AvgMod.txt,True,pass
J163518-581311,248.829433,-58.217355,1552.9,Norma,False,1,53.0,135.8,False,5,156.80514544176376,135.01526853355185,-0.14933757793966437,0.14933757793966437,0.011648764149052497,1.0401366605768332,mom0,1,WALLABY_J163518-581311_Norma_Kin_TR1_AvgMod.txt,True,pass
J163650-601632,249.21597,-60.275715,3402.2,Norma,False,1,54.5,107.7,False,5,164.41215909096974,130.38586994909468,-0.23084475328870482,0.23084475328870482,0.008105018012452898,1.006241839380141,mom0,1,WALLABY_J163650-601632_Norma_Kin_TR1_AvgMod.txt,True,pass
J163916-601108,249.823589,-60.187411,3347.3,Norma,False,1,49.3,301.4,False,2,51.86500338105249,61.57875191737091,0.17125223879914028,-0.17125223879914028,0.058562528789879394,0.7384901897527091,mom0,1,WALLABY_J163916-601108_Norma_Kin_TR1_AvgMod.txt,False,"sanity ratio 0.738 outside [0.8,1.2]"
J163924-565221,249.85138,-56.872187,1465.8,Norma,False,1,43.4,250.0,False,5,70.0706458397032,65.57087072941881,-0.06634805071633557,0.06634805071633557,0.010046906819909222,0.9554355847838657,mom0,1,WALLABY_J163924-565221_Norma_Kin_TR1_AvgMod.txt,True,pass
J164052-602341,250.218985,-60.394501,5266.6,Norma,False,1,64.6,284.1,False,4,251.46497686773986,221.13614015904724,-0.12834856125392347,0.12834856125392347,0.01604792233506538,0.9749288754299206,mom0,1,WALLABY_J164052-602341_Norma_Kin_TR1_AvgMod.txt,True,pass
J164107-605902,250.280593,-60.981512,3492.5,Norma,False,1,71.8,317.9,False,2,92.61740102059505,73.64347005690237,-0.2282428913156429,0.2282428913156429,0.04905233456862967,0.9097634498146968,mom0,1,WALLABY_J164107-605902_Norma_Kin_TR1_AvgMod.txt,False,inc 71.8 >= 70
J164157-622910,250.489276,-62.485335,4391.3,Norma,False,1,52.2,125.6,False,2,107.17918911849553,123.1662570089789,0.13880949816247762,-0.13880949816247762,0.021321277070238998,0.7926861804186444,mom0,1,WALLABY_J164157-622910_Norma_Kin_TR1_AvgMod.txt,False,"sanity ratio 0.793 outside [0.8,1.2]"
J164219-595904,250.582885,-59.984511,5469.9,Norma,False,1,64.9,303.7,False,2,85.59246680642667,56.193678365526,-0.41469197720619283,0.41469197720619283,0.033903830236162925,0.8860688162585023,mom0,1,WALLABY_J164219-595904_Norma_Kin_TR1_AvgMod.txt,False,n_outer 2 < 4
J164249-610527,250.706694,-61.089815,4459.2,Norma,False,1,78.4,191.0,False,2,161.93348117203558,167.4636002994818,0.03357721994828549,-0.03357721994828549,0.05005045054668371,1.026864142126609,mom0,1,WALLABY_J164249-610527_Norma_Kin_TR1_AvgMod.txt,False,inc 78.4 >= 70
J164508-611614,251.285385,-61.269765,3669.2,Norma,False,1,73.8,136.2,False,2,96.06624542105357,67.53605306318588,-0.3487749575916396,0.3487749575916396,0.03170926986282608,0.8283802314676163,mom0,1,WALLABY_J164508-611614_Norma_Kin_TR1_AvgMod.txt,False,inc 73.8 >= 70
J164739-570817,251.915593,-57.13786,804.8,Norma,False,1,69.7,249.5,False,1,25.62353495093777,26.33147359919445,0.0272519885190117,-0.0272519885190117,0.05428711179345915,0.8024770103889476,mom0,1,WALLABY_J164739-570817_Norma_Kin_TR1_AvgMod.txt,False,n_outer 1 < 4
J164740-600851,251.919674,-60.147661,3270.9,Norma,False,1,64.3,207.3,False,4,127.44720722681274,135.53577196173677,0.06151397904063456,-0.06151397904063456,0.017198403805812626,0.9304576228254273,mom0,1,WALLABY_J164740-600851_Norma_Kin_TR1_AvgMod.txt,True,pass
J164749-613936,251.954167,-61.660013,5247.9,Norma,False,1,50.0,0.8,False,1,90.06934764284543,79.56457540951342,-0.1238522583727504,0.1238522583727504,0.033046129252837946,0.7174865827112653,mom0,1,WALLABY_J164749-613936_Norma_Kin_TR1_AvgMod.txt,False,"sanity ratio 0.717 outside [0.8,1.2]"
J165103-600109,252.764345,-60.018129,5797.5,Norma,False,1,55.2,261.8,False,2,173.90434010391309,139.66633348500653,-0.21837505546702626,0.21837505546702626,0.016818892101167642,0.8434237307315152,mom0,1,WALLABY_J165103-600109_Norma_Kin_TR1_AvgMod.txt,False,n_outer 2 < 4
J165348-590530,253.453947,-59.09167,1648.1,Norma,False,1,23.3,191.1,False,2,34.13159613740467,40.26540526587754,0.16489398800426008,-0.16489398800426008,0.04855587392535012,0.63306591669492,mom0,1,WALLABY_J165348-590530_Norma_Kin_TR1_AvgMod.txt,False,"sanity ratio 0.633 outside [0.8,1.2]"
J165419-615311,253.582731,-61.883923,4512.1,Norma,False,1,36.4,285.2,False,1,127.28173990765848,96.05453937334192,-0.27964288323283715,0.27964288323283715,0.02071419721870225,0.8489816837404796,mom0,1,WALLABY_J165419-615311_Norma_Kin_TR1_AvgMod.txt,False,n_outer 1 < 4
J165644-622413,254.184535,-62.400595,5098.8,Norma,False,1,65.6,50.5,False,3,211.53776385360675,187.29161731921727,-0.1215865614669093,0.1215865614669093,0.026624866115847037,0.9481387574198101,mom0,1,WALLABY_J165644-622413_Norma_Kin_TR1_AvgMod.txt,False,n_outer 3 < 4
J165724-595238,254.345126,-59.877119,3203.7,Norma,False,1,46.0,301.0,False,3,112.10293807681632,98.21880913247863,-0.13202751620850073,0.13202751620850073,0.008421837287567988,0.9106728603356975,mom0,1,WALLABY_J165724-595238_Norma_Kin_TR1_AvgMod.txt,False,n_outer 3 < 4
J165804-605308,254.513744,-60.883533,1031.9,Norma,False,1,36.2,105.2,False,5,64.33257061825739,56.34318512000277,-0.13241078043187413,0.13241078043187413,0.026981578806972096,0.9910426001830137,mom0,1,WALLABY_J165804-605308_Norma_Kin_TR1_AvgMod.txt,True,pass
J165901-601241,254.759482,-60.213872,1140.9,Norma,False,1,42.1,248.5,False,17,146.51729942842255,143.74338690390084,-0.019113249951774835,0.019113249951774835,0.00723133872653439,0.9277498451655534,mom0,1,WALLABY_J165901-601241_Norma_Kin_TR1_AvgMod.txt,True,pass
J165949-584125,254.958573,-58.690511,4754.1,Norma,False,1,35.3,247.9,False,2,142.94922281024776,28.040780282251113,-1.3440369664866978,1.3440369664866978,0.22103303555661483,0.642105409917591,mom0,1,WALLABY_J165949-584125_Norma_Kin_TR1_AvgMod.txt,False,"sanity ratio 0.642 outside [0.8,1.2]"
J170303-614604,255.761792,-61.767198,2719.2,Norma,False,1,34.8,195.4,False,4,145.739597724514,127.44898703466977,-0.1339046483656514,0.1339046483656514,0.006776257866208003,0.9617726989825869,mom0,1,WALLABY_J170303-614604_Norma_Kin_TR1_AvgMod.txt,True,pass
J170659-620502,256.744578,-62.083333,1500.5,Norma,False,1,82.2,313.7,False,8,132.45566110278725,114.08366605111172,-0.14903906215503743,0.14903906215503743,0.01717197528018539,1.000164176235641,mom0,1,WALLABY_J170659-620502_Norma_Kin_TR1_AvgMod.txt,False,inc 82.2 >= 70
J170747-595059,256.946201,-59.849381,4691.4,Norma,False,1,81.1,270.0,False,2,147.31393336323833,136.6732072867044,-0.07493808383141005,0.07493808383141005,0.059139777741288674,0.979049024514962,mom0,1,WALLABY_J170747-595059_Norma_Kin_TR1_AvgMod.txt,False,inc 81.1 >= 70
J170915-613637,257.31718,-61.610791,4219.1,Norma,False,1,65.2,303.5,False,4,145.9911386283467,138.016302138429,-0.056159348983159586,0.056159348983159586,0.011535391143906611,0.9832235940910395,mom0,1,WALLABY_J170915-613637_Norma_Kin_TR1_AvgMod.txt,True,pass
J171015-615505,257.562411,-61.91736,4825.7,Norma,False,1,45.9,130.5,False,2,128.5108044979048,152.71485769857114,0.17213260704321068,-0.17213260704321068,0.016423301360619154,0.7746203761356496,mom0,1,WALLABY_J171015-615505_Norma_Kin_TR1_AvgMod.txt,False,"sanity ratio 0.775 outside [0.8,1.2]"
J171338-590621,258.411648,-59.105024,3512.4,Norma,False,1,24.3,9.7,False,4,162.2823756040096,123.60375567144789,-0.2705875920598192,0.2705875920598192,0.011873799094083006,0.9190392850288283,mom0,1,WALLABY_J171338-590621_Norma_Kin_TR1_AvgMod.txt,True,pass
J171804-575135,259.527157,-57.859628,1080.6,Norma,False,1,62.5,273.9,False,9,85.70010974015223,87.1312547710946,0.01656117262036943,-0.01656117262036943,0.004806678733310882,0.9810819404583964,mom0,1,WALLABY_J171804-575135_Norma_Kin_TR1_AvgMod.txt,True,pass
J171829-602453,259.623418,-60.411094,5633.0,Norma,False,1,62.8,193.8,False,2,100.35137807360118,87.1320735606449,-0.14101836079640026,0.14101836079640026,0.04702568651436194,0.731294782495477,mom0,1,WALLABY_J171829-602453_Norma_Kin_TR1_AvgMod.txt,False,"sanity ratio 0.731 outside [0.8,1.2]"
J172007-600928,260.032272,-60.156022,4505.6,Norma,False,1,77.3,257.5,False,4,175.70788352063474,192.8378661650741,0.09295987083854636,-0.09295987083854636,0.02966918050283867,0.9615334266027549,mom0,1,WALLABY_J172007-600928_Norma_Kin_TR1_AvgMod.txt,False,inc 77.3 >= 70
