galaxy,pdf_quality,x03,etilde,etilde_lo,etilde_hi
CamB,C,-11.629,0.459,-0.055,0.03
D512-2,P,-11.421,0.106,-0.081,0.117
D564-8,P,-11.987,0.064,-0.025,0.026
D631-7,P,-11.656,-0.089,-0.019,0.017
DDO064,P,-11.113,0.053,-0.079,0.11
DDO154,P,-11.686,0.008,-0.008,0.008
DDO161,P,-11.549,-0.045,-0.01,0.01
DDO168,P,-11.057,-0.212,-0.065,0.053
DDO170,P,-11.545,0.037,-0.017,0.02
ESO079-G014,P,-10.556,-0.031,-0.058,0.057
ESO116-G012,P,-10.999,-0.066,-0.044,0.043
ESO444-G084,P,-11.107,-0.095,-0.035,0.03
ESO563-G021,P,-10.569,-0.032,-0.035,0.033
F563-1,P,-11.698,0.112,-0.052,0.066
F563-V2,A,-11.145,0.179,-0.124,0.152
F565-V2,P,-11.433,-0.016,-0.05,0.047
F568-1,P,-11.014,-0.033,-0.1,0.1
F568-3,P,-11.365,0.238,-0.081,0.104
F568-V1,P,-11.227,0.098,-0.055,0.066
F571-8,A,-11.087,-0.423,-0.047,0.052
F571-V1,P,-11.48,0.206,-0.108,0.134
F574-1,P,-11.17,0.079,-0.042,0.048
F579-V1,C,-11.13,0.425,-0.089,0.054
F583-1,P,-11.392,0.032,-0.051,0.055
F583-4,P,-11.393,0.081,-0.062,0.079
IC2574,P,-11.599,0.072,-0.014,0.016
IC4202,P,-10.37,0.169,-0.048,0.053
KK98-251,P,-11.418,0.269,-0.099,0.125
NGC0024,P,-10.977,-0.004,-0.016,0.017
NGC0055,P,-11.385,0.05,-0.019,0.021
NGC0100,P,-11.304,-0.106,-0.044,0.039
NGC0247,P,-11.096,0.182,-0.046,0.056
NGC0289,P,-11.673,0.118,-0.026,0.031
NGC0300,P,-11.496,-0.009,-0.026,0.026
NGC0801,P,-10.84,0.174,-0.023,0.024
NGC0891,P,-10.407,-0.118,-0.022,0.022
NGC1003,P,-11.64,-0.056,-0.009,0.008
NGC1090,P,-11.006,0.059,-0.023,0.024
NGC2403,P,-11.512,-0.019,-0.005,0.005
NGC2683,P,-11.126,0.086,-0.025,0.028
NGC2841,P,-11.008,-0.028,-0.013,0.013
NGC2903,P,-11.325,0.04,-0.008,0.008
NGC2915,P,-11.655,-0.053,-0.014,0.013
NGC2955,P,-10.505,0.03,-0.05,0.051
NGC2976,B,-10.253,0.38,-0.112,0.083
NGC2998,P,-10.813,0.103,-0.027,0.029
NGC3109,P,-11.535,0.012,-0.01,0.01
NGC3198,P,-11.532,0.055,-0.011,0.012
NGC3521,P,-10.304,-0.116,-0.067,0.061
NGC3726,P,-11.048,-0.002,-0.031,0.031
NGC3741,P,-11.943,-0.016,-0.009,0.009
NGC3769,P,-11.675,0.021,-0.018,0.019
NGC3877,A,-10.2,0.238,-0.155,0.157
NGC3893,P,-10.658,-0.032,-0.049,0.048
NGC3917,P,-10.822,0.111,-0.05,0.057
NGC3949,P,-10.017,-0.024,-0.18,0.216
NGC3953,B,-10.07,0.39,-0.115,0.077
NGC3972,P,-10.55,-0.096,-0.071,0.075
NGC3992,P,-10.731,0.095,-0.028,0.03
NGC4010,P,-10.715,-0.057,-0.05,0.051
NGC4013,P,-11.065,-0.047,-0.016,0.015
NGC4051,B,-10.205,0.335,-0.15,0.114
NGC4068,A,-11.195,0.321,-0.109,0.108
NGC4085,P,-10.175,-0.17,-0.106,0.114
NGC4088,P,-10.621,0.041,-0.047,0.049
NGC4100,P,-10.925,0.087,-0.025,0.026
NGC4138,P,-10.717,0.111,-0.073,0.087
NGC4157,P,-10.88,-0.017,-0.031,0.031
NGC4183,P,-11.314,0.108,-0.03,0.034
NGC4214,P,-11.329,-0.036,-0.036,0.034
NGC4217,P,-10.604,-0.148,-0.046,0.044
NGC4559,P,-11.13,0.028,-0.036,0.038
NGC5005,P,-9.819,-0.121,-0.191,0.243
NGC5033,P,-11.306,0.098,-0.011,0.012
NGC5055,P,-11.416,0.053,-0.004,0.004
NGC5371,P,-10.367,0.249,-0.043,0.042
NGC5585,P,-11.208,-0.083,-0.033,0.032
NGC5907,P,-10.991,0.09,-0.013,0.013
NGC5985,P,-10.685,0.174,-0.03,0.032
NGC6015,P,-10.872,-0.093,-0.026,0.024
NGC6195,P,-10.479,-0.012,-0.036,0.036
NGC6503,P,-11.601,0.008,-0.006,0.006
NGC6674,P,-10.969,-0.016,-0.023,0.02
NGC6789,A,-10.592,-0.268,-0.127,0.124
NGC6946,P,-10.854,0.045,-0.027,0.025
NGC7331,P,-10.758,-0.079,-0.02,0.018
NGC7793,P,-10.944,0.233,-0.057,0.069
NGC7814,P,-10.563,-0.11,-0.02,0.02
UGC00128,P,-11.681,0.016,-0.007,0.007
UGC00191,P,-10.944,0.096,-0.038,0.048
UGC00634,P,-11.179,0.028,-0.029,0.032
UGC00731,P,-11.203,-0.243,-0.056,0.049
UGC00891,P,-11.216,-0.113,-0.028,0.024
UGC01230,C,-11.686,0.404,-0.1,0.069
UGC01281,P,-11.411,0.014,-0.017,0.019
UGC02023,C,-11.154,0.344,-0.178,0.112
UGC02259,P,-11.108,0.198,-0.06,0.081
UGC02487,P,-11.058,0.095,-0.011,0.011
UGC02885,P,-10.968,0.009,-0.025,0.025
UGC02916,P,-10.824,0.258,-0.06,0.074
UGC02953,P,-11.147,-0.006,-0.006,0.006
UGC03205,P,-10.823,0.004,-0.019,0.018
UGC03546,P,-10.772,0.02,-0.023,0.022
UGC03580,P,-11.295,-0.046,-0.012,0.012
UGC04278,P,-10.918,-0.181,-0.047,0.039
UGC04325,B,-10.7,0.34,-0.119,0.105
UGC04483,P,-11.307,0.141,-0.043,0.051
UGC04499,P,-11.197,0.109,-0.069,0.09
UGC05005,P,-11.663,0.133,-0.078,0.106
UGC05253,P,-11.332,0.056,-0.008,0.008
UGC05414,P,-11.015,0.071,-0.09,0.114
UGC05716,P,-11.585,0.087,-0.026,0.031
UGC05721,P,-11.391,0.046,-0.029,0.032
UGC05750,P,-11.405,0.137,-0.059,0.08
UGC05764,A,-11.286,0.36,-0.082,0.085
UGC05829,B,-11.254,0.115,-0.157,0.237
UGC05918,P,-11.569,0.04,-0.062,0.077
UGC05986,P,-11.159,-0.017,-0.037,0.037
UGC05999,B,-11.309,0.093,-0.171,0.241
UGC06399,P,-11.074,-0.004,-0.045,0.049
UGC06446,P,-11.364,0.139,-0.059,0.076
UGC06614,P,-11.009,-0.07,-0.04,0.037
UGC06628,C,-11.25,0.397,-0.129,0.075
UGC06667,P,-11.279,-0.125,-0.027,0.025
UGC06786,P,-11.242,-0.029,-0.013,0.012
UGC06818,P,-11.254,-0.002,-0.035,0.038
UGC06917,P,-10.966,-0.001,-0.044,0.046
UGC06923,P,-10.751,0.035,-0.071,0.083
UGC06930,P,-11.169,0.232,-0.092,0.12
UGC06983,P,-11.198,0.056,-0.035,0.037
UGC07089,P,-11.24,0.094,-0.051,0.063
UGC07125,P,-11.509,0.122,-0.045,0.063
UGC07151,P,-10.861,0.149,-0.049,0.059
UGC07232,P,-10.628,-0.033,-0.087,0.099
UGC07261,B,-11.157,0.242,-0.134,0.153
UGC07323,P,-10.849,0.131,-0.132,0.167
UGC07399,P,-11.089,-0.026,-0.042,0.041
UGC07524,P,-11.216,0.154,-0.045,0.052
UGC07559,P,-11.403,0.204,-0.055,0.073
UGC07577,B,-11.735,0.42,-0.082,0.056
UGC07603,P,-11.259,-0.072,-0.038,0.035
UGC07608,A,-11.489,0.185,-0.128,0.16
UGC07690,P,-10.968,0.224,-0.098,0.126
UGC07866,P,-11.399,0.205,-0.08,0.107
UGC08286,P,-11.135,0.021,-0.014,0.015
UGC08490,P,-11.588,0.035,-0.015,0.015
UGC08550,P,-11.388,0.002,-0.026,0.027
UGC08699,P,-10.863,-0.011,-0.024,0.023
UGC08837,P,-11.286,0.216,-0.049,0.063
UGC09037,P,-11.097,-0.014,-0.037,0.038
UGC09133,P,-11.361,0.042,-0.007,0.007
UGC09992,C,-11.354,0.361,-0.138,0.098
UGC10310,A,-11.125,0.27,-0.136,0.142
UGC11455,P,-10.651,-0.035,-0.028,0.025
UGC11557,C,-10.882,0.36,-0.168,0.101
UGC11820,P,-11.301,-0.015,-0.019,0.019
UGC11914,A,-9.76,-0.448,-0.037,0.057
UGC12506,P,-10.921,0.214,-0.044,0.05
UGC12632,P,-11.405,0.249,-0.085,0.114
UGC12732,P,-11.443,0.124,-0.055,0.077
UGCA442,P,-11.393,-0.051,-0.013,0.012
UGCA444,P,-11.55,0.061,-0.022,0.024
