ugc,alias
"UGC 10359","IRAS F16206+6530"
"UGC 10359","IRAS 16206+6530"
"UGC 10359","ISOSS J16209+6523"
"UGC 10359","LEDA   57886"
"UGC 10359","MCG+11-20-012"
"UGC 10359","NGC  6140"
"UGC 10359","QDOT B1620368+653015"
"UGC 10359","TC 565"
"UGC 10359","UGC 10359"
"UGC 10359","Z 320-25"
"UGC 10359","[SLK2004] 1231"
"UGC 10359","2MASX J16205816+6523259"
"UGC 10359","Z 1620.6+6530"
"UGC 10359","UZC J162058.5+652326"
"UGC 10359","PSCz Q16206+6530"
"UGC 10470","Gaia DR3 1706108658063635328"
"UGC 10470","APG 185"
"UGC 10470","EQ 1634+783"
"UGC 10470","HIJASS J1632+78"
"UGC 10470","IRAS F16350+7817"
"UGC 10470","IRAS 16350+7818"
"UGC 10470","Ka  73"
"UGC 10470","ISOSS J16326+7811"
"UGC 10470","LEDA   58477"
"UGC 10470","MCG+13-12-008"
"UGC 10470","NGC  6217"
"UGC 10470","RIXOS 122-16"
"UGC 10470","RX J163239.0+781152"
"UGC 10470","TC 858"
"UGC 10470","UGC 10470"
"UGC 10470","Z 355-14"
"UGC 10470","[SLK2000]  79"
"UGC 10470","[SLK2004] 1257"
"UGC 10470","2MASX J16323921+7811535"
"UGC 10470","RX J163238.7+781151"
"UGC 10470","Z 1634.9+7818"
"UGC 10470","[M98c] 163505.1+781805"
"UGC 10470","[VV2000c] J163238.6+781152"
"UGC 10470","[VV2003c] J163238.6+781152"
"UGC 10470","[VV2006c] J163238.6+781152"
"UGC 10470","[VV98c] J163238.6+781152"
"UGC 10470","UZC J163239.8+781152"
"UGC 10470","PSCz Q16350+7818"
"UGC 10470","[VV2010c] J163238.6+781152"
"UGC 10470","2XMM J163239.1+781154"
"UGC 10470","Gaia DR2 1706108658063155840"
"UGC 11670","Gaia DR3 1852440049263012992"
"UGC 11670","ALFA ZOA J2103+2954"
"UGC 11670","IRAS 21014+2941"
"UGC 11670","LEDA   66003"
"UGC 11670","MCG+05-49-001"
"UGC 11670","NGC  7013"
"UGC 11670","TC 602"
"UGC 11670","UGC 11670"
"UGC 11670","Z 491-2"
"UGC 11670","[VDD93] 232"
"UGC 11670","2MASX J21033361+2953504"
"UGC 11670","Z 2101.4+2942"
"UGC 11670","[M98c] 210126.1+294151"
"UGC 11670","UZC J210333.5+295351"
"UGC 11670","PSCz P21014+2941"
"UGC 11707","LEDA   66398"
"UGC 11707","MCG+04-50-001"
"UGC 11707","TC 605"
"UGC 11707","UGC 11707"
"UGC 11707","Z 471-1"
"UGC 11707","Z 2112.3+2632"
"UGC 11852","Gaia DR3 1896096948717879168"
"UGC 11852","2MASX J21555930+2753541"
"UGC 11852","LEDA   67658"
"UGC 11852","UGC 11852"
"UGC 11852","Z 493-13"
"UGC 11852","Z 2153.7+2740"
"UGC 11852","UZC J215559.3+275355"
"UGC 11852","[HVG99b] 21537+2740"
"UGC 11861","HIJASS J2155+73"
"UGC 11861","IRAS 21557+7301"
"UGC 11861","IRAS F21557+7301"
"UGC 11861","LEDA   67671"
"UGC 11861","TC 609"
"UGC 11861","UGC 11861"
"UGC 11861","Z 343-3"
"UGC 11861","2MASX J21562414+7315393"
"UGC 11861","Z 2155.7+7301"
"UGC 11861","UZC J215624.2+731539"
"UGC 11861","PSCz P21557+7301"
"UGC 11861","[HVG99b] 21557+7301"
"UGC 11861","SDSS J215624.09+731539.6"
"UGC 11861","SDSS J215624.76+731535.2"
"UGC 11891","IRAS 22014+4330"
"UGC 11891","IRAS 22014+4329"
"UGC 11891","LEDA   67946"
"UGC 11891","MCG+07-45-006"
"UGC 11891","TC 393"
"UGC 11891","UGC 11891"
"UGC 11891","Z 530-4"
"UGC 11891","ZOAG G093.61-09.37"
"UGC 11891","ZW    V 380"
"UGC 11891","[BTW2003] J2203+4345"
"UGC 11891","[HVG99b] 22015+4330"
"UGC 11891","CGPG 2201.5+4330"
"UGC 11891","Z 2201.5+4330"
"UGC 11891","UZC J220333.6+434455"
"UGC 11891","PSCz Q22014+4330"
"UGC 12082","Anon 2231+32"
"UGC 12082","DDO 213"
"UGC 12082","K73  971"
"UGC 12082","LEDA   69173"
"UGC 12082","MCG+05-53-006"
"UGC 12082","TC 399"
"UGC 12082","UGC 12082"
"UGC 12082","Z 495-7"
"UGC 12082","[BTW2003] J2234+3251"
"UGC 12082","[MI94] Sm 110"
"UGC 12082","Z 2231.9+3237"
"UGC 12082","[M98c] 223152.7+323606"
"UGC  1249","2MASXI J0147306+271952"
"UGC  1249","ADBS J014729+2719"
"UGC  1249","IC 1727"
"UGC  1249","IRAS F01446+2704"
"UGC  1249","IRAS 01446+2705"
"UGC  1249","K79  8A"
"UGC  1249","KPG  40a"
"UGC  1249","LEDA    6574"
"UGC  1249","MCG+04-05-009"
"UGC  1249","QDOT B0144385+270533"
"UGC  1249","TC 640"
"UGC  1249","UGC  1249"
"UGC  1249","VV  338a"
"UGC  1249","Z 482-14"
"UGC  1249","[MI94] Sm  11"
"UGC  1249","LCSB L71"
"UGC  1249","2MASX J01472988+2720000"
"UGC  1249","ALFALFA 2-168"
"UGC  1249","Z 0144.6+2705"
"UGC  1249","[GHK2005] HI J014729.9+271958"
"UGC  1249","[M98c] 014441.6+270455"
"UGC  1249","[RS2000]  16"
"UGC  1249","PSCz Q01446+2705"
"UGC  1256","Gaia DR3 298605883268446208"
"UGC  1256","2MFGC 1346"
"UGC  1256","IRAS 01450+2710"
"UGC  1256","IRAS F01450+2710"
"UGC  1256","K79  8B"
"UGC  1256","KPG  40b"
"UGC  1256","LEDA    6595"
"UGC  1256","MCG+04-05-011"
"UGC  1256","NGC   672"
"UGC  1256","UGC  1256"
"UGC  1256","VV  338b"
"UGC  1256","VV  338"
"UGC  1256","Z 0145.0+2711"
"UGC  1256","Z 482-16"
"UGC  1256","[BTW2003] J0147+2723"
"UGC  1256","2MASX J01475452+2725580"
"UGC  1256","2MASXI J0147535+272559"
"UGC  1256","ALFALFA 2-169"
"UGC  1256","[CHM2007] LDC  160 J014754.52+2725580"
"UGC  1256","[GHK2005] HI J014753.9+272555"
"UGC  1256","[M98c] 014504.2+271105"
"UGC  1256","UZC J014754.3+272559"
"UGC  1256","PSCz Q01450+2710"
"UGC  1256","Gaia DR2 298605883268446208"
"UGC 12632","Anon 2327+40"
"UGC 12632","DDO 217"
"UGC 12632","K79 80C"
"UGC 12632","LEDA   71596"
"UGC 12632","MCG+07-48-007"
"UGC 12632","TC 413"
"UGC 12632","UGC 12632"
"UGC 12632","Z 533-8"
"UGC 12632","[BTW2003] J2329+4101"
"UGC 12632","[MI94] Sm 112"
"UGC 12632","Z 2327.6+4043"
"UGC 12732","ADBS J234042+2613"
"UGC 12732","EQ 2338+2557"
"UGC 12732","KPG 589a"
"UGC 12732","LEDA   72087"
"UGC 12732","MAPS-PP E-843-558935"
"UGC 12732","MCG+04-55-042"
"UGC 12732","TC 414"
"UGC 12732","UGC 12732"
"UGC 12732","Z 476-106"
"UGC 12732","[BTW2003] J2340+2615"
"UGC 12732","ALFALFA 2-435"
"UGC 12732","UZC J234039.8+261410"
"UGC 12732","Z 2338.1+2557"
"UGC 12732","[RS2000] 263"
"UGC 12732","[HVG99b] 23381+2557"
"UGC 12754","IRAS F23413+2547"
"UGC 12754","IRAS 23413+2547"
"UGC 12754","ISOSS J23439+2604"
"UGC 12754","KPG 589b"
"UGC 12754","KUG 2341+257"
"UGC 12754","LEDA   72237"
"UGC 12754","MAPS-PP O-843-118757"
"UGC 12754","MCG+04-55-050"
"UGC 12754","NGC  7741"
"UGC 12754","TC 415"
"UGC 12754","UGC 12754"
"UGC 12754","Z 476-125"
"UGC 12754","[SLK2004] 1904"
"UGC 12754","[VDD93] 258"
"UGC 12754","2MASX J23435437+2604320"
"UGC 12754","2MASXI J2343536+260432"
"UGC 12754","ALFALFA 2-444"
"UGC 12754","UZC J234354.3+260432"
"UGC 12754","Z 2341.3+2548"
"UGC 12754","[M98c] 234122.7+254753"
"UGC 12754","PSCz Q23413+2547"
"UGC  1281","2MASXI J0149309+323510"
"UGC  1281","FGC  195"
"UGC  1281","HIJASS J0149+32"
"UGC  1281","LEDA    6699"
"UGC  1281","MCG+05-05-014"
"UGC  1281","RFGC  384"
"UGC  1281","TC  21"
"UGC  1281","UGC  1281"
"UGC  1281","Z 503-26"
"UGC  1281","[BTW2003] J0149+3234"
"UGC  1281","LCSB L74"
"UGC  1281","Z 0146.7+3220"
"UGC  1281","UZC J014932.0+323523"
"UGC  1281","[HVG99b] 01467+3220"
"UGC  1317","[DC78] UGC  1317"
"UGC  1317","TGSSADR J015117.6+222129"
"UGC  1317","NVSS J015117+222127"
"UGC  1317","IRAS F01485+2206"
"UGC  1317","IRAS 01485+2206"
"UGC  1317","LEDA    6848"
"UGC  1317","MCG+04-05-022"
"UGC  1317","NGC   697"
"UGC  1317","UGC  1317"
"UGC  1317","Z 482-27"
"UGC  1317","[BTW2003] J0151+2216"
"UGC  1317","2MASX J01511756+2221286"
"UGC  1317","UZC J015117.4+222128"
"UGC  1317","Z 0148.5+2206"
"UGC  1317","[CHM2007] HDC   94 J015117.56+2221286"
"UGC  1317","[CHM2007] LDC  109 J015117.56+2221286"
"UGC  1317","[M98c] 014830.9+220643"
"UGC  1317","PSCz Q01485+2206"
"UGC  1317","2XMM J015117.4+222137"
"UGC  1317","SDSS J015117.50+222129.4"
"UGC  1317","NGC   674"
"UGC  1501","2MASXI J0201169+285025"
"UGC  1501","IRAS 01584+2836"
"UGC  1501","IRAS F01584+2836"
"UGC  1501","ISOSS J02012+2850"
"UGC  1501","KUG 0158+285"
"UGC  1501","LEDA    7671"
"UGC  1501","MCG+05-05-045"
"UGC  1501","NFGS  20"
"UGC  1501","NGC   784"
"UGC  1501","TC  23"
"UGC  1501","UGC  1501"
"UGC  1501","Z 503-74"
"UGC  1501","[BTW2003] J0201+2850"
"UGC  1501","[MI94] Sm  12"
"UGC  1501","[SLK2004] 266"
"UGC  1501","[VDD93]  14"
"UGC  1501","LCSB L90"
"UGC  1501","2MASX J02011693+2850141"
"UGC  1501","Z 0158.4+2835"
"UGC  1501","[CHM2007] LDC  160 J020116.93+2850141"
"UGC  1501","[M98c] 015824.9+283609"
"UGC  1501","UZC J020117.0+285015"
"UGC  1501","PSCz Q01584+2836"
"UGC  1913","IRAS F02242+3321"
"UGC  1913","IRAS 02243+3321"
"UGC  1913","K73  105"
"UGC  1913","KUG 0224+333"
"UGC  1913","LEDA    9332"
"UGC  1913","MCG+05-06-045"
"UGC  1913","NGC   925"
"UGC  1913","QDOT B0224203+332106"
"UGC  1913","TC 650"
"UGC  1913","UGC  1913"
"UGC  1913","UZC J022717.0+333443"
"UGC  1913","Z 504-85"
"UGC  1913","[BTW2003] J0227+3334"
"UGC  1913","[VDD93]  16"
"UGC  1913","2MASX J02271691+3334439"
"UGC  1913","RX J0227.4+3334"
"UGC  1913","Z 0224.3+3321"
"UGC  1913","[CHM2007] HDC  155 J022716.91+3334439"
"UGC  1913","[CHM2007] LDC  160 J022716.91+3334439"
"UGC  1913","[M98c] 022416.8+332115"
"UGC  1913","PSCz Q02243+3321"
"UGC  1913","[TT2009] 3"
"UGC  2034","Anon 0230+40"
"UGC  2034","DDO  24"
"UGC  2034","LEDA    9759"
"UGC  2034","MCG+07-06-032"
"UGC  2034","TC  36"
"UGC  2034","UGC  2034"
"UGC  2034","Z 539-46"
"UGC  2034","[BTW2003] J0233+4032"
"UGC  2034","[MI94] Im  21"
"UGC  2034","UZC J023342.9+403143"
"UGC  2034","Z 0230.6+4019"
"UGC  2034","[HVG99b] 02306+4019"
"UGC  2034","[TT2009] 9"
"UGC  2080","Gaia DR3 334974257582526336"
"UGC  2080","IC  239"
"UGC  2080","ISOSS J02364+3856"
"UGC  2080","LEDA    9899"
"UGC  2080","MCG+06-06-065"
"UGC  2080","TC 459"
"UGC  2080","UGC  2080"
"UGC  2080","Z 523-71"
"UGC  2080","[BTW2003] J0236+3857"
"UGC  2080","[SLK2004] 322"
"UGC  2080","2MASX J02362783+3858085"
"UGC  2080","[CHM2007] LDC  160 J023627.83+3858085"
"UGC  2080","[CHM2007] HDC  155 J023627.83+3858085"
"UGC  2080","UZC J023627.8+385806"
"UGC  2080","Z 0233.3+3845"
"UGC  2080","[M98c] 023320.4+384510"
"UGC  2080","[TT2009] 8"
"UGC  2080","Gaia DR2 334974257582526336"
"UGC  2455","Gaia DR3 114923364812849024"
"UGC  2455","ADBS J025942+2514"
"UGC  2455","IRAS F02567+2502"
"UGC  2455","IRAS 02567+2502"
"UGC  2455","K73  121"
"UGC  2455","LEDA   11329"
"UGC  2455","MCG+04-08-006"
"UGC  2455","NGC  1156"
"UGC  2455","SPB  37"
"UGC  2455","TC 659"
"UGC  2455","UGC  2455"
"UGC  2455","VV  531"
"UGC  2455","Z 485-6"
"UGC  2455","[MI94] Sm  22"
"UGC  2455","2MASXI J0259426+251417"
"UGC  2455","2MASX J02594283+2514282"
"UGC  2455","Z 0256.8+2503"
"UGC  2455","[CHM2007] LDC  160 J025942.83+2514282"
"UGC  2455","[M98c] 025646.8+250221"
"UGC  2455","ALFALFA 4-539"
"UGC  2455","UZC J025942.8+251427"
"UGC  2455","[RS2000]  40"
"UGC  2455","PSCz P02567+2502"
"UGC  2455","HIPASS J0259+25"
"UGC  2455","AGES J025942+251430"
"UGC  2455","Gaia DR2 114923364812849024"
"UGC  2800","Gaia DR3 543319380196253824"
"UGC  2800","2MASX J03400244+7124210"
"UGC  2800","BK85  9"
"UGC  2800","HIJASS J0339+71"
"UGC  2800","LEDA   13498"
"UGC  2800","MCG+12-04-002"
"UGC  2800","UGC  2800"
"UGC  2800","ZOAG G135.61+12.81"
"UGC  2800","[CHM2007] HDC  248 J034002.44+7124210"
"UGC  2800","[CHM2007] LDC  246 J034002.44+7124210"
"UGC  2800","Gaia DR2 543319380196253824"
"UGC  2855","BWE 0343+6958"
"UGC  2855","NVSS J034818+700759"
"UGC  2855","WB 0343+6958"
"UGC  2855","GB6 B0343+6958"
"UGC  2855","87GB 034312.4+695837"
"UGC  2855","MY 034313.9+695851.1"
"UGC  2855","WN B0343.1+6958"
"UGC  2855","Anon 0343+70"
"UGC  2855","HIJASS J0348+70"
"UGC  2855","IRAS F03432+6958"
"UGC  2855","IRAS 03431+6958"
"UGC  2855","ISOSS J03483+7008"
"UGC  2855","LEDA   13880"
"UGC  2855","MCG+12-04-004"
"UGC  2855","TC  48"
"UGC  2855","UGC  2855"
"UGC  2855","Z 327-6"
"UGC  2855","ZOAG G136.97+12.25"
"UGC  2855","[SLK2004] 401"
"UGC  2855","[VDD93]  35"
"UGC  2855","2MASX J03482073+7007583"
"UGC  2855","[CHM2007] LDC  246 J034820.73+7007583"
"UGC  2855","Z 0343.3+7000"
"UGC  2855","[CHM2007] HDC  248 J034820.73+7007583"
"UGC  2855","[M98c] 034315.7+695846"
"UGC  2855","UZC J034822.6+700757"
"UGC  2855","PSCz P03431+6958"
"UGC  2855","[HVG99b] 03433+7000"
"UGC  2855","MY 034313.9+700804.8"
"UGC  2855","6C 034313+695856"
"UGC  2855","8C 0343+699"
"UGC  2855","[CAB95] IRAS F03432+6958"
"UGC  2953","Gaia DR3 494141661058281344"
"UGC  2953","APG 213"
"UGC  2953","HIJASS J0407+69"
"UGC  2953","IC  356"
"UGC  2953","IRAS 0402+696P02"
"UGC  2953","IRAS 04025+6940"
"UGC  2953","IRAS F04025+6940"
"UGC  2953","LEDA   14508"
"UGC  2953","MCG+12-04-011"
"UGC  2953","TC  51"
"UGC  2953","UGC  2953"
"UGC  2953","Z 327-15"
"UGC  2953","ZOAG G138.46+13.11"
"UGC  2953","2MASX J04074690+6948447"
"UGC  2953","Z 0402.6+6941"
"UGC  2953","[CHM2007] HDC  248 J040746.90+6948447"
"UGC  2953","[CHM2007] LDC  246 J040746.90+6948447"
"UGC  2953","UZC J040746.8+694845"
"UGC  3273","Gaia DR3 266354394021909248"
"UGC  3273","2MASX J05174435+5333048"
"UGC  3273","LEDA   17057"
"UGC  3273","MCG+09-09-001"
"UGC  3273","TC 486"
"UGC  3273","UGC  3273"
"UGC  3273","Z 258-7"
"UGC  3273","Z 0513.7+5330"
"UGC  3273","UZC J051744.5+533257"
"UGC  3273","Gaia DR2 266354394021909248"
"UGC  3371","Anon 0549+75"
"UGC  3371","DDO  39"
"UGC  3371","HIJASS J0556+75"
"UGC  3371","LEDA   18121"
"UGC  3371","MCG+13-05-007a"
"UGC  3371","Mailyan  11"
"UGC  3371","TC  63"
"UGC  3371","UGC  3371"
"UGC  3574","Gaia DR3 1000675496767785472"
"UGC  3574","IRAS F06488+5714"
"UGC  3574","IRAS 06488+5714"
"UGC  3574","KPG 120b"
"UGC  3574","LEDA   19789"
"UGC  3574","MCG+10-10-017"
"UGC  3574","TC  74"
"UGC  3574","UGC  3574"
"UGC  3574","Z 285-10"
"UGC  3574","2MASX J06531045+5710399"
"UGC  3574","Z 0648.9+5715"
"UGC  3574","UZC J065310.6+571039"
"UGC  3574","Gaia DR2 1000675496767785472"
"UGC  3580","Gaia DR3 1109380504844965504"
"UGC  3580","Anon 0650+69"
"UGC  3580","HIJASS J0655+69"
"UGC  3580","IRAS F06500+6937"
"UGC  3580","IRAS 06500+6937"
"UGC  3580","K73  175"
"UGC  3580","KUG 0650+696"
"UGC  3580","LEDA   19867"
"UGC  3580","MCG+12-07-022"
"UGC  3580","QDOT B0650030+693734"
"UGC  3580","TC 497"
"UGC  3580","UGC  3580"
"UGC  3580","Z 0650.0+6939"
"UGC  3580","Z 330-19"
"UGC  3580","[M98c] 065002.0+693741"
"UGC  3580","2MASX J06553087+6933467"
"UGC  3580","UZC J065530.8+693348"
"UGC  3580","PSCz Q06500+6937"
"UGC  3580","Gaia DR2 1109380504844965504"
"UGC  3734","Gaia DR3 977876371543107072"
"UGC  3734","IRAS F07087+4715"
"UGC  3734","K73  180"
"UGC  3734","LEDA   20395"
"UGC  3734","MCG+08-13-103"
"UGC  3734","NGC  2344"
"UGC  3734","NPM1G +47.0086"
"UGC  3734","UGC  3734"
"UGC  3734","Z 234-100"
"UGC  3734","2MASX J07122870+4710004"
"UGC  3734","Z 0708.7+4715"
"UGC  3734","[M98c] 070845.8+471505"
"UGC  3734","[MO2001b] J071228.6+471000.7"
"UGC  3734","UZC J071228.6+471000"
"UGC  3734","Gaia DR2 977876371543107072"
"UGC  3851","DDO  42"
"UGC  3851","IRAS 07233+6917"
"UGC  3851","IRAS F07234+6917"
"UGC  3851","KPG 133b"
"UGC  3851","LEDA   21102"
"UGC  3851","MCG+12-07-040"
"UGC  3851","NGC  2366"
"UGC  3851","SPB  82"
"UGC  3851","TC  87"
"UGC  3851","UGC  3851"
"UGC  3851","Z 330-38"
"UGC  3851","[MI94] Im  39"
"UGC  3851","[VDD93]  63"
"UGC  3851","Z 0723.6+6918"
"UGC  3851","[M98c] 072336.5+691900"
"UGC  3851","UZC J072853.7+691254"
"UGC  3851","PSCz Q07233+6917"
"UGC  4173","LEDA   22783"
"UGC  4173","MCG+13-06-017"
"UGC  4173","TC  99"
"UGC  4173","UGC  4173"
"UGC  4173","Z 0759.0+8015"
"UGC  4173","Z 349-16"
"UGC  4278","SDSS J081358.89+454430.5"
"UGC  4278","2MFGC 6519"
"UGC  4278","SHOC 192"
"UGC  4278","2MASXI J0813589+454434"
"UGC  4278","FGC  730"
"UGC  4278","IC 2233"
"UGC  4278","IRAS F08104+4553"
"UGC  4278","LEDA   23071"
"UGC  4278","MCG+08-15-052"
"UGC  4278","RFGC 1340"
"UGC  4278","TC 702"
"UGC  4278","UGC  4278"
"UGC  4278","Z 236-36"
"UGC  4278","LCSB L334"
"UGC  4278","2MASX J08135890+4544317"
"UGC  4278","SDSS J081358.76+454441.8"
"UGC  4278","Z 0810.4+4554"
"UGC  4278","[M98c] 081027.6+455350"
"UGC  4278","UZC J081358.9+454434"
"UGC  4278","SDSS J081358.82+454443.6"
"UGC  4278","EON 123.495+45.742"
"UGC  4284","Gaia DR3 931602423960439936"
"UGC  4284","IRAS F08109+4912"
"UGC  4284","IRAS 08110+4912"
"UGC  4284","LEDA   23110"
"UGC  4284","MCG+08-15-054"
"UGC  4284","NGC  2541"
"UGC  4284","UGC  4284"
"UGC  4284","Z 0811.0+4913"
"UGC  4284","Z 236-37"
"UGC  4284","2MASX J08144007+4903411"
"UGC  4284","[CHM2007] HDC  471 J081440.07+4903411"
"UGC  4284","[CHM2007] LDC  558 J081440.07+4903411"
"UGC  4284","[M98c] 081101.9+491253"
"UGC  4284","UZC J081440.0+490342"
"UGC  4284","PSCz Q08110+4912"
"UGC  4284","SDSS J081440.12+490342.1"
"UGC  4284","Gaia DR2 931602423960439936"
"UGC  4458","SDSS J083211.32+223338.1"
"UGC  4458","Gaia DR3 665859775019964288"
"UGC  4458","IRAS 08292+2243"
"UGC  4458","2MASX J08321129+2233380"
"UGC  4458","ADBS J083209+2233"
"UGC  4458","FBQS J0832+2233"
"UGC  4458","KUG 0829+227A"
"UGC  4458","LEDA   23941"
"UGC  4458","MCG+04-20-067"
"UGC  4458","Mrk  389"
"UGC  4458","NGC  2599"
"UGC  4458","UGC  4458"
"UGC  4458","Z 119-122"
"UGC  4458","FIRST J083211.3+223338"
"UGC  4458","Z 0829.2+2244"
"UGC  4458","[CHM2007] HDC  488 J083211.29+2233380"
"UGC  4458","[CHM2007] LDC  571 J083211.29+2233380"
"UGC  4458","[M98c] 082915.4+224400"
"UGC  4458","UZC J083211.3+223338"
"UGC  4458","[RS2000]  98"
"UGC  4458","PSCz Q08292+2243"
"UGC  4458","SDSS J083211.32+223338.0"
"UGC  4458","MaNGA 1-384808"
"UGC  4458","MaNGA 9494-6104"
"UGC  4543","Gaia DR3 917511289102240896"
"UGC  4543","IRAS F08399+4554"
"UGC  4543","LEDA   24493"
"UGC  4543","TC 507"
"UGC  4543","UGC  4543"
"UGC  4543","Z 237-13"
"UGC  4543","Z 0839.9+4555"
"UGC  4543","UZC J084321.4+454411"
"UGC  4543","SDSS J084321.84+454409.6"
"UGC  4543","SDSS J084321.84+454409.5"
"UGC  4543","SDSS J084321.48+454409.4"
"UGC  4543","Gaia DR2 917511289102240896"
"UGC  4838","IRAS F09089+4509"
"UGC  4838","IRAS 09089+4509"
"UGC  4838","K73  314"
"UGC  4838","KUG 0908+451"
"UGC  4838","LEDA   25946"
"UGC  4838","MCG+08-17-056"
"UGC  4838","NGC  2776"
"UGC  4838","UGC  4838"
"UGC  4838","Z 0909.0+4510"
"UGC  4838","Z 238-20"
"UGC  4838","2MASX J09121453+4457176"
"UGC  4838","UZC J091214.5+445719"
"UGC  4838","PSCz Q09089+4509"
"UGC  4838","SDSS J091214.51+445717.4"
"UGC  4838","SDSS J091214.52+445717.4"
"UGC  4838","ECO 3209"
"UGC  5079","GLEAM J093210+213014"
"UGC  5079","WISE J093210.11+213004.6"
"UGC  5079","[HSN2016] J143.04+21.50"
"UGC  5079","NVSS J093210+213010"
"UGC  5079","WB 0929+2142"
"UGC  5079","GB6 B0929+2143"
"UGC  5079","87GB 092918.6+214304"
"UGC  5079","1ES 0929+21.6"
"UGC  5079","2E  2151"
"UGC  5079","IRAS 09293+2143"
"UGC  5079","IRAS F09293+2143"
"UGC  5079","K73  347"
"UGC  5079","LEDA   27077"
"UGC  5079","MCG+04-23-009"
"UGC  5079","NGC  2903"
"UGC  5079","NGC  2905"
"UGC  5079","TC 515"
"UGC  5079","UGC  5079"
"UGC  5079","Z 122-14"
"UGC  5079","[THJ2003] HRI 3"
"UGC  5079","[THJ2003] PSPC 11"
"UGC  5079","[VDD93]  93"
"UGC  5079","2MASX J09321011+2130029"
"UGC  5079","1RXS J093210.2+212947"
"UGC  5079","2E 0929.3+2143"
"UGC  5079","Z 0929.4+2144"
"UGC  5079","[M98c] 092919.9+214319"
"UGC  5079","UZC J093209.9+213007"
"UGC  5079","PSCz Q09293+2143"
"UGC  5079","HIPASS J0932+21"
"UGC  5079","Cul 0929+217"
"UGC  5079","MITG J093211+2129"
"UGC  5079","[CAB95] IRAS F09293+2143"
"UGC  5079","[DC78] UGC  5079"
"UGC  5079","[NKB95] N2903"
"UGC  5079","SDSS J093210.11+212959.0"
"UGC  5251","2MFGC 7598"
"UGC  5251","CASG  291"
"UGC  5251","IRAS F09456+3339"
"UGC  5251","IRAS 09456+3339"
"UGC  5251","K79 26A"
"UGC  5251","KUG 0945+336"
"UGC  5251","LEDA   28186"
"UGC  5251","LJHY   7"
"UGC  5251","MCG+06-22-013"
"UGC  5251","NGC  3003"
"UGC  5251","TC 122"
"UGC  5251","UGC  5251"
"UGC  5251","Z 182-21"
"UGC  5251","2MASX J09483604+3325173"
"UGC  5251","UZC J094835.7+332517"
"UGC  5251","Z 0945.6+3339"
"UGC  5251","[CHM2007] LDC  676 J094836.04+3325173"
"UGC  5251","[M98c] 094533.8+333905"
"UGC  5251","PSCz Q09456+3339"
"UGC  5251","SDSS J094835.75+332517.5"
"UGC  5251","MaNGA 1-585731"
"UGC  5251","SDSS J094835.58+332517.7"
"UGC  5251","MaNGA 8150-6103"
"UGC  5253","EQ 0945+725"
"UGC  5253","HIJASS J0950+72"
"UGC  5253","IRAS 09459+7230"
"UGC  5253","IRAS F09458+7230"
"UGC  5253","LEDA   28316"
"UGC  5253","MCG+12-10-006"
"UGC  5253","NGC  2985"
"UGC  5253","RX J095022+72162"
"UGC  5253","UGC  5253"
"UGC  5253","Z 332-67"
"UGC  5253","Z 333-4"
"UGC  5253","2MASX J09502223+7216431"
"UGC  5253","[VV2003c] J095022.1+721645"
"UGC  5253","1RXS J095023.9+721624"
"UGC  5253","Z 0945.8+7231"
"UGC  5253","[M98c] 094552.6+723045"
"UGC  5253","[VV2000c] J095022.1+721645"
"UGC  5253","[VV2006c] J095022.1+721645"
"UGC  5253","[VV98c] J095016.4+721700"
"UGC  5253","UZC J095021.8+721648"
"UGC  5253","PSCz Q09459+7230"
"UGC  5253","[VV2010c] J095022.1+721645"
"UGC  5532","[OKM2018] SWIFT J1017.8+7340"
"UGC  5532","6C 101241+733905"
"UGC  5532","7C 101239.60+733900.00"
"UGC  5532","TGSSADR J101654.3+732357"
"UGC  5532","Gaia DR3 1078032981660206080"
"UGC  5532","SRGE J101653.5+732404"
"UGC  5532","WISE J101653.72+732402.7"
"UGC  5532","[HSN2016] J154.22+73.40"
"UGC  5532","2MASX J10165363+7324023"
"UGC  5532","1AXG J101648+7323"
"UGC  5532","BWE 1012+7339"
"UGC  5532","GB6 B1012+7339"
"UGC  5532","HIJASS J1017+73"
"UGC  5532","IRAS 10126+7339"
"UGC  5532","IRAS F10126+7338"
"UGC  5532","LEDA   30019"
"UGC  5532","MCG+12-10-025"
"UGC  5532","NGC  3147"
"UGC  5532","NVSS J101653+732403"
"UGC  5532","RBS   848"
"UGC  5532","RX J101654+73239"
"UGC  5532","UGC  5532"
"UGC  5532","Z 333-22"
"UGC  5532","[RW2000] NGC  3147 X-1"
"UGC  5532","[VDD93] 108"
"UGC  5532","[CHM2007] LDC  719 J101653.63+7324023"
"UGC  5532","[CHM2007] HDC  573 J101653.63+7324023"
"UGC  5532","1RXS J101655.5+732359"
"UGC  5532","87GB 101242.2+733904"
"UGC  5532","MY 101237.3+733839.4"
"UGC  5532","RX J1016.9+7323"
"UGC  5532","WN B1012.6+7339"
"UGC  5532","Z 1012.7+7338"
"UGC  5532","[M98c] 101239.3+733902"
"UGC  5532","[VV2000c] J101653.2+732402"
"UGC  5532","[VV2003c] J101653.2+732402"
"UGC  5532","[VV2006c] J101653.2+732402"
"UGC  5532","[VV98c] J101653.6+732403"
"UGC  5532","[ZEH2003] RX J1016.9+7323  1"
"UGC  5532","UZC J101653.5+732402"
"UGC  5532","PSCz Q10126+7339"
"UGC  5532","[VV2010c] J101653.2+732402"
"UGC  5532","MY 101237.3+732341.3"
"UGC  5532","RGB J1016+734"
"UGC  5532","[CAB95] IRAS F10126+7338"
"UGC  5532","[NKB95] N3147"
"UGC  5685","[HSN2016] J157.33+29.49"
"UGC  5685","GSC 01976-00453"
"UGC  5685","IRAS F10265+2944"
"UGC  5685","IRAS 10265+2944"
"UGC  5685","LEDA   30895"
"UGC  5685","MCG+05-25-018"
"UGC  5685","NGC  3254"
"UGC  5685","UGC  5685"
"UGC  5685","Z 154-20"
"UGC  5685","[BGF2001] cs  455"
"UGC  5685","2MASX J10291992+2929291"
"UGC  5685","UZC J102919.9+292931"
"UGC  5685","Z 1026.5+2945"
"UGC  5685","[CHM2007] HDC  585 J102919.92+2929291"
"UGC  5685","[CHM2007] LDC  734 J102919.92+2929291"
"UGC  5685","[VV2003c] J102919.9+292930"
"UGC  5685","[VV2006c] J102919.9+292930"
"UGC  5685","[WTK2001] J102920.18+292932.3"
"UGC  5685","[BEC2010] HRS   8"
"UGC  5685","[VV2010c] J102919.9+292930"
"UGC  5685","SDSS J102919.94+292930.5"
"UGC  5717","Gaia DR3 1053483086036211840"
"UGC  5717","WISE J103234.85+650228.1"
"UGC  5717","[HSN2016] J158.14+65.04"
"UGC  5717","LEDA   31145"
"UGC  5717","[FK2002] 117a"
"UGC  5717","[PVK2003] 158.14522 +65.04109"
"UGC  5717","HIJASS J1032+65"
"UGC  5717","IRAS 10291+6517"
"UGC  5717","IRAS F10290+6517"
"UGC  5717","MCG+11-13-027"
"UGC  5717","NGC  3259"
"UGC  5717","RX J103234+65024"
"UGC  5717","UGC  5717"
"UGC  5717","Z 1029.0+6519"
"UGC  5717","Z 313-21"
"UGC  5717","2MASX J10323481+6502277"
"UGC  5717","SDSS J103234.85+650227.9"
"UGC  5717","UZC J103234.8+650228"
"UGC  5717","[VV2006c] J103234.9+650227"
"UGC  5717","SDSS J103234.86+650227.9"
"UGC  5717","PSCz Q10291+6517"
"UGC  5717","[VV2010c] J103234.9+650227"
"UGC  5717","2XMMi J103234.6+650228"
"UGC  5717","Gaia DR2 1053483086036211840"
"UGC  5717","QSO J1032+6502"
"UGC  5717","1RXS J103233.8+650235"
"UGC  5717","NSAID v0 158462"
"UGC  5721","Gaia DR3 728306061174288000"
"UGC  5721","2MASXI J1032167+274010"
"UGC  5721","BTS  19"
"UGC  5721","IRAS 10294+2755"
"UGC  5721","IRAS F10295+2755"
"UGC  5721","LEDA   31122"
"UGC  5721","MCG+05-25-020"
"UGC  5721","NGC  3274"
"UGC  5721","SPB 143"
"UGC  5721","UGC  5721"
"UGC  5721","Was  13"
"UGC  5721","Z 154-24"
"UGC  5721","LCSB L419"
"UGC  5721","2MASX J10321728+2740075"
"UGC  5721","Z 1029.5+2756"
"UGC  5721","[CHM2007] HDC  595 J103217.28+2740075"
"UGC  5721","[CHM2007] LDC  743 J103217.28+2740075"
"UGC  5721","[M98c] 102929.5+275540"
"UGC  5721","UZC J103217.1+274007"
"UGC  5721","PSCz Q10294+2755"
"UGC  5721","SDSS J103217.22+274007.7"
"UGC  5721","Gaia DR2 728306061173370368"
"UGC  5789","2MFGC 8284"
"UGC  5789","IRAS 10361+4156"
"UGC  5789","K73  428"
"UGC  5789","KUG 1036+419"
"UGC  5789","LEDA   31671"
"UGC  5789","MCG+07-22-036"
"UGC  5789","NGC  3319"
"UGC  5789","TC 723"
"UGC  5789","UGC  5789"
"UGC  5789","Z 212-33"
"UGC  5789","[VDD93] 116"
"UGC  5789","SDSS J103909.46+414112.0"
"UGC  5789","2MASX J10390953+4141127"
"UGC  5789","Z 1036.2+4157"
"UGC  5789","[CHM2007] LDC  743 J103909.53+4141127"
"UGC  5789","[M98c] 103615.2+415656"
"UGC  5789","UZC J103909.5+414114"
"UGC  5789","2XMM J103909.4+414112"
"UGC  5789","SDSS J103909.45+414112.0"
"UGC  5829","DDO  84"
"UGC  5829","K73  434"
"UGC  5829","KUG 1039+347B"
"UGC  5829","LEDA   31923"
"UGC  5829","MCG+06-24-006"
"UGC  5829","NAME Spider"
"UGC  5829","TC 143"
"UGC  5829","UGC  5829"
"UGC  5829","VV  794"
"UGC  5829","Z 184-6"
"UGC  5829","[MI94] Im  73"
"UGC  5829","Z 1039.8+3443"
"UGC  5829","[M98c] 103955.1+344313"
"UGC  5829","UZC J104242.4+342650"
"UGC  5829","SDSS J104242.78+342657.3"
"UGC  5918","Anon 1046+65"
"UGC  5918","BKK  3"
"UGC  5918","DDO  87"
"UGC  5918","HIJASS J1049+65"
"UGC  5918","K68  72"
"UGC  5918","LEDA   32405"
"UGC  5918","MCG+11-13-039"
"UGC  5918","TC 146"
"UGC  5918","UGC  5918"
"UGC  5918","ZW  VII 347"
"UGC  5918","[B93] 31"
"UGC  5918","[MI94] Im  75"
"UGC  5918","[VDD93] 123"
"UGC  5918","CGPG 1046.5+6547"
"UGC  5918","SDSS J104936.41+653201.0"
"UGC  5997","HIJASS J1053+73"
"UGC  5997","IRAS F10502+7357"
"UGC  5997","IRAS 10502+7357"
"UGC  5997","K73  449"
"UGC  5997","LEDA   32719"
"UGC  5997","MCG+12-10-089"
"UGC  5997","NGC  3403"
"UGC  5997","UGC  5997"
"UGC  5997","Z 1050.0+7357"
"UGC  5997","Z 333-62"
"UGC  5997","Z 334-4"
"UGC  5997","2MASX J10535485+7341253"
"UGC  5997","[CHM2007] LDC  751 J105354.85+7341253"
"UGC  5997","UZC J105355.1+734124"
"UGC  5997","PSCz Q10502+7357"
"UGC  6225","ILT J111134.75+554042.2"
"UGC  6225","[HSN2016] J167.87+55.67"
"UGC  6225","2MFGC 8733"
"UGC  6225","AAVSO 1105+56"
"UGC  6225","IRAS 11085+5556"
"UGC  6225","IRAS F11085+5556"
"UGC  6225","ISOSS J11116+5540"
"UGC  6225","K73  469"
"UGC  6225","LEDA   34030"
"UGC  6225","LJHY   8"
"UGC  6225","M 108"
"UGC  6225","MCG+09-18-098"
"UGC  6225","NGC  3556"
"UGC  6225","TC E17"
"UGC  6225","TC 917"
"UGC  6225","UGC  6225"
"UGC  6225","Z 268-1"
"UGC  6225","Z 267-48"
"UGC  6225","[SLK2004] 604"
"UGC  6225","[VDD93] 128"
"UGC  6225","2MASX J11113096+5540268"
"UGC  6225","Z 1108.5+5556"
"UGC  6225","[CHM2007] LDC  867 J111130.96+5540268"
"UGC  6225","[M98c] 110836.8+555633"
"UGC  6225","UZC J111131.2+554025"
"UGC  6225","PSCz Q11085+5556"
"UGC  6225","SDSS J111131.06+554027.4"
"UGC  6225","BWE 1108+5556"
"UGC  6225","GB6 B1108+5556"
"UGC  6225","NVSS J111130+554027"
"UGC  6225","WB 1108+5556"
"UGC  6225","87GB 110837.4+555624"
"UGC  6225","WN B1108.6+5556"
"UGC  6225","6C 110835+555638"
"UGC  6225","7C 110836.79+555641.00"
"UGC  6225","[CAB95] IRAS F11085+5556"
"UGC  6225","[NKB95] N3556"
"UGC  6225","SDSS J111130.83+554027.5"
"UGC   625","IC   65"
"UGC   625","IRAS 00580+4724"
"UGC   625","IRAS F00580+4724"
"UGC   625","LEDA    3635"
"UGC   625","MCG+08-03-005"
"UGC   625","UGC   625"
"UGC   625","Z 0058.0+4725"
"UGC   625","Z 551-4"
"UGC   625","2MASX J01005543+4740551"
"UGC   625","[M98c] 005803.2+472443"
"UGC   625","UZC J010055.6+474055"
"UGC   625","PSCz Q00580+4724"
"UGC  6446","Gaia DR3 839868523882652032"
"UGC  6446","LEDA   35202"
"UGC  6446","MCG+09-19-079"
"UGC  6446","NFGS  84"
"UGC  6446","UGC  6446"
"UGC  6446","Z 268-36"
"UGC  6446","Z 1123.8+5401"
"UGC  6446","UZC J112640.2+534450"
"UGC  6446","SDSS J112640.45+534448.0"
"UGC  6446","Gaia DR2 839868523882652032"
"UGC  6537","Gaia DR3 785583156624578432"
"UGC  6537","IRAS 11306+4718"
"UGC  6537","KHG 1-C  3"
"UGC  6537","LEDA   35676"
"UGC  6537","MCG+08-21-051"
"UGC  6537","NGC  3726"
"UGC  6537","TC 738"
"UGC  6537","UGC  6537"
"UGC  6537","Z 242-45"
"UGC  6537","[H92] 22"
"UGC  6537","2MASX J11332117+4701447"
"UGC  6537","Z 1130.6+4718"
"UGC  6537","[CHM2007] HDC  706 J113321.17+4701447"
"UGC  6537","[CHM2007] LDC  867 J113321.17+4701447"
"UGC  6537","[M98c] 113038.3+471813"
"UGC  6537","UZC J113321.2+470145"
"UGC  6537","PSCz Q11306+4718"
"UGC  6537","SDSS J113320.36+470131.1"
"UGC  6537","Gaia DR2 785583156624578432"
"UGC  6787","LAMOST J114915.29+560503.1"
"UGC  6787","WISE J114915.28+560504.5"
"UGC  6787","[HSN2016] J177.31+56.08"
"UGC  6787","Z 268-88"
"UGC  6787","EQ 1146+563"
"UGC  6787","IRAS F11465+5621"
"UGC  6787","LEDA   36921"
"UGC  6787","MCG+09-19-204"
"UGC  6787","NGC  3898"
"UGC  6787","UGC  6787"
"UGC  6787","Z 269-2"
"UGC  6787","[FTC95] ACO 1377   1"
"UGC  6787","2MASX J11491536+5605036"
"UGC  6787","Z 1146.5+5620"
"UGC  6787","[CHM2007] HDC  706 J114915.36+5605036"
"UGC  6787","[CHM2007] LDC  867 J114915.36+5605036"
"UGC  6787","[M98c] 114636.3+562142"
"UGC  6787","UZC J114915.1+560505"
"UGC  6787","[BEC2010] HRS  69"
"UGC  6787","SDSS J114915.24+560504.2"
"UGC  6937","Gaia DR3 792531417276332544"
"UGC  6937","EQ 1155+536"
"UGC  6937","IRAS 11549+5339"
"UGC  6937","IRAS 11550+5339"
"UGC  6937","LEDA   37617"
"UGC  6937","M 109"
"UGC  6937","MCG+09-20-044"
"UGC  6937","NGC  3992"
"UGC  6937","TC 755"
"UGC  6937","TC E19"
"UGC  6937","UGC  6937"
"UGC  6937","Z 1155.0+5339"
"UGC  6937","Z 269-23"
"UGC  6937","[M98c] 115501.0+533913"
"UGC  6937","2MASX J11573598+5322282"
"UGC  6937","[CHM2007] HDC  706 J115735.98+5322282"
"UGC  6937","[CHM2007] LDC  867 J115735.98+5322282"
"UGC  6937","UZC J115736.0+532229"
"UGC  6937","PSCz Q11549+5339"
"UGC  6937","SDSS J115735.97+532228.9"
"UGC  7081","TGSSADR J120532.5+503231"
"UGC  7081","VLSSr J120535.6+503237"
"UGC  7081","Gaia DR3 1546896694305480832"
"UGC  7081","WISE J120534.29+503221.7"
"UGC  7081","[HSN2016] J181.39+50.53"
"UGC  7081","BWE 1203+5049"
"UGC  7081","GB6 B1203+5049"
"UGC  7081","NVSS J120535+503231"
"UGC  7081","WB 1203+5049"
"UGC  7081","WN B1203.0+5049B"
"UGC  7081","WN B1203.0+5049"
"UGC  7081","87GB 120301.3+504912"
"UGC  7081","MY 120300.7+504903.3"
"UGC  7081","APG  18"
"UGC  7081","IRAS F12030+5049"
"UGC  7081","IRAS 12030+5049"
"UGC  7081","ISOSS J12055+5032"
"UGC  7081","LEDA   38302"
"UGC  7081","MCG+09-20-089"
"UGC  7081","NGC  4088"
"UGC  7081","TC 763"
"UGC  7081","UGC  7081"
"UGC  7081","VV  357"
"UGC  7081","Z 1203.0+5050"
"UGC  7081","Z 269-33"
"UGC  7081","[KR2001] G16"
"UGC  7081","[SLK2000]  39"
"UGC  7081","[SLK2004] 655"
"UGC  7081","[VDD93] 145"
"UGC  7081","2MASX J12053418+5032205"
"UGC  7081","JCMTSE J120534.2+503220"
"UGC  7081","JCMTSF J120534.2+503220"
"UGC  7081","[CHM2007] HDC  706 J120534.18+5032205"
"UGC  7081","[CHM2007] LDC  867 J120534.18+5032205"
"UGC  7081","[M98c] 120303.1+504913"
"UGC  7081","UZC J120534.1+503223"
"UGC  7081","PSCz Q12030+5049"
"UGC  7081","SDSS J120534.21+503221.8"
"UGC  7081","6C 120302+504913"
"UGC  7081","6C 120302+504925"
"UGC  7081","7C 120302.60+504916.00"
"UGC  7081","[CAB95] IRAS F12030+5049"
"UGC  7081","[NKB95] N4088"
"UGC  7081","SDSS J120536.34+503237.1"
"UGC  7081","Gaia DR2 1546896694300411776"
"UGC  7090","2MFGC 9507"
"UGC  7090","EQ 1203+477"
"UGC  7090","IRAS F12034+4745"
"UGC  7090","LEDA   38361"
"UGC  7090","MCG+08-22-067"
"UGC  7090","NGC  4096"
"UGC  7090","UGC  7090"
"UGC  7090","UZC J120601.0+472841"
"UGC  7090","Z 243-43"
"UGC  7090","2MASX J12060116+4728420"
"UGC  7090","Z 1203.4+4745"
"UGC  7090","[CHM2007] HDC  706 J120601.16+4728420"
"UGC  7090","[CHM2007] LDC  867 J120601.16+4728420"
"UGC  7090","[M98c] 120328.7+474513"
"UGC  7090","SDSS J120601.14+472842.5"
"UGC  7090","SDSS J120601.13+472842.3"
"UGC  7095","2MFGC 9510"
"UGC  7095","IRAS F12035+4951"
"UGC  7095","IRAS 12036+4951"
"UGC  7095","LEDA   38370"
"UGC  7095","MCG+08-22-068"
"UGC  7095","NGC  4100"
"UGC  7095","UGC  7095"
"UGC  7095","Z 243-44"
"UGC  7095","2MASX J12060860+4934563"
"UGC  7095","Z 1203.6+4952"
"UGC  7095","[CHM2007] HDC  706 J120608.60+4934563"
"UGC  7095","[CHM2007] LDC  867 J120608.60+4934563"
"UGC  7095","UZC J120608.4+493459"
"UGC  7095","PSCz Q12036+4951"
"UGC  7095","[BEC2010] HRS  85"
"UGC  7095","SDSS J120608.45+493457.7"
"UGC  7151","2MFGC 9564"
"UGC  7151","IRAS F12074+4644"
"UGC  7151","IRAS 12074+4644"
"UGC  7151","ISOSS J12099+4627"
"UGC  7151","LEDA   38688"
"UGC  7151","MCG+08-22-077"
"UGC  7151","NGC  4144"
"UGC  7151","UGC  7151"
"UGC  7151","Z 243-48"
"UGC  7151","[SLK2004] 660"
"UGC  7151","2MASX J12095860+4627258"
"UGC  7151","UZC J120959.3+462728"
"UGC  7151","Z 1207.4+4643"
"UGC  7151","[CHM2007] LDC  867 J120958.60+4627258"
"UGC  7151","[CHM2007] HDC  706 J120958.60+4627258"
"UGC  7151","[M98c] 120728.3+464407"
"UGC  7151","PSCz Q12074+4644"
"UGC  7151","SDSS J120958.41+462726.6"
"UGC  7256","LAMOST J121505.03+331150.3"
"UGC  7256","Gaia DR3 4016484949423693056"
"UGC  7256","[VVG88] 3"
"UGC  7256","2E  2626"
"UGC  7256","FIRST J121505.0+331150"
"UGC  7256","IRAS F12125+3328"
"UGC  7256","IRAS 12125+3328"
"UGC  7256","LEDA   39158"
"UGC  7256","MCG+06-27-040"
"UGC  7256","NGC  4203"
"UGC  7256","NVSS J121505+331152"
"UGC  7256","QDOT B1212328+332837"
"UGC  7256","RBS  1084"
"UGC  7256","RX J1215.0+3311"
"UGC  7256","RX J121505+33115"
"UGC  7256","TYC 2527-2134-1"
"UGC  7256","UGC  7256"
"UGC  7256","Z 187-29"
"UGC  7256","[ATZ98] D084"
"UGC  7256","[KVB99] 13"
"UGC  7256","[VV2000c] J121505.0+331150"
"UGC  7256","[VV2003c] J121505.0+331150"
"UGC  7256","[VV2006c] J121505.0+331150"
"UGC  7256","[VV98c] J121505.0+331149"
"UGC  7256","2MASX J12150502+3311500"
"UGC  7256","1ES 1212+33.4"
"UGC  7256","1RXS J121506.7+331129"
"UGC  7256","2E 1212.5+3328"
"UGC  7256","RX J1215.1+3311"
"UGC  7256","Z 1212.5+3328"
"UGC  7256","[CHM2007] LDC  867 J121505.02+3311500"
"UGC  7256","[M98c] 121234.1+332833"
"UGC  7256","[ZEH2003] RX J1215.1+3311  1"
"UGC  7256","UZC J121505.0+331152"
"UGC  7256","PSCz Q12125+3328"
"UGC  7256","[BEC2010] HRS  93"
"UGC  7256","[VV2010c] J121505.0+331150"
"UGC  7256","[DC78] UGC  7256"
"UGC  7256","CLASS J121505.0468+331150.430"
"UGC  7256","SDSS J121504.98+331143.1"
"UGC  7256","Gaia DR2 4016484949423693056"
"UGC   731","Anon 0107+49"
"UGC   731","DDO   9"
"UGC   731","LEDA    4202"
"UGC   731","UGC   731"
"UGC   731","[BTW2003] J0110+4934"
"UGC   731","[MI94] Im  10"
"UGC  7321","2MFGC 9681"
"UGC  7321","2MASXI J1217346+223226"
"UGC  7321","FGC 1403"
"UGC  7321","HIJASS J1217+22"
"UGC  7321","IRAS F12150+2248"
"UGC  7321","K73  524"
"UGC  7321","KUG 1215+228"
"UGC  7321","LEDA   39432"
"UGC  7321","MCG+04-29-060"
"UGC  7321","RFGC 2246"
"UGC  7321","UGC  7321"
"UGC  7321","Z 1215.0+2250"
"UGC  7321","Z 128-70"
"UGC  7321","LCSB L504"
"UGC  7321","2MASX J12173402+2232233"
"UGC  7321","CAIRNS J121733.80+223226.0"
"UGC  7321","[M98c] 121502.3+224901"
"UGC  7321","UZC J121733.8+223226"
"UGC  7321","HIPASS J1217+22"
"UGC  7321","SDSS J121733.99+223224.6"
"UGC  7321","SDSS J121734.00+223224.5"
"UGC  7321","EVCC 283"
"UGC  7321","EON 184.392+22.540"
"UGC  7323","Gaia DR3 1539003403404045440"
"UGC  7323","2MASX J12173687+4753209"
"UGC  7323","BTS 111"
"UGC  7323","LEDA   39423"
"UGC  7323","MCG+08-22-098"
"UGC  7323","NGC  4242"
"UGC  7323","UGC  7323"
"UGC  7323","Z 1215.0+4553"
"UGC  7323","Z 243-61"
"UGC  7323","UZC J121730.1+453709"
"UGC  7323","[M98c] 121501.3+455400"
"UGC  7323","SDSS J121730.17+453709.4"
"UGC  7323","[KOV2009] 56"
"UGC  7323","Gaia DR2 1539003403404045440"
"UGC  7353","WN B1216.4+4735"
"UGC  7353","WN B1216.4+4735B"
"UGC  7353","NVSS J121855+471847"
"UGC  7353","VLSSr J121855.7+471836"
"UGC  7353","[ZEH2003] RX J1219.0+4717  1"
"UGC  7353","[KRL2007b] 111"
"UGC  7353","B3 1216+475"
"UGC  7353","GB1 1216+476"
"UGC  7353","LEDA   39600"
"UGC  7353","M 106"
"UGC  7353","MCG+08-22-104"
"UGC  7353","NGC  4258"
"UGC  7353","OHIO N 427"
"UGC  7353","RX J1219.0+4717"
"UGC  7353","UGC  7353"
"UGC  7353","VV  448"
"UGC  7353","XSS J12190+4715"
"UGC  7353","Z 243-67"
"UGC  7353","Z 244-3"
"UGC  7353","[CPF88] 121629.0+473500.0"
"UGC  7353","[VDD93] 154"
"UGC  7353","2MASX J12185761+4718133"
"UGC  7353","1RXP J121856.4+471755"
"UGC  7353","1RXS J121900.4+471747"
"UGC  7353","RX J1218.9+4718"
"UGC  7353","SAX J1219.7+4721"
"UGC  7353","UZC J121857.7+471820"
"UGC  7353","Z 1216.5+4735"
"UGC  7353","[CHM2007] HDC  706 J121857.61+4718133"
"UGC  7353","[CHM2007] LDC  867 J121857.61+4718133"
"UGC  7353","[M98c] 121629.7+473455"
"UGC  7353","[VV2000c] J121857.5+471814"
"UGC  7353","[VV2003c] J121857.5+471814"
"UGC  7353","[VV2006c] J121857.5+471814"
"UGC  7353","[VV98c] J121857.5+471814"
"UGC  7353","PBC J1218.9+4718"
"UGC  7353","SWIFT J1219.4+4720"
"UGC  7353","SWIFT J1219.0+4715"
"UGC  7353","[VV2010c] J121857.5+471814"
"UGC  7353","[BAG2012] 184.7378+47.2874"
"UGC  7353","SDSS J121857.50+471814.3"
"UGC  7353","2XMM J121857.5+471814"
"UGC  7353","87GB 121625.0+473537"
"UGC  7353","GB6 B1216+4735"
"UGC  7353","MY 121625.0+471813.7"
"UGC  7353","WB 1216+4735"
"UGC  7353","7C 121620.39+473545.00"
"UGC  7353","7C 121626.19+473526.00"
"UGC  7353","7C 121635.39+473404.00"
"UGC  7353","VLSS J1218.9+4718"
"UGC  7353","[NKB95] N4258"
"UGC  7353","SWIFT J1218.9+4717"
"UGC  7524","MaNGA 1-405438"
"UGC  7524","MaNGA 12483-9102"
"UGC  7524","WISE J122548.88+333248.8"
"UGC  7524","Gaia DR3 4016037658643693696"
"UGC  7524","[HSN2016] J186.45+33.54"
"UGC  7524","[KRL2007b] 115"
"UGC  7524","BTS 135"
"UGC  7524","INTREF   495"
"UGC  7524","KUG 1223+338"
"UGC  7524","LEDA   40596"
"UGC  7524","LJHY 102"
"UGC  7524","MCG+06-27-053"
"UGC  7524","NGC  4395"
"UGC  7524","UGC  7524"
"UGC  7524","Z 187-42"
"UGC  7524","[CC2002] NGC 4395  99"
"UGC  7524","[KVB99] 18"
"UGC  7524","[KVC2005]  11"
"UGC  7524","[LLJ2000] NGC  4395 X1"
"UGC  7524","[MI94] Sm  77"
"UGC  7524","[VDD93] 158"
"UGC  7524","2MASX J12254892+3332482"
"UGC  7524","UZC J122549.0+333251"
"UGC  7524","SWIFT J1202.5+3332"
"UGC  7524","CAIRNS J122548.92+333248.4"
"UGC  7524","Z 1223.4+3349"
"UGC  7524","[CHM2007] HDC  706 J122548.92+3332482"
"UGC  7524","[CHM2007] LDC  867 J122548.92+3332482"
"UGC  7524","[M98c] 122320.9+334922"
"UGC  7524","[VV2000c] J122548.9+333248"
"UGC  7524","[VV2003c] J122548.9+333248"
"UGC  7524","[VV2006c] J122548.9+333248"
"UGC  7524","[VV98c] J122548.9+333249"
"UGC  7524","[MFH99] A"
"UGC  7524","PBC J1225.7+3331"
"UGC  7524","SWIFT J1225.8+3330"
"UGC  7524","[VV2010c] J122548.9+333248"
"UGC  7524","2XMM J122548.8+333249"
"UGC  7524","SDSS J122548.86+333248.7"
"UGC  7524","[KOV2009] 14"
"UGC  7524","[RGG2013] 21"
"UGC  7524","SWIFT J1225.7+3331"
"UGC  7524","Gaia DR2 4016037658643693696"
"UGC  7524","QSO J1225+3332"
"UGC  7524","NSAID v0  89394"
"UGC  7524","SRGE J122548.6+333247"
"UGC  7603","Gaia DR3 3953002279065621760"
"UGC  7603","HIJASS J1228+22"
"UGC  7603","IRAS F12262+2305"
"UGC  7603","IRAS 12262+2305"
"UGC  7603","ISOSS J12287+2249"
"UGC  7603","KUG 1226+231"
"UGC  7603","Ka 390"
"UGC  7603","LEDA   41066"
"UGC  7603","MCG+04-30-001"
"UGC  7603","NGC  4455"
"UGC  7603","UGC  7603"
"UGC  7603","Was  57"
"UGC  7603","Z 129-2"
"UGC  7603","[DSB94] 127"
"UGC  7603","[SLK2004] 711"
"UGC  7603","[YOF95] 164"
"UGC  7603","CAIRNS J122844.10+224921.0"
"UGC  7603","Z 1226.2+2306"
"UGC  7603","UZC J122844.1+224921"
"UGC  7603","HIPASS J1228+22"
"UGC  7603","SDSS J122844.11+224913.5"
"UGC  7603","EVCC 711"
"UGC  7603","Gaia DR2 3953002279065621760"
"UGC  7766","Gaia DR3 4010503129426426368"
"UGC  7766","ADBS J123546+2801"
"UGC  7766","IRAS F12334+2814"
"UGC  7766","IRAS 12334+2814"
"UGC  7766","LEDA   42002"
"UGC  7766","LJHY 105"
"UGC  7766","MCG+05-30-030"
"UGC  7766","NGC  4559"
"UGC  7766","UGC  7766"
"UGC  7766","Z 159-24"
"UGC  7766","[KK90] 101"
"UGC  7766","[VDD93] 164"
"UGC  7766","2MASX J12355768+2757351"
"UGC  7766","CAIRNS J123557.75+275736.1"
"UGC  7766","UZC J123557.8+275736"
"UGC  7766","Z 1233.4+2814"
"UGC  7766","[CHM2007] HDC  706 J123557.68+2757351"
"UGC  7766","[CHM2007] LDC  867 J123557.68+2757351"
"UGC  7766","[M98c] 123328.9+281423"
"UGC  7766","[RS2000] 188"
"UGC  7766","PSCz Q12334+2814"
"UGC  7766","SDSS J123557.64+275735.9"
"UGC  7766","Gaia DR2 4010503129426426368"
"UGC  7989","Gaia DR3 3958073639009608704"
"UGC  7989","ADBS J125029+2530"
"UGC  7989","IRAS 12480+2547"
"UGC  7989","KUG 1247+257B"
"UGC  7989","LEDA   43451"
"UGC  7989","MCG+04-30-022"
"UGC  7989","NGC  4725"
"UGC  7989","TC 250"
"UGC  7989","UGC  7989"
"UGC  7989","Z 129-27"
"UGC  7989","Z 1248.0+2546"
"UGC  7989","[DFO95]  87"
"UGC  7989","[DSB94]  29"
"UGC  7989","[VDD93] 172"
"UGC  7989","2MASX J12502661+2530027"
"UGC  7989","1RXS J125027.2+253007"
"UGC  7989","CAIRNS J125026.60+253005.8"
"UGC  7989","RX J1250.4+2530"
"UGC  7989","UZC J125026.5+253001"
"UGC  7989","[CHM2007] HDC  706 J125026.61+2530027"
"UGC  7989","[CHM2007] LDC  867 J125026.61+2530027"
"UGC  7989","[M98c] 124759.9+254620"
"UGC  7989","[VV2003c] J125026.6+253006"
"UGC  7989","[VV2006c] J125026.6+253006"
"UGC  7989","[RS2000] 196"
"UGC  7989","PSCz Q12480+2547"
"UGC  7989","[BEC2010] HRS 263"
"UGC  7989","[VV2010c] J125026.6+253006"
"UGC  7989","2XMM J125026.6+253003"
"UGC  7989","SDSS J125026.57+253002.7"
"UGC  7989","Gaia DR2 3958073639009608704"
"UGC  8863","Gaia DR3 1509207703443157376"
"UGC  8863","IRAS F13542+4728"
"UGC  8863","IRAS 13542+4729"
"UGC  8863","IRAS 13543+4728"
"UGC  8863","K73  604"
"UGC  8863","LEDA   49563"
"UGC  8863","MCG+08-25-052"
"UGC  8863","NGC  5377"
"UGC  8863","UGC  8863"
"UGC  8863","Z 246-27"
"UGC  8863","[M98c] 135418.0+472855"
"UGC  8863","2MASX J13561666+4714080"
"UGC  8863","Z 1354.3+4729"
"UGC  8863","[CHM2007] LDC 1043 J135616.66+4714080"
"UGC  8863","UZC J135616.7+471408"
"UGC  8863","PSCz Q13542+4729"
"UGC  8863","[VV2010c] J135616.7+471408"
"UGC  8863","SDSS J135616.66+471408.5"
"UGC  8863","SDSS J135616.67+471408.5"
"UGC  8863","Gaia DR2 1509207703443157376"
"UGC  9133","Gaia DR3 1479409976257999872"
"UGC  9133","SRGE J141607.9+352036"
"UGC  9133","IRAS 14140+3534"
"UGC  9133","IRAS F14140+3534"
"UGC  9133","ISOSS J14160+3520"
"UGC  9133","LEDA   50973"
"UGC  9133","MCG+06-31-089"
"UGC  9133","NGC  5533"
"UGC  9133","QDOT B1414002+353426"
"UGC  9133","UGC  9133"
"UGC  9133","Z 1414.0+3534"
"UGC  9133","Z 191-72"
"UGC  9133","[SLK2000]  66"
"UGC  9133","[SLK2004] 978"
"UGC  9133","2MASX J14160771+3520373"
"UGC  9133","FIRST J141607.7+352037"
"UGC  9133","[M98c] 141400.3+353435"
"UGC  9133","UZC J141607.7+352038"
"UGC  9133","PSCz Q14140+3534"
"UGC  9133","ECO 4618"
"UGC  9133","Gaia DR2 1479409976258003712"
"UGC  9211","Gaia DR3 1506477341195120256"
"UGC  9211","DDO 189"
"UGC  9211","LEDA   51358"
"UGC  9211","MCG+08-26-029"
"UGC  9211","UGC  9211"
"UGC  9211","Z 247-23"
"UGC  9211","Z 1420.6+4537"
"UGC  9211","SDSS J142232.16+452301.8"
"UGC  9211","Gaia DR2 1506477341195120256"
"UGC  9649","IRAS F14576+7152"
"UGC  9649","IRAS 14575+7152"
"UGC  9649","K73  656"
"UGC  9649","Ka 409"
"UGC  9649","LEDA   53469"
"UGC  9649","MCG+12-14-015"
"UGC  9649","NGC  5832"
"UGC  9649","UGC  9649"
"UGC  9649","Z 337-25"
"UGC  9649","2MASXI J1457457+714056"
"UGC  9649","Z 1457.6+7153"
"UGC  9649","[M98c] 145733.6+715251"
"UGC  9649","UZC J145745.8+714051"
"UGC  9858","Gaia DR3 1389008405100288384"
"UGC  9858","2MFGC 12465"
"UGC  9858","EQ 1524+4044"
"UGC  9858","IRAS 15248+4044"
"UGC  9858","IRAS F15248+4044"
"UGC  9858","ISOSS J15265+4033"
"UGC  9858","LEDA   55104"
"UGC  9858","MCG+07-32-010"
"UGC  9858","UGC  9858"
"UGC  9858","VV  427"
"UGC  9858","Z 222-10"
"UGC  9858","[SLK2004] 1130"
"UGC  9858","2MASX J15264148+4033518"
"UGC  9858","UZC J152641.5+403352"
"UGC  9858","Z 1524.8+4044"
"UGC  9858","PSCz Q15248+4044"
"UGC  9858","SDSS J152641.47+403352.4"
"UGC  9858","ECO 4959"
